ts,robot_id,field,state,battery_pct,nitrogen_applied_l,distance_m
2026-06-14T00:00:00Z,MR-01,North 40,applying,93.0,1.03,87
2026-06-14T00:00:00Z,MR-02,North 40,applying,54.5,0.99,83
2026-06-14T00:00:00Z,MR-03,Creekside,applying,83.7,0.94,89
2026-06-14T00:00:00Z,MR-04,Creekside,applying,56.7,1.33,93
2026-06-14T00:00:00Z,MR-05,Home Quarter,applying,63.2,0.85,100
2026-06-14T00:00:00Z,MR-06,Home Quarter,applying,90.8,0.86,97
2026-06-14T00:05:00Z,MR-01,North 40,applying,92.4,0.81,92
2026-06-14T00:05:00Z,MR-02,North 40,applying,53.9,1.05,82
2026-06-14T00:05:00Z,MR-03,Creekside,applying,83.1,0.96,92
2026-06-14T00:05:00Z,MR-04,Creekside,applying,56.1,0.94,83
2026-06-14T00:05:00Z,MR-05,Home Quarter,applying,62.6,0.99,92
2026-06-14T00:05:00Z,MR-06,Home Quarter,applying,90.2,0.94,96
2026-06-14T00:10:00Z,MR-01,North 40,applying,91.9,0.79,90
2026-06-14T00:10:00Z,MR-02,North 40,driving,53.4,0.00,174
2026-06-14T00:10:00Z,MR-03,Creekside,applying,82.6,0.78,90
2026-06-14T00:10:00Z,MR-04,Creekside,applying,55.5,1.32,87
2026-06-14T00:10:00Z,MR-05,Home Quarter,applying,62.0,1.02,95
2026-06-14T00:10:00Z,MR-06,Home Quarter,driving,89.7,0.00,172
2026-06-14T00:15:00Z,MR-01,North 40,applying,91.3,0.92,93
2026-06-14T00:15:00Z,MR-02,North 40,applying,52.8,1.14,89
2026-06-14T00:15:00Z,MR-03,Creekside,applying,82.0,0.88,95
2026-06-14T00:15:00Z,MR-04,Creekside,applying,54.9,0.93,87
2026-06-14T00:15:00Z,MR-05,Home Quarter,applying,61.4,1.11,96
2026-06-14T00:15:00Z,MR-06,Home Quarter,applying,89.1,0.98,84
2026-06-14T00:20:00Z,MR-01,North 40,applying,90.6,0.86,91
2026-06-14T00:20:00Z,MR-02,North 40,applying,52.3,1.03,82
2026-06-14T00:20:00Z,MR-03,Creekside,applying,81.5,0.80,83
2026-06-14T00:20:00Z,MR-04,Creekside,driving,54.5,0.00,166
2026-06-14T00:20:00Z,MR-05,Home Quarter,applying,60.9,1.16,93
2026-06-14T00:20:00Z,MR-06,Home Quarter,applying,88.6,0.85,94
2026-06-14T00:25:00Z,MR-01,North 40,driving,90.1,0.00,168
2026-06-14T00:25:00Z,MR-02,North 40,driving,51.8,0.00,167
2026-06-14T00:25:00Z,MR-03,Creekside,applying,80.9,0.70,94
2026-06-14T00:25:00Z,MR-04,Creekside,applying,53.8,1.20,89
2026-06-14T00:25:00Z,MR-05,Home Quarter,applying,60.3,0.86,94
2026-06-14T00:25:00Z,MR-06,Home Quarter,applying,88.0,1.03,97
2026-06-14T00:30:00Z,MR-01,North 40,applying,89.4,0.94,93
2026-06-14T00:30:00Z,MR-02,North 40,applying,51.3,0.95,88
2026-06-14T00:30:00Z,MR-03,Creekside,applying,80.4,0.99,100
2026-06-14T00:30:00Z,MR-04,Creekside,applying,53.1,,90
2026-06-14T00:30:00Z,MR-05,Home Quarter,applying,59.7,0.93,86
2026-06-14T00:30:00Z,MR-06,Home Quarter,applying,87.3,0.76,83
2026-06-14T00:35:00Z,MR-01,North 40,applying,88.9,0.84,96
2026-06-14T00:35:00Z,MR-02,North 40,applying,50.6,0.83,84
2026-06-14T00:35:00Z,MR-03,Creekside,applying,79.8,0.88,81
2026-06-14T00:35:00Z,MR-04,Creekside,applying,52.5,1.22,88
2026-06-14T00:35:00Z,MR-05,Home Quarter,applying,59.2,1.11,93
2026-06-14T00:35:00Z,MR-06,Home Quarter,applying,86.7,0.94,94
2026-06-14T00:40:00Z,MR-01,North 40,applying,88.3,0.94,80
2026-06-14T00:40:00Z,MR-02,North 40,applying,49.9,0.81,86
2026-06-14T00:40:00Z,MR-03,Creekside,applying,79.3,0.89,94
2026-06-14T00:40:00Z,MR-04,Creekside,driving,52.1,0.00,155
2026-06-14T00:40:00Z,MR-05,Home Quarter,applying,58.7,0.81,85
2026-06-14T00:40:00Z,MR-06,Home Quarter,applying,86.1,0.95,99
2026-06-14T00:45:00Z,MR-01,North 40,applying,87.7,0.96,95
2026-06-14T00:45:00Z,MR-02,North 40,applying,49.3,0.96,88
2026-06-14T00:45:00Z,MR-03,Creekside,applying,78.7,0.84,86
2026-06-14T00:45:00Z,MR-04,Creekside,applying,51.5,0.97,91
2026-06-14T00:45:00Z,MR-05,Home Quarter,applying,58.0,0.98,92
2026-06-14T00:45:00Z,MR-06,Home Quarter,applying,85.5,0.76,81
2026-06-14T00:50:00Z,MR-01,North 40,applying,87.1,0.94,81
2026-06-14T00:50:00Z,MR-02,North 40,driving,48.8,0.00,199
2026-06-14T00:50:00Z,MR-03,Creekside,applying,78.1,0.77,89
2026-06-14T00:50:00Z,MR-04,Creekside,applying,50.9,1.09,81
2026-06-14T00:50:00Z,MR-05,Home Quarter,applying,57.4,0.90,88
2026-06-14T00:50:00Z,MR-06,Home Quarter,applying,84.8,0.73,81
2026-06-14T00:55:00Z,MR-01,North 40,applying,86.5,1.01,100
2026-06-14T00:55:00Z,MR-02,North 40,applying,48.1,1.06,82
2026-06-14T00:55:00Z,MR-03,Creekside,applying,77.6,0.77,93
2026-06-14T00:55:00Z,MR-04,Creekside,applying,50.4,1.15,83
2026-06-14T00:55:00Z,MR-05,Home Quarter,applying,56.7,0.82,82
2026-06-14T00:55:00Z,MR-06,Home Quarter,driving,84.4,0.00,198
2026-06-14T01:00:00Z,MR-01,North 40,applying,86.0,1.02,90
2026-06-14T01:00:00Z,MR-02,North 40,applying,47.6,0.92,93
2026-06-14T01:00:00Z,MR-03,Creekside,applying,77.0,0.76,86
2026-06-14T01:00:00Z,MR-04,Creekside,applying,49.7,1.29,93
2026-06-14T01:00:00Z,MR-05,Home Quarter,driving,56.4,0.00,184
2026-06-14T01:00:00Z,MR-06,Home Quarter,driving,83.9,0.00,206
2026-06-14T01:05:00Z,MR-01,North 40,applying,85.3,1.04,86
2026-06-14T01:05:00Z,MR-02,North 40,driving,47.2,0.00,167
2026-06-14T01:05:00Z,MR-03,Creekside,applying,76.5,0.80,82
2026-06-14T01:05:00Z,MR-04,Creekside,applying,49.0,1.16,90
2026-06-14T01:05:00Z,MR-05,Home Quarter,applying,55.7,1.14,80
2026-06-14T01:05:00Z,MR-06,Home Quarter,applying,83.4,0.95,99
2026-06-14T01:10:00Z,MR-01,North 40,driving,85.0,0.00,207
2026-06-14T01:10:00Z,MR-02,North 40,applying,46.7,1.12,92
2026-06-14T01:10:00Z,MR-03,Creekside,applying,76.0,0.89,100
2026-06-14T01:10:00Z,MR-04,Creekside,applying,48.5,1.11,99
2026-06-14T01:10:00Z,MR-05,Home Quarter,applying,55.2,0.95,94
2026-06-14T01:10:00Z,MR-06,Home Quarter,applying,82.7,0.99,84
2026-06-14T01:15:00Z,MR-01,North 40,applying,84.5,0.97,98
2026-06-14T01:15:00Z,MR-02,North 40,applying,46.1,1.06,86
2026-06-14T01:15:00Z,MR-03,Creekside,driving,75.6,0.00,201
2026-06-14T01:15:00Z,MR-04,Creekside,applying,47.9,1.07,100
2026-06-14T01:15:00Z,MR-05,Home Quarter,applying,54.6,1.02,92
2026-06-14T01:15:00Z,MR-06,Home Quarter,applying,82.2,0.87,98
2026-06-14T01:20:00Z,MR-01,North 40,driving,84.1,0.00,207
2026-06-14T01:20:00Z,MR-02,North 40,applying,45.5,1.13,95
2026-06-14T01:20:00Z,MR-03,Creekside,applying,75.0,0.87,98
2026-06-14T01:20:00Z,MR-04,Creekside,driving,47.5,0.00,180
2026-06-14T01:20:00Z,MR-05,Home Quarter,applying,53.9,0.98,87
2026-06-14T01:20:00Z,MR-06,Home Quarter,applying,81.6,0.78,87
2026-06-14T01:25:00Z,MR-01,North 40,applying,83.4,0.96,92
2026-06-14T01:25:00Z,MR-02,North 40,applying,44.9,0.94,91
2026-06-14T01:25:00Z,MR-03,Creekside,applying,74.4,0.81,86
2026-06-14T01:25:00Z,MR-04,Creekside,driving,47.0,0.00,203
2026-06-14T01:25:00Z,MR-05,Home Quarter,applying,53.2,0.97,93
2026-06-14T01:25:00Z,MR-06,Home Quarter,applying,81.1,0.84,94
2026-06-14T01:30:00Z,MR-01,North 40,applying,82.8,1.00,89
2026-06-14T01:30:00Z,MR-02,North 40,applying,44.2,1.10,81
2026-06-14T01:30:00Z,MR-03,Creekside,applying,73.7,0.95,83
2026-06-14T01:30:00Z,MR-04,Creekside,applying,46.4,1.32,82
2026-06-14T01:30:00Z,MR-05,Home Quarter,driving,52.8,0.00,172
2026-06-14T01:30:00Z,MR-06,Home Quarter,applying,80.6,0.72,98
2026-06-14T01:35:00Z,MR-01,North 40,applying,82.3,0.83,94
2026-06-14T01:35:00Z,MR-02,North 40,applying,43.7,0.86,83
2026-06-14T01:35:00Z,MR-03,Creekside,applying,73.2,0.70,92
2026-06-14T01:35:00Z,MR-04,Creekside,applying,45.9,1.01,96
2026-06-14T01:35:00Z,MR-05,Home Quarter,applying,52.2,1.07,96
2026-06-14T01:35:00Z,MR-06,Home Quarter,applying,80.1,0.76,95
2026-06-14T01:40:00Z,MR-01,North 40,applying,81.6,0.77,92
2026-06-14T01:40:00Z,MR-02,North 40,applying,43.0,0.91,92
2026-06-14T01:40:00Z,MR-03,Creekside,applying,72.6,0.68,83
2026-06-14T01:40:00Z,MR-04,Creekside,applying,45.3,1.28,97
2026-06-14T01:40:00Z,MR-05,Home Quarter,driving,51.9,0.00,161
2026-06-14T01:40:00Z,MR-06,Home Quarter,applying,79.5,0.92,87
2026-06-14T01:45:00Z,MR-01,North 40,applying,81.1,0.74,81
2026-06-14T01:45:00Z,MR-02,North 40,applying,42.3,0.95,82
2026-06-14T01:45:00Z,MR-03,Creekside,applying,72.0,0.97,93
2026-06-14T01:45:00Z,MR-04,Creekside,applying,44.7,1.28,86
2026-06-14T01:45:00Z,MR-05,Home Quarter,applying,51.2,0.80,99
2026-06-14T01:45:00Z,MR-06,Home Quarter,applying,78.9,0.75,83
2026-06-14T01:50:00Z,MR-01,North 40,driving,80.6,0.00,181
2026-06-14T01:50:00Z,MR-02,North 40,applying,41.7,0.80,98
2026-06-14T01:50:00Z,MR-03,Creekside,applying,71.4,0.91,90
2026-06-14T01:50:00Z,MR-04,Creekside,applying,44.1,1.18,82
2026-06-14T01:50:00Z,MR-05,Home Quarter,applying,50.6,0.92,91
2026-06-14T01:50:00Z,MR-06,Home Quarter,driving,78.5,0.00,155
2026-06-14T01:55:00Z,MR-01,North 40,applying,80.1,1.06,81
2026-06-14T01:55:00Z,MR-02,North 40,applying,41.1,0.76,83
2026-06-14T01:55:00Z,MR-03,Creekside,applying,70.8,0.75,95
2026-06-14T01:55:00Z,MR-04,Creekside,applying,43.6,1.38,97
2026-06-14T01:55:00Z,MR-05,Home Quarter,applying,50.0,1.17,95
2026-06-14T01:55:00Z,MR-06,Home Quarter,applying,78.0,0.97,92
2026-06-14T02:00:00Z,MR-01,North 40,applying,79.5,1.02,89
2026-06-14T02:00:00Z,MR-02,North 40,driving,40.7,0.00,158
2026-06-14T02:00:00Z,MR-03,Creekside,applying,70.3,0.96,90
2026-06-14T02:00:00Z,MR-04,Creekside,applying,43.0,1.35,84
2026-06-14T02:00:00Z,MR-05,Home Quarter,applying,49.3,1.07,95
2026-06-14T02:00:00Z,MR-06,Home Quarter,applying,77.3,0.74,90
2026-06-14T02:05:00Z,MR-01,North 40,applying,78.8,0.74,87
2026-06-14T02:05:00Z,MR-02,North 40,applying,40.1,0.88,86
2026-06-14T02:05:00Z,MR-03,Creekside,driving,69.9,0.00,196
2026-06-14T02:05:00Z,MR-04,Creekside,applying,42.4,1.17,82
2026-06-14T02:05:00Z,MR-05,Home Quarter,applying,48.7,0.91,84
2026-06-14T02:05:00Z,MR-06,Home Quarter,applying,76.7,0.98,89
2026-06-14T02:10:00Z,MR-01,North 40,applying,78.3,0.91,83
2026-06-14T02:10:00Z,MR-02,North 40,driving,39.6,0.00,159
2026-06-14T02:10:00Z,MR-03,Creekside,applying,69.3,0.97,97
2026-06-14T02:10:00Z,MR-04,Creekside,applying,41.8,1.32,95
2026-06-14T02:10:00Z,MR-05,Home Quarter,driving,48.4,0.00,184
2026-06-14T02:10:00Z,MR-06,Home Quarter,applying,76.1,0.71,98
2026-06-14T02:15:00Z,MR-01,North 40,applying,77.7,0.90,89
2026-06-14T02:15:00Z,MR-02,North 40,applying,39.0,1.06,83
2026-06-14T02:15:00Z,MR-03,Creekside,applying,68.8,0.96,81
2026-06-14T02:15:00Z,MR-04,Creekside,applying,41.1,1.16,95
2026-06-14T02:15:00Z,MR-05,Home Quarter,applying,47.7,1.08,87
2026-06-14T02:15:00Z,MR-06,Home Quarter,applying,75.4,0.92,96
2026-06-14T02:20:00Z,MR-01,North 40,applying,77.0,0.82,89
2026-06-14T02:20:00Z,MR-02,North 40,applying,38.3,0.96,94
2026-06-14T02:20:00Z,MR-03,Creekside,applying,68.2,0.90,90
2026-06-14T02:20:00Z,MR-04,Creekside,applying,40.6,1.06,86
2026-06-14T02:20:00Z,MR-05,Home Quarter,applying,47.2,0.84,91
2026-06-14T02:20:00Z,MR-06,Home Quarter,applying,74.8,1.03,85
2026-06-14T02:25:00Z,MR-01,North 40,applying,76.4,0.84,98
2026-06-14T02:25:00Z,MR-02,North 40,applying,37.7,1.02,83
2026-06-14T02:25:00Z,MR-03,Creekside,applying,67.6,0.79,93
2026-06-14T02:25:00Z,MR-04,Creekside,applying,39.9,1.25,87
2026-06-14T02:25:00Z,MR-05,Home Quarter,applying,46.6,0.87,87
2026-06-14T02:25:00Z,MR-06,Home Quarter,driving,74.4,0.00,205
2026-06-14T02:30:00Z,MR-01,North 40,applying,75.7,0.90,83
2026-06-14T02:30:00Z,MR-02,North 40,driving,37.4,0.00,201
2026-06-14T02:30:00Z,MR-03,Creekside,applying,67.0,0.79,99
2026-06-14T02:30:00Z,MR-04,Creekside,driving,39.4,0.00,184
2026-06-14T02:30:00Z,MR-05,Home Quarter,applying,46.0,1.09,95
2026-06-14T02:30:00Z,MR-06,Home Quarter,applying,73.9,0.85,82
2026-06-14T02:35:00Z,MR-01,North 40,applying,75.1,0.75,81
2026-06-14T02:35:00Z,MR-02,North 40,applying,36.8,1.11,99
2026-06-14T02:35:00Z,MR-03,Creekside,applying,66.4,0.96,91
2026-06-14T02:35:00Z,MR-04,Creekside,applying,38.8,1.38,99
2026-06-14T02:35:00Z,MR-05,Home Quarter,applying,45.4,0.85,92
2026-06-14T02:35:00Z,MR-06,Home Quarter,applying,73.4,0.92,92
2026-06-14T02:40:00Z,MR-01,North 40,applying,74.5,1.07,93
2026-06-14T02:40:00Z,MR-02,North 40,applying,36.3,1.10,90
2026-06-14T02:40:00Z,MR-03,Creekside,applying,65.9,0.73,95
2026-06-14T02:40:00Z,MR-04,Creekside,applying,38.3,0.96,84
2026-06-14T02:40:00Z,MR-05,Home Quarter,applying,44.7,1.16,85
2026-06-14T02:40:00Z,MR-06,Home Quarter,driving,73.1,0.00,190
2026-06-14T02:45:00Z,MR-01,North 40,driving,74.1,0.00,156
2026-06-14T02:45:00Z,MR-02,North 40,applying,35.7,0.83,92
2026-06-14T02:45:00Z,MR-03,Creekside,applying,65.2,0.69,89
2026-06-14T02:45:00Z,MR-04,Creekside,applying,37.7,1.12,94
2026-06-14T02:45:00Z,MR-05,Home Quarter,applying,44.0,1.16,92
2026-06-14T02:45:00Z,MR-06,Home Quarter,applying,72.5,0.71,81
2026-06-14T02:50:00Z,MR-01,North 40,applying,73.5,0.96,81
2026-06-14T02:50:00Z,MR-02,North 40,applying,35.1,0.93,82
2026-06-14T02:50:00Z,MR-03,Creekside,applying,64.6,0.88,87
2026-06-14T02:50:00Z,MR-04,Creekside,applying,37.1,1.10,95
2026-06-14T02:50:00Z,MR-05,Home Quarter,applying,43.4,1.06,81
2026-06-14T02:50:00Z,MR-06,Home Quarter,driving,72.0,0.00,163
2026-06-14T02:55:00Z,MR-01,North 40,applying,72.9,0.92,81
2026-06-14T02:55:00Z,MR-02,North 40,applying,34.4,0.93,84
2026-06-14T02:55:00Z,MR-03,Creekside,driving,64.3,0.00,153
2026-06-14T02:55:00Z,MR-04,Creekside,applying,36.6,1.01,92
2026-06-14T02:55:00Z,MR-05,Home Quarter,applying,42.8,1.10,90
2026-06-14T02:55:00Z,MR-06,Home Quarter,applying,71.4,0.89,91
2026-06-14T03:00:00Z,MR-01,North 40,applying,72.4,1.08,95
2026-06-14T03:00:00Z,MR-02,North 40,driving,34.0,0.00,156
2026-06-14T03:00:00Z,MR-03,Creekside,applying,63.6,0.81,85
2026-06-14T03:00:00Z,MR-04,Creekside,applying,35.9,1.37,84
2026-06-14T03:00:00Z,MR-05,Home Quarter,applying,42.2,1.16,92
2026-06-14T03:00:00Z,MR-06,Home Quarter,applying,70.8,0.83,95
2026-06-14T03:05:00Z,MR-01,North 40,applying,71.8,1.02,89
2026-06-14T03:05:00Z,MR-02,North 40,driving,33.5,0.00,188
2026-06-14T03:05:00Z,MR-03,Creekside,applying,63.0,0.80,99
2026-06-14T03:05:00Z,MR-04,Creekside,applying,35.4,0.95,85
2026-06-14T03:05:00Z,MR-05,Home Quarter,driving,41.8,0.00,161
2026-06-14T03:05:00Z,MR-06,Home Quarter,applying,70.2,0.94,93
2026-06-14T03:10:00Z,MR-01,North 40,applying,71.1,0.89,82
2026-06-14T03:10:00Z,MR-02,North 40,applying,32.8,0.78,86
2026-06-14T03:10:00Z,MR-03,Creekside,driving,62.5,0.00,203
2026-06-14T03:10:00Z,MR-04,Creekside,applying,34.8,1.24,85
2026-06-14T03:10:00Z,MR-05,Home Quarter,applying,41.2,1.19,87
2026-06-14T03:10:00Z,MR-06,Home Quarter,applying,69.6,0.82,89
2026-06-14T03:15:00Z,MR-01,North 40,applying,70.5,0.81,85
2026-06-14T03:15:00Z,MR-02,North 40,applying,32.3,1.05,92
2026-06-14T03:15:00Z,MR-03,Creekside,applying,62.0,0.89,83
2026-06-14T03:15:00Z,MR-04,Creekside,applying,34.3,1.11,95
2026-06-14T03:15:00Z,MR-05,Home Quarter,applying,40.7,0.93,90
2026-06-14T03:15:00Z,MR-06,Home Quarter,applying,69.0,0.98,94
2026-06-14T03:20:00Z,MR-01,North 40,applying,69.9,0.97,90
2026-06-14T03:20:00Z,MR-02,North 40,applying,31.6,0.78,82
2026-06-14T03:20:00Z,MR-03,Creekside,applying,61.4,0.79,94
2026-06-14T03:20:00Z,MR-04,Creekside,applying,33.8,0.95,98
2026-06-14T03:20:00Z,MR-05,Home Quarter,applying,40.0,0.85,87
2026-06-14T03:20:00Z,MR-06,Home Quarter,applying,68.5,0.96,87
2026-06-14T03:25:00Z,MR-01,North 40,applying,69.3,1.04,87
2026-06-14T03:25:00Z,MR-02,North 40,applying,30.9,0.79,92
2026-06-14T03:25:00Z,MR-03,Creekside,applying,60.8,0.82,98
2026-06-14T03:25:00Z,MR-04,Creekside,applying,33.1,1.32,95
2026-06-14T03:25:00Z,MR-05,Home Quarter,applying,39.4,0.85,97
2026-06-14T03:25:00Z,MR-06,Home Quarter,applying,67.8,0.76,84
2026-06-14T03:30:00Z,MR-01,North 40,applying,68.6,1.00,92
2026-06-14T03:30:00Z,MR-02,North 40,applying,30.3,1.04,91
2026-06-14T03:30:00Z,MR-03,Creekside,applying,60.2,0.99,82
2026-06-14T03:30:00Z,MR-04,Creekside,applying,32.6,1.14,81
2026-06-14T03:30:00Z,MR-05,Home Quarter,applying,38.7,0.93,98
2026-06-14T03:30:00Z,MR-06,Home Quarter,applying,67.3,0.99,87
2026-06-14T03:35:00Z,MR-01,North 40,driving,68.3,0.00,205
2026-06-14T03:35:00Z,MR-02,North 40,applying,29.8,1.10,98
2026-06-14T03:35:00Z,MR-03,Creekside,applying,59.6,0.92,93
2026-06-14T03:35:00Z,MR-04,Creekside,driving,32.3,0.00,182
2026-06-14T03:35:00Z,MR-05,Home Quarter,applying,38.1,0.85,83
2026-06-14T03:35:00Z,MR-06,Home Quarter,applying,66.7,1.01,98
2026-06-14T03:40:00Z,MR-01,North 40,applying,67.7,0.77,85
2026-06-14T03:40:00Z,MR-02,North 40,driving,29.5,0.00,184
2026-06-14T03:40:00Z,MR-03,Creekside,applying,58.9,0.81,90
2026-06-14T03:40:00Z,MR-04,Creekside,applying,31.7,1.25,90
2026-06-14T03:40:00Z,MR-05,Home Quarter,applying,37.5,1.14,88
2026-06-14T03:40:00Z,MR-06,Home Quarter,driving,66.3,0.00,177
2026-06-14T03:45:00Z,MR-01,North 40,applying,67.2,0.80,89
2026-06-14T03:45:00Z,MR-02,North 40,applying,28.8,0.87,90
2026-06-14T03:45:00Z,MR-03,Creekside,applying,58.4,0.76,82
2026-06-14T03:45:00Z,MR-04,Creekside,applying,31.0,1.32,94
2026-06-14T03:45:00Z,MR-05,Home Quarter,applying,36.9,1.02,81
2026-06-14T03:45:00Z,MR-06,Home Quarter,applying,65.7,0.79,93
2026-06-14T03:50:00Z,MR-01,North 40,applying,66.7,0.94,92
2026-06-14T03:50:00Z,MR-02,North 40,applying,28.2,0.89,86
2026-06-14T03:50:00Z,MR-03,Creekside,applying,57.8,0.73,93
2026-06-14T03:50:00Z,MR-04,Creekside,applying,30.3,1.19,86
2026-06-14T03:50:00Z,MR-05,Home Quarter,applying,36.2,0.98,80
2026-06-14T03:50:00Z,MR-06,Home Quarter,driving,65.2,0.00,164
2026-06-14T03:55:00Z,MR-01,North 40,applying,66.0,0.99,89
2026-06-14T03:55:00Z,MR-02,North 40,applying,27.6,0.83,92
2026-06-14T03:55:00Z,MR-03,Creekside,driving,57.4,0.00,158
2026-06-14T03:55:00Z,MR-04,Creekside,applying,29.7,1.36,97
2026-06-14T03:55:00Z,MR-05,Home Quarter,applying,35.6,1.10,81
2026-06-14T03:55:00Z,MR-06,Home Quarter,applying,64.7,0.99,86
2026-06-14T04:00:00Z,MR-01,North 40,applying,65.4,0.98,98
2026-06-14T04:00:00Z,MR-02,North 40,idle,27.6,0.00,0
2026-06-14T04:00:00Z,MR-03,Creekside,applying,56.8,1.00,93
2026-06-14T04:00:00Z,MR-04,Creekside,applying,29.1,1.35,92
2026-06-14T04:00:00Z,MR-05,Home Quarter,applying,35.0,1.15,89
2026-06-14T04:00:00Z,MR-06,Home Quarter,applying,64.2,0.98,95
2026-06-14T04:05:00Z,MR-01,North 40,applying,64.7,0.75,93
2026-06-14T04:05:00Z,MR-02,North 40,idle,27.5,0.00,0
2026-06-14T04:05:00Z,MR-03,Creekside,applying,56.1,0.80,90
2026-06-14T04:05:00Z,MR-04,Creekside,applying,28.5,0.97,83
2026-06-14T04:05:00Z,MR-05,Home Quarter,applying,34.4,0.83,95
2026-06-14T04:05:00Z,MR-06,Home Quarter,driving,63.8,0.00,151
2026-06-14T04:10:00Z,MR-01,North 40,applying,64.1,0.98,100
2026-06-14T04:10:00Z,MR-02,North 40,idle,27.5,0.00,0
2026-06-14T04:10:00Z,MR-03,Creekside,applying,55.5,0.88,84
2026-06-14T04:10:00Z,MR-04,Creekside,applying,27.9,0.98,85
2026-06-14T04:10:00Z,MR-05,Home Quarter,applying,33.9,1.18,94
2026-06-14T04:10:00Z,MR-06,Home Quarter,driving,63.5,0.00,209
2026-06-14T04:15:00Z,MR-01,North 40,applying,63.5,0.91,100
2026-06-14T04:15:00Z,MR-02,North 40,idle,27.5,0.00,0
2026-06-14T04:15:00Z,MR-03,Creekside,applying,54.9,0.81,85
2026-06-14T04:15:00Z,MR-04,Creekside,applying,27.3,1.14,82
2026-06-14T04:15:00Z,MR-05,Home Quarter,applying,33.3,0.82,100
2026-06-14T04:15:00Z,MR-06,Home Quarter,applying,62.8,0.81,92
2026-06-14T04:20:00Z,MR-01,North 40,applying,62.8,1.01,81
2026-06-14T04:20:00Z,MR-02,North 40,idle,27.5,0.00,0
2026-06-14T04:20:00Z,MR-03,Creekside,applying,54.4,0.78,95
2026-06-14T04:20:00Z,MR-04,Creekside,applying,26.7,1.25,84
2026-06-14T04:20:00Z,MR-05,Home Quarter,applying,32.7,1.07,95
2026-06-14T04:20:00Z,MR-06,Home Quarter,applying,62.3,0.86,94
2026-06-14T04:25:00Z,MR-01,North 40,applying,62.2,1.03,92
2026-06-14T04:25:00Z,MR-02,North 40,idle,27.5,0.00,0
2026-06-14T04:25:00Z,MR-03,Creekside,applying,53.7,0.85,86
2026-06-14T04:25:00Z,MR-04,Creekside,applying,26.1,1.25,82
2026-06-14T04:25:00Z,MR-05,Home Quarter,driving,32.3,0.00,165
2026-06-14T04:25:00Z,MR-06,Home Quarter,driving,61.9,0.00,155
2026-06-14T04:30:00Z,MR-01,North 40,applying,61.6,0.86,82
2026-06-14T04:30:00Z,MR-02,North 40,idle,27.4,0.00,0
2026-06-14T04:30:00Z,MR-03,Creekside,applying,53.2,0.94,92
2026-06-14T04:30:00Z,MR-04,Creekside,applying,25.5,1.35,81
2026-06-14T04:30:00Z,MR-05,Home Quarter,applying,31.7,0.88,83
2026-06-14T04:30:00Z,MR-06,Home Quarter,driving,61.5,0.00,158
2026-06-14T04:35:00Z,MR-01,North 40,applying,60.9,0.78,92
2026-06-14T04:35:00Z,MR-02,North 40,idle,27.4,0.00,0
2026-06-14T04:35:00Z,MR-03,Creekside,applying,52.7,0.84,87
2026-06-14T04:35:00Z,MR-04,Creekside,applying,24.8,1.01,84
2026-06-14T04:35:00Z,MR-05,Home Quarter,applying,31.2,0.95,86
2026-06-14T04:35:00Z,MR-06,Home Quarter,applying,61.0,0.99,82
2026-06-14T04:40:00Z,MR-01,North 40,applying,60.3,0.96,97
2026-06-14T04:40:00Z,MR-02,North 40,idle,27.4,0.00,0
2026-06-14T04:40:00Z,MR-03,Creekside,applying,,0.92,98
2026-06-14T04:40:00Z,MR-04,Creekside,applying,24.3,1.36,93
2026-06-14T04:40:00Z,MR-05,Home Quarter,applying,30.7,0.81,84
2026-06-14T04:40:00Z,MR-06,Home Quarter,applying,60.5,0.98,98
2026-06-14T04:45:00Z,MR-01,North 40,driving,59.9,0.00,200
2026-06-14T04:45:00Z,MR-02,North 40,idle,27.4,0.00,0
2026-06-14T04:45:00Z,MR-03,Creekside,applying,51.3,0.97,88
2026-06-14T04:45:00Z,MR-04,Creekside,applying,23.8,1.16,99
2026-06-14T04:45:00Z,MR-05,Home Quarter,applying,30.1,0.95,91
2026-06-14T04:45:00Z,MR-06,Home Quarter,applying,59.8,0.91,85
2026-06-14T04:50:00Z,MR-01,North 40,applying,59.3,0.80,88
2026-06-14T04:50:00Z,MR-02,North 40,idle,27.4,0.00,0
2026-06-14T04:50:00Z,MR-03,Creekside,applying,50.7,1.00,85
2026-06-14T04:50:00Z,MR-04,Creekside,applying,23.1,1.29,89
2026-06-14T04:50:00Z,MR-05,Home Quarter,applying,29.5,0.87,94
2026-06-14T04:50:00Z,MR-06,Home Quarter,applying,59.2,0.86,90
2026-06-14T04:55:00Z,MR-01,North 40,applying,58.8,0.96,82
2026-06-14T04:55:00Z,MR-02,North 40,idle,27.3,0.00,0
2026-06-14T04:55:00Z,MR-03,Creekside,applying,50.2,0.75,98
2026-06-14T04:55:00Z,MR-04,Creekside,applying,22.6,1.22,99
2026-06-14T04:55:00Z,MR-05,Home Quarter,driving,29.0,0.00,164
2026-06-14T04:55:00Z,MR-06,Home Quarter,applying,58.6,0.96,91
2026-06-14T05:00:00Z,MR-01,North 40,idle,58.7,0.00,0
2026-06-14T05:00:00Z,MR-02,North 40,idle,27.3,0.00,0
2026-06-14T05:00:00Z,MR-03,Creekside,idle,50.2,0.00,0
2026-06-14T05:00:00Z,MR-04,Creekside,idle,22.6,0.00,0
2026-06-14T05:00:00Z,MR-05,Home Quarter,idle,29.0,0.00,0
2026-06-14T05:00:00Z,MR-06,Home Quarter,applying,58.1,1.00,81
2026-06-14T05:05:00Z,MR-01,North 40,idle,58.7,0.00,0
2026-06-14T05:05:00Z,MR-02,North 40,idle,27.3,0.00,0
2026-06-14T05:05:00Z,MR-03,Creekside,idle,50.2,0.00,0
2026-06-14T05:05:00Z,MR-04,Creekside,idle,22.5,0.00,0
2026-06-14T05:05:00Z,MR-05,Home Quarter,idle,29.0,0.00,0
2026-06-14T05:05:00Z,MR-06,Home Quarter,applying,57.5,1.03,99
2026-06-14T05:10:00Z,MR-01,North 40,idle,58.7,0.00,0
2026-06-14T05:10:00Z,MR-02,North 40,idle,27.3,0.00,0
2026-06-14T05:10:00Z,MR-03,Creekside,idle,50.1,0.00,0
2026-06-14T05:10:00Z,MR-04,Creekside,idle,22.5,0.00,0
2026-06-14T05:10:00Z,MR-05,Home Quarter,idle,29.0,0.00,0
2026-06-14T05:10:00Z,MR-06,Home Quarter,applying,56.9,0.87,91
2026-06-14T05:15:00Z,MR-01,North 40,idle,58.7,0.00,0
2026-06-14T05:15:00Z,MR-02,North 40,idle,27.3,0.00,0
2026-06-14T05:15:00Z,MR-03,Creekside,idle,50.1,0.00,0
2026-06-14T05:15:00Z,MR-04,Creekside,idle,22.5,0.00,0
2026-06-14T05:15:00Z,MR-05,Home Quarter,idle,29.0,0.00,0
2026-06-14T05:15:00Z,MR-06,Home Quarter,applying,56.3,0.87,83
2026-06-14T05:20:00Z,MR-01,North 40,idle,58.7,0.00,0
2026-06-14T05:20:00Z,MR-02,North 40,idle,27.2,0.00,0
2026-06-14T05:20:00Z,MR-03,Creekside,idle,50.1,0.00,0
2026-06-14T05:20:00Z,MR-04,Creekside,idle,22.5,0.00,0
2026-06-14T05:20:00Z,MR-05,Home Quarter,idle,28.9,0.00,0
2026-06-14T05:20:00Z,MR-06,Home Quarter,applying,55.7,0.98,97
2026-06-14T05:25:00Z,MR-01,North 40,idle,58.6,0.00,0
2026-06-14T05:25:00Z,MR-02,North 40,idle,27.2,0.00,0
2026-06-14T05:25:00Z,MR-03,Creekside,idle,50.1,0.00,0
2026-06-14T05:25:00Z,MR-04,Creekside,idle,22.5,0.00,0
2026-06-14T05:25:00Z,MR-05,Home Quarter,idle,28.9,0.00,0
2026-06-14T05:25:00Z,MR-06,Home Quarter,applying,55.0,0.86,83
2026-06-14T05:30:00Z,MR-01,North 40,idle,58.6,0.00,0
2026-06-14T05:30:00Z,MR-02,North 40,idle,27.2,0.00,0
2026-06-14T05:30:00Z,MR-03,Creekside,idle,50.1,0.00,0
2026-06-14T05:30:00Z,MR-04,Creekside,idle,22.4,0.00,0
2026-06-14T05:30:00Z,MR-05,Home Quarter,idle,28.9,0.00,0
2026-06-14T05:30:00Z,MR-06,Home Quarter,applying,54.5,0.71,97
2026-06-14T05:35:00Z,MR-01,North 40,idle,58.6,0.00,0
2026-06-14T05:35:00Z,MR-02,North 40,idle,27.2,0.00,0
2026-06-14T05:35:00Z,MR-03,Creekside,idle,50.0,0.00,0
2026-06-14T05:35:00Z,MR-04,Creekside,idle,22.4,0.00,0
2026-06-14T05:35:00Z,MR-05,Home Quarter,idle,28.9,0.00,0
2026-06-14T05:35:00Z,MR-06,Home Quarter,driving,54.0,0.00,180
2026-06-14T05:40:00Z,MR-01,North 40,idle,58.6,0.00,0
2026-06-14T05:40:00Z,MR-02,North 40,idle,27.2,0.00,0
2026-06-14T05:40:00Z,MR-03,Creekside,idle,50.0,0.00,0
2026-06-14T05:40:00Z,MR-04,Creekside,idle,22.4,0.00,0
2026-06-14T05:40:00Z,MR-05,Home Quarter,idle,28.9,0.00,0
2026-06-14T05:40:00Z,MR-06,Home Quarter,applying,53.5,0.90,89
2026-06-14T05:45:00Z,MR-01,North 40,idle,58.6,0.00,0
2026-06-14T05:45:00Z,MR-02,North 40,idle,27.1,0.00,0
2026-06-14T05:45:00Z,MR-03,Creekside,idle,50.0,0.00,0
2026-06-14T05:45:00Z,MR-04,Creekside,idle,22.4,0.00,0
2026-06-14T05:45:00Z,MR-05,Home Quarter,idle,28.8,0.00,0
2026-06-14T05:45:00Z,MR-06,Home Quarter,applying,52.8,0.89,83
2026-06-14T05:50:00Z,MR-01,North 40,idle,58.5,0.00,0
2026-06-14T05:50:00Z,MR-02,North 40,idle,27.1,0.00,0
2026-06-14T05:50:00Z,MR-03,Creekside,idle,50.0,0.00,0
2026-06-14T05:50:00Z,MR-04,Creekside,idle,22.4,0.00,0
2026-06-14T05:50:00Z,MR-05,Home Quarter,idle,28.8,0.00,0
2026-06-14T05:50:00Z,MR-06,Home Quarter,applying,52.3,1.00,83
2026-06-14T05:55:00Z,MR-01,North 40,idle,58.5,0.00,0
2026-06-14T05:55:00Z,MR-02,North 40,idle,27.1,0.00,0
2026-06-14T05:55:00Z,MR-03,Creekside,idle,50.0,0.00,0
2026-06-14T05:55:00Z,MR-04,Creekside,idle,22.3,0.00,0
2026-06-14T05:55:00Z,MR-05,Home Quarter,idle,28.8,0.00,0
2026-06-14T05:55:00Z,MR-06,Home Quarter,applying,51.8,1.03,99
2026-06-14T06:00:00Z,MR-01,North 40,idle,58.5,0.00,0
2026-06-14T06:00:00Z,MR-02,North 40,idle,27.1,0.00,0
2026-06-14T06:00:00Z,MR-03,Creekside,idle,49.9,0.00,0
2026-06-14T06:00:00Z,MR-04,Creekside,idle,22.3,0.00,0
2026-06-14T06:00:00Z,MR-05,Home Quarter,idle,28.8,0.00,0
2026-06-14T06:00:00Z,MR-06,Home Quarter,idle,51.8,0.00,0
2026-06-14T06:05:00Z,MR-01,North 40,idle,58.5,0.00,0
2026-06-14T06:05:00Z,MR-02,North 40,idle,27.1,0.00,0
2026-06-14T06:05:00Z,MR-03,Creekside,idle,49.9,0.00,0
2026-06-14T06:05:00Z,MR-04,Creekside,idle,22.3,0.00,0
2026-06-14T06:05:00Z,MR-05,Home Quarter,idle,28.8,0.00,0
2026-06-14T06:05:00Z,MR-06,Home Quarter,idle,51.7,0.00,0
2026-06-14T06:10:00Z,MR-01,North 40,idle,58.5,0.00,0
2026-06-14T06:10:00Z,MR-02,North 40,idle,27.0,0.00,0
2026-06-14T06:10:00Z,MR-03,Creekside,idle,49.9,0.00,0
2026-06-14T06:10:00Z,MR-04,Creekside,idle,22.3,0.00,0
2026-06-14T06:10:00Z,MR-05,Home Quarter,idle,28.7,0.00,0
2026-06-14T06:10:00Z,MR-06,Home Quarter,idle,51.7,0.00,0
2026-06-14T06:15:00Z,MR-01,North 40,idle,58.4,0.00,0
2026-06-14T06:15:00Z,MR-02,North 40,idle,27.0,0.00,0
2026-06-14T06:15:00Z,MR-03,Creekside,idle,49.9,0.00,0
2026-06-14T06:15:00Z,MR-04,Creekside,idle,22.3,0.00,0
2026-06-14T06:15:00Z,MR-05,Home Quarter,idle,28.7,0.00,0
2026-06-14T06:15:00Z,MR-06,Home Quarter,idle,51.7,0.00,0
2026-06-14T06:20:00Z,MR-01,North 40,idle,58.4,0.00,0
2026-06-14T06:20:00Z,MR-02,North 40,idle,27.0,0.00,0
2026-06-14T06:20:00Z,MR-03,Creekside,idle,49.9,0.00,0
2026-06-14T06:20:00Z,MR-04,Creekside,idle,22.2,0.00,0
2026-06-14T06:20:00Z,MR-05,Home Quarter,idle,28.7,0.00,0
2026-06-14T06:20:00Z,MR-06,Home Quarter,idle,51.7,0.00,0
2026-06-14T06:25:00Z,MR-01,North 40,idle,58.4,0.00,0
2026-06-14T06:25:00Z,MR-02,North 40,idle,27.0,0.00,0
2026-06-14T06:25:00Z,MR-03,Creekside,idle,49.8,0.00,0
2026-06-14T06:25:00Z,MR-04,Creekside,idle,22.2,0.00,0
2026-06-14T06:25:00Z,MR-05,Home Quarter,idle,28.7,0.00,0
2026-06-14T06:25:00Z,MR-06,Home Quarter,idle,51.7,0.00,0
2026-06-14T06:30:00Z,MR-01,North 40,idle,58.4,0.00,0
2026-06-14T06:30:00Z,MR-02,North 40,idle,27.0,0.00,0
2026-06-14T06:30:00Z,MR-03,Creekside,idle,49.8,0.00,0
2026-06-14T06:30:00Z,MR-04,Creekside,idle,22.2,0.00,0
2026-06-14T06:30:00Z,MR-05,Home Quarter,idle,28.7,0.00,0
2026-06-14T06:30:00Z,MR-06,Home Quarter,idle,51.6,0.00,0
2026-06-14T06:35:00Z,MR-01,North 40,idle,58.4,0.00,0
2026-06-14T06:35:00Z,MR-02,North 40,idle,26.9,0.00,0
2026-06-14T06:35:00Z,MR-03,Creekside,idle,49.8,0.00,0
2026-06-14T06:35:00Z,MR-04,Creekside,idle,22.2,0.00,0
2026-06-14T06:35:00Z,MR-05,Home Quarter,idle,28.6,0.00,0
2026-06-14T06:35:00Z,MR-06,Home Quarter,idle,51.6,0.00,0
2026-06-14T06:40:00Z,MR-01,North 40,idle,58.3,0.00,0
2026-06-14T06:40:00Z,MR-02,North 40,idle,26.9,0.00,0
2026-06-14T06:40:00Z,MR-03,Creekside,idle,49.8,0.00,0
2026-06-14T06:40:00Z,MR-04,Creekside,idle,22.2,0.00,0
2026-06-14T06:40:00Z,MR-05,Home Quarter,idle,28.6,0.00,0
2026-06-14T06:40:00Z,MR-06,Home Quarter,idle,51.6,0.00,0
2026-06-14T06:45:00Z,MR-01,North 40,idle,58.3,0.00,0
2026-06-14T06:45:00Z,MR-02,North 40,idle,26.9,0.00,0
2026-06-14T06:45:00Z,MR-03,Creekside,idle,49.8,0.00,0
2026-06-14T06:45:00Z,MR-04,Creekside,idle,22.1,0.00,0
2026-06-14T06:45:00Z,MR-05,Home Quarter,idle,28.6,0.00,0
2026-06-14T06:45:00Z,MR-06,Home Quarter,idle,51.6,0.00,0
2026-06-14T06:50:00Z,MR-01,North 40,idle,58.3,0.00,0
2026-06-14T06:50:00Z,MR-02,North 40,idle,26.9,0.00,0
2026-06-14T06:50:00Z,MR-03,Creekside,idle,49.7,0.00,0
2026-06-14T06:50:00Z,MR-04,Creekside,idle,22.1,0.00,0
2026-06-14T06:50:00Z,MR-05,Home Quarter,idle,28.6,0.00,0
2026-06-14T06:50:00Z,MR-06,Home Quarter,idle,51.6,0.00,0
2026-06-14T06:55:00Z,MR-01,North 40,idle,58.3,0.00,0
2026-06-14T06:55:00Z,MR-02,North 40,idle,26.9,0.00,0
2026-06-14T06:55:00Z,MR-03,Creekside,idle,49.7,0.00,0
2026-06-14T06:55:00Z,MR-04,Creekside,idle,22.1,0.00,0
2026-06-14T06:55:00Z,MR-05,Home Quarter,idle,28.6,0.00,0
2026-06-14T06:55:00Z,MR-06,Home Quarter,idle,51.5,0.00,0
2026-06-14T07:00:00Z,MR-01,North 40,idle,58.3,0.00,0
2026-06-14T07:00:00Z,MR-02,North 40,applying,26.2,0.92,95
2026-06-14T07:00:00Z,MR-03,Creekside,idle,49.7,0.00,0
2026-06-14T07:00:00Z,MR-04,Creekside,idle,22.1,0.00,0
2026-06-14T07:00:00Z,MR-05,Home Quarter,idle,28.5,0.00,0
2026-06-14T07:00:00Z,MR-06,Home Quarter,idle,51.5,0.00,0
2026-06-14T07:05:00Z,MR-01,North 40,idle,58.2,0.00,0
2026-06-14T07:05:00Z,MR-02,North 40,applying,25.7,0.82,85
2026-06-14T07:05:00Z,MR-03,Creekside,idle,49.7,0.00,0
2026-06-14T07:05:00Z,MR-04,Creekside,idle,22.1,0.00,0
2026-06-14T07:05:00Z,MR-05,Home Quarter,idle,28.5,0.00,0
2026-06-14T07:05:00Z,MR-06,Home Quarter,idle,51.5,0.00,0
2026-06-14T07:10:00Z,MR-01,North 40,idle,58.2,0.00,0
2026-06-14T07:10:00Z,MR-02,North 40,applying,25.1,0.99,89
2026-06-14T07:10:00Z,MR-03,Creekside,idle,49.7,0.00,0
2026-06-14T07:10:00Z,MR-04,Creekside,idle,22.0,0.00,0
2026-06-14T07:10:00Z,MR-05,Home Quarter,idle,28.5,0.00,0
2026-06-14T07:10:00Z,MR-06,Home Quarter,idle,51.5,0.00,0
2026-06-14T07:15:00Z,MR-01,North 40,idle,58.2,0.00,0
2026-06-14T07:15:00Z,MR-02,North 40,applying,24.4,0.78,88
2026-06-14T07:15:00Z,MR-03,Creekside,idle,49.6,0.00,0
2026-06-14T07:15:00Z,MR-04,Creekside,idle,22.0,0.00,0
2026-06-14T07:15:00Z,MR-05,Home Quarter,idle,28.5,0.00,0
2026-06-14T07:15:00Z,MR-06,Home Quarter,idle,51.5,0.00,0
2026-06-14T07:20:00Z,MR-01,North 40,idle,58.2,0.00,0
2026-06-14T07:20:00Z,MR-02,North 40,applying,23.8,0.82,84
2026-06-14T07:20:00Z,MR-03,Creekside,idle,49.6,0.00,0
2026-06-14T07:20:00Z,MR-04,Creekside,idle,22.0,0.00,0
2026-06-14T07:20:00Z,MR-05,Home Quarter,idle,28.5,0.00,0
2026-06-14T07:20:00Z,MR-06,Home Quarter,idle,51.4,0.00,0
2026-06-14T07:25:00Z,MR-01,North 40,idle,58.2,0.00,0
2026-06-14T07:25:00Z,MR-02,North 40,applying,23.1,0.91,89
2026-06-14T07:25:00Z,MR-03,Creekside,idle,49.6,0.00,0
2026-06-14T07:25:00Z,MR-04,Creekside,idle,22.0,0.00,0
2026-06-14T07:25:00Z,MR-05,Home Quarter,idle,28.4,0.00,0
2026-06-14T07:25:00Z,MR-06,Home Quarter,idle,51.4,0.00,0
2026-06-14T07:30:00Z,MR-01,North 40,idle,58.1,0.00,0
2026-06-14T07:30:00Z,MR-02,North 40,applying,22.5,1.07,85
2026-06-14T07:30:00Z,MR-03,Creekside,idle,49.6,0.00,0
2026-06-14T07:30:00Z,MR-04,Creekside,idle,22.0,0.00,0
2026-06-14T07:30:00Z,MR-05,Home Quarter,idle,28.4,0.00,0
2026-06-14T07:30:00Z,MR-06,Home Quarter,idle,51.4,0.00,0
2026-06-14T07:35:00Z,MR-01,North 40,idle,58.1,0.00,0
2026-06-14T07:35:00Z,MR-02,North 40,applying,22.0,0.89,93
2026-06-14T07:35:00Z,MR-03,Creekside,idle,,0.00,0
2026-06-14T07:35:00Z,MR-04,Creekside,idle,21.9,0.00,0
2026-06-14T07:35:00Z,MR-05,Home Quarter,idle,28.4,0.00,0
2026-06-14T07:35:00Z,MR-06,Home Quarter,idle,51.4,0.00,0
2026-06-14T07:40:00Z,MR-01,North 40,idle,58.1,0.00,0
2026-06-14T07:40:00Z,MR-02,North 40,driving,21.6,0.00,169
2026-06-14T07:40:00Z,MR-03,Creekside,idle,49.5,0.00,0
2026-06-14T07:40:00Z,MR-04,Creekside,idle,21.9,0.00,0
2026-06-14T07:40:00Z,MR-05,Home Quarter,idle,28.4,0.00,0
2026-06-14T07:40:00Z,MR-06,Home Quarter,idle,51.4,0.00,0
2026-06-14T07:45:00Z,MR-01,North 40,idle,58.1,0.00,0
2026-06-14T07:45:00Z,MR-02,North 40,applying,21.0,0.83,86
2026-06-14T07:45:00Z,MR-03,Creekside,idle,49.5,0.00,0
2026-06-14T07:45:00Z,MR-04,Creekside,idle,21.9,0.00,0
2026-06-14T07:45:00Z,MR-05,Home Quarter,idle,28.4,0.00,0
2026-06-14T07:45:00Z,MR-06,Home Quarter,idle,51.3,0.00,0
2026-06-14T07:50:00Z,MR-01,North 40,idle,58.1,0.00,0
2026-06-14T07:50:00Z,MR-02,North 40,applying,20.4,0.92,84
2026-06-14T07:50:00Z,MR-03,Creekside,idle,49.5,0.00,0
2026-06-14T07:50:00Z,MR-04,Creekside,idle,21.9,0.00,0
2026-06-14T07:50:00Z,MR-05,Home Quarter,idle,28.3,0.00,0
2026-06-14T07:50:00Z,MR-06,Home Quarter,idle,51.3,0.00,0
2026-06-14T07:55:00Z,MR-01,North 40,idle,58.0,0.00,0
2026-06-14T07:55:00Z,MR-02,North 40,applying,19.8,0.81,92
2026-06-14T07:55:00Z,MR-03,Creekside,idle,49.5,0.00,0
2026-06-14T07:55:00Z,MR-04,Creekside,idle,21.9,0.00,0
2026-06-14T07:55:00Z,MR-05,Home Quarter,idle,28.3,0.00,0
2026-06-14T07:55:00Z,MR-06,Home Quarter,idle,51.3,0.00,0
2026-06-14T08:00:00Z,MR-01,North 40,applying,57.5,1.07,86
2026-06-14T08:00:00Z,MR-02,North 40,charging,22.6,0.00,0
2026-06-14T08:00:00Z,MR-03,Creekside,applying,49.0,0.90,80
2026-06-14T08:00:00Z,MR-04,Creekside,applying,21.4,1.18,96
2026-06-14T08:00:00Z,MR-05,Home Quarter,applying,27.8,1.14,90
2026-06-14T08:00:00Z,MR-06,Home Quarter,idle,51.3,0.00,0
2026-06-14T08:05:00Z,MR-01,North 40,applying,56.8,0.75,95
2026-06-14T08:05:00Z,MR-02,North 40,charging,25.2,0.00,0
2026-06-14T08:05:00Z,MR-03,Creekside,applying,48.4,0.96,83
2026-06-14T08:05:00Z,MR-04,Creekside,applying,20.7,1.23,81
2026-06-14T08:05:00Z,MR-05,Home Quarter,driving,27.4,0.00,168
2026-06-14T08:05:00Z,MR-06,Home Quarter,idle,51.3,0.00,0
2026-06-14T08:10:00Z,MR-01,North 40,applying,56.2,0.76,94
2026-06-14T08:10:00Z,MR-02,North 40,charging,27.9,0.00,0
2026-06-14T08:10:00Z,MR-03,Creekside,applying,47.9,0.88,86
2026-06-14T08:10:00Z,MR-04,Creekside,applying,20.1,1.28,92
2026-06-14T08:10:00Z,MR-05,Home Quarter,applying,26.8,0.95,86
2026-06-14T08:10:00Z,MR-06,Home Quarter,idle,51.2,0.00,0
2026-06-14T08:15:00Z,MR-01,North 40,applying,55.7,0.96,86
2026-06-14T08:15:00Z,MR-02,North 40,charging,30.8,0.00,0
2026-06-14T08:15:00Z,MR-03,Creekside,applying,47.3,0.71,88
2026-06-14T08:15:00Z,MR-04,Creekside,applying,19.5,1.35,94
2026-06-14T08:15:00Z,MR-05,Home Quarter,applying,26.2,0.92,89
2026-06-14T08:15:00Z,MR-06,Home Quarter,idle,51.2,0.00,0
2026-06-14T08:20:00Z,MR-01,North 40,applying,55.1,0.73,90
2026-06-14T08:20:00Z,MR-02,North 40,charging,33.4,0.00,0
2026-06-14T08:20:00Z,MR-03,Creekside,applying,46.8,0.91,95
2026-06-14T08:20:00Z,MR-04,Creekside,charging,21.4,0.00,0
2026-06-14T08:20:00Z,MR-05,Home Quarter,applying,25.7,0.92,94
2026-06-14T08:20:00Z,MR-06,Home Quarter,idle,51.2,0.00,0
2026-06-14T08:25:00Z,MR-01,North 40,applying,54.5,0.81,80
2026-06-14T08:25:00Z,MR-02,North 40,charging,36.0,0.00,0
2026-06-14T08:25:00Z,MR-03,Creekside,applying,46.2,0.73,83
2026-06-14T08:25:00Z,MR-04,Creekside,charging,23.7,0.00,0
2026-06-14T08:25:00Z,MR-05,Home Quarter,applying,25.0,1.18,83
2026-06-14T08:25:00Z,MR-06,Home Quarter,idle,51.2,0.00,0
2026-06-14T08:30:00Z,MR-01,North 40,applying,53.9,0.89,92
2026-06-14T08:30:00Z,MR-02,North 40,charging,38.7,0.00,0
2026-06-14T08:30:00Z,MR-03,Creekside,applying,45.5,0.94,100
2026-06-14T08:30:00Z,MR-04,Creekside,charging,25.8,0.00,0
2026-06-14T08:30:00Z,MR-05,Home Quarter,applying,24.5,1.12,82
2026-06-14T08:30:00Z,MR-06,Home Quarter,idle,51.2,0.00,0
2026-06-14T08:35:00Z,MR-01,North 40,applying,53.4,1.07,88
2026-06-14T08:35:00Z,MR-02,North 40,charging,41.3,0.00,0
2026-06-14T08:35:00Z,MR-03,Creekside,applying,45.0,0.68,88
2026-06-14T08:35:00Z,MR-04,Creekside,charging,28.1,0.00,0
2026-06-14T08:35:00Z,MR-05,Home Quarter,applying,23.8,1.13,95
2026-06-14T08:35:00Z,MR-06,Home Quarter,idle,51.1,0.00,0
2026-06-14T08:40:00Z,MR-01,North 40,applying,52.7,0.98,95
2026-06-14T08:40:00Z,MR-02,North 40,charging,43.8,0.00,0
2026-06-14T08:40:00Z,MR-03,Creekside,applying,44.4,0.93,83
2026-06-14T08:40:00Z,MR-04,Creekside,charging,30.4,0.00,0
2026-06-14T08:40:00Z,MR-05,Home Quarter,applying,23.2,1.06,90
2026-06-14T08:40:00Z,MR-06,Home Quarter,idle,51.1,0.00,0
2026-06-14T08:45:00Z,MR-01,North 40,applying,52.2,0.75,93
2026-06-14T08:45:00Z,MR-02,North 40,charging,46.3,0.00,0
2026-06-14T08:45:00Z,MR-03,Creekside,applying,43.8,0.95,87
2026-06-14T08:45:00Z,MR-04,Creekside,charging,32.5,0.00,0
2026-06-14T08:45:00Z,MR-05,Home Quarter,applying,22.5,0.96,88
2026-06-14T08:45:00Z,MR-06,Home Quarter,idle,51.1,0.00,0
2026-06-14T08:50:00Z,MR-01,North 40,applying,51.5,0.98,85
2026-06-14T08:50:00Z,MR-02,North 40,charging,48.8,0.00,0
2026-06-14T08:50:00Z,MR-03,Creekside,applying,43.2,1.00,93
2026-06-14T08:50:00Z,MR-04,Creekside,charging,34.7,0.00,0
2026-06-14T08:50:00Z,MR-05,Home Quarter,applying,21.9,0.92,92
2026-06-14T08:50:00Z,MR-06,Home Quarter,idle,51.1,0.00,0
2026-06-14T08:55:00Z,MR-01,North 40,driving,51.1,0.00,164
2026-06-14T08:55:00Z,MR-02,North 40,charging,51.5,0.00,0
2026-06-14T08:55:00Z,MR-03,Creekside,driving,42.9,0.00,192
2026-06-14T08:55:00Z,MR-04,Creekside,charging,37.0,0.00,0
2026-06-14T08:55:00Z,MR-05,Home Quarter,applying,21.3,1.09,89
2026-06-14T08:55:00Z,MR-06,Home Quarter,idle,51.1,0.00,0
2026-06-14T09:00:00Z,MR-01,North 40,applying,50.4,0.97,95
2026-06-14T09:00:00Z,MR-02,North 40,charging,54.4,0.00,0
2026-06-14T09:00:00Z,MR-03,Creekside,applying,42.2,0.91,99
2026-06-14T09:00:00Z,MR-04,Creekside,charging,39.2,0.00,0
2026-06-14T09:00:00Z,MR-05,Home Quarter,applying,20.7,1.13,99
2026-06-14T09:00:00Z,MR-06,Home Quarter,applying,50.6,0.79,91
2026-06-14T09:05:00Z,MR-01,North 40,applying,49.9,0.74,84
2026-06-14T09:05:00Z,MR-02,North 40,charging,57.1,0.00,0
2026-06-14T09:05:00Z,MR-03,Creekside,applying,41.6,0.74,90
2026-06-14T09:05:00Z,MR-04,Creekside,charging,41.3,0.00,0
2026-06-14T09:05:00Z,MR-05,Home Quarter,applying,20.0,1.19,92
2026-06-14T09:05:00Z,MR-06,Home Quarter,applying,50.0,0.82,100
2026-06-14T09:10:00Z,MR-01,North 40,applying,49.4,0.88,82
2026-06-14T09:10:00Z,MR-02,North 40,charging,60.0,0.00,0
2026-06-14T09:10:00Z,MR-03,Creekside,applying,41.0,0.83,87
2026-06-14T09:10:00Z,MR-04,Creekside,charging,43.4,0.00,0
2026-06-14T09:10:00Z,MR-05,Home Quarter,charging,22.3,0.00,0
2026-06-14T09:10:00Z,MR-06,Home Quarter,applying,49.5,0.88,98
2026-06-14T09:15:00Z,MR-01,North 40,driving,48.9,0.00,189
2026-06-14T09:15:00Z,MR-02,North 40,charging,62.8,0.00,0
2026-06-14T09:15:00Z,MR-03,Creekside,applying,40.5,0.89,96
2026-06-14T09:15:00Z,MR-04,Creekside,charging,45.3,0.00,0
2026-06-14T09:15:00Z,MR-05,Home Quarter,charging,24.7,0.00,0
2026-06-14T09:15:00Z,MR-06,Home Quarter,applying,48.9,0.97,81
2026-06-14T09:20:00Z,MR-01,North 40,applying,48.3,0.76,99
2026-06-14T09:20:00Z,MR-02,North 40,charging,65.3,0.00,0
2026-06-14T09:20:00Z,MR-03,Creekside,applying,39.9,0.84,96
2026-06-14T09:20:00Z,MR-04,Creekside,charging,47.4,0.00,0
2026-06-14T09:20:00Z,MR-05,Home Quarter,charging,27.5,0.00,0
2026-06-14T09:20:00Z,MR-06,Home Quarter,applying,48.4,1.01,87
2026-06-14T09:25:00Z,MR-01,North 40,applying,47.6,0.78,97
2026-06-14T09:25:00Z,MR-02,North 40,charging,68.2,0.00,0
2026-06-14T09:25:00Z,MR-03,Creekside,applying,39.3,0.95,90
2026-06-14T09:25:00Z,MR-04,Creekside,charging,49.4,0.00,0
2026-06-14T09:25:00Z,MR-05,Home Quarter,charging,30.1,0.00,0
2026-06-14T09:25:00Z,MR-06,Home Quarter,applying,47.7,0.72,98
2026-06-14T09:30:00Z,MR-01,North 40,applying,47.1,1.01,81
2026-06-14T09:30:00Z,MR-02,North 40,charging,70.7,0.00,0
2026-06-14T09:30:00Z,MR-03,Creekside,applying,38.8,0.79,89
2026-06-14T09:30:00Z,MR-04,Creekside,charging,51.4,0.00,0
2026-06-14T09:30:00Z,MR-05,Home Quarter,charging,32.8,0.00,0
2026-06-14T09:30:00Z,MR-06,Home Quarter,applying,47.1,1.00,84
2026-06-14T09:35:00Z,MR-01,North 40,applying,46.6,0.74,88
2026-06-14T09:35:00Z,MR-02,North 40,charging,73.2,0.00,0
2026-06-14T09:35:00Z,MR-03,Creekside,fault,38.7,0.00,0
2026-06-14T09:35:00Z,MR-04,Creekside,charging,53.6,0.00,0
2026-06-14T09:35:00Z,MR-05,Home Quarter,charging,35.6,0.00,0
2026-06-14T09:35:00Z,MR-06,Home Quarter,applying,46.6,0.73,90
2026-06-14T09:40:00Z,MR-01,North 40,applying,45.9,0.81,99
2026-06-14T09:40:00Z,MR-02,North 40,charging,76.1,0.00,0
2026-06-14T09:40:00Z,MR-03,Creekside,fault,38.7,0.00,0
2026-06-14T09:40:00Z,MR-04,Creekside,charging,55.9,0.00,0
2026-06-14T09:40:00Z,MR-05,Home Quarter,charging,37.9,0.00,0
2026-06-14T09:40:00Z,MR-06,Home Quarter,applying,46.1,0.91,88
2026-06-14T09:45:00Z,MR-01,North 40,applying,45.3,0.82,99
2026-06-14T09:45:00Z,MR-02,North 40,charging,78.9,0.00,0
2026-06-14T09:45:00Z,MR-03,Creekside,applying,38.0,0.81,95
2026-06-14T09:45:00Z,MR-04,Creekside,charging,57.9,0.00,0
2026-06-14T09:45:00Z,MR-05,Home Quarter,charging,40.4,0.00,0
2026-06-14T09:45:00Z,MR-06,Home Quarter,applying,45.5,1.02,100
2026-06-14T09:50:00Z,MR-01,North 40,applying,44.8,1.07,96
2026-06-14T09:50:00Z,MR-02,North 40,charging,81.4,0.00,0
2026-06-14T09:50:00Z,MR-03,Creekside,driving,37.7,0.00,151
2026-06-14T09:50:00Z,MR-04,Creekside,charging,60.2,0.00,0
2026-06-14T09:50:00Z,MR-05,Home Quarter,charging,42.9,0.00,0
2026-06-14T09:50:00Z,MR-06,Home Quarter,applying,44.9,0.74,85
2026-06-14T09:55:00Z,MR-01,North 40,driving,44.3,0.00,187
2026-06-14T09:55:00Z,MR-02,North 40,charging,84.2,0.00,0
2026-06-14T09:55:00Z,MR-03,Creekside,applying,37.0,1.02,87
2026-06-14T09:55:00Z,MR-04,Creekside,charging,62.4,0.00,0
2026-06-14T09:55:00Z,MR-05,Home Quarter,charging,45.4,0.00,0
2026-06-14T09:55:00Z,MR-06,Home Quarter,applying,44.4,0.84,92
2026-06-14T10:00:00Z,MR-01,North 40,driving,43.9,0.00,185
2026-06-14T10:00:00Z,MR-02,North 40,charging,87.1,0.00,0
2026-06-14T10:00:00Z,MR-03,Creekside,driving,36.7,0.00,163
2026-06-14T10:00:00Z,MR-04,Creekside,charging,64.6,0.00,0
2026-06-14T10:00:00Z,MR-05,Home Quarter,charging,48.0,0.00,0
2026-06-14T10:00:00Z,MR-06,Home Quarter,applying,43.8,0.98,87
2026-06-14T10:05:00Z,MR-01,North 40,driving,43.5,0.00,167
2026-06-14T10:05:00Z,MR-02,North 40,charging,90.0,0.00,0
2026-06-14T10:05:00Z,MR-03,Creekside,applying,36.0,0.85,83
2026-06-14T10:05:00Z,MR-04,Creekside,charging,66.7,0.00,0
2026-06-14T10:05:00Z,MR-05,Home Quarter,charging,50.8,0.00,0
2026-06-14T10:05:00Z,MR-06,Home Quarter,applying,43.1,0.83,83
2026-06-14T10:10:00Z,MR-01,North 40,applying,43.0,1.07,96
2026-06-14T10:10:00Z,MR-02,North 40,charging,92.5,0.00,0
2026-06-14T10:10:00Z,MR-03,Creekside,applying,35.3,0.94,99
2026-06-14T10:10:00Z,MR-04,Creekside,charging,69.0,0.00,0
2026-06-14T10:10:00Z,MR-05,Home Quarter,charging,53.3,0.00,0
2026-06-14T10:10:00Z,MR-06,Home Quarter,applying,42.5,0.89,96
2026-06-14T10:15:00Z,MR-01,North 40,applying,42.4,1.02,90
2026-06-14T10:15:00Z,MR-02,North 40,applying,91.9,0.80,90
2026-06-14T10:15:00Z,MR-03,Creekside,driving,35.0,0.00,154
2026-06-14T10:15:00Z,MR-04,Creekside,charging,71.2,0.00,0
2026-06-14T10:15:00Z,MR-05,Home Quarter,charging,55.8,0.00,0
2026-06-14T10:15:00Z,MR-06,Home Quarter,applying,41.8,0.81,91
2026-06-14T10:20:00Z,MR-01,North 40,applying,41.9,0.95,94
2026-06-14T10:20:00Z,MR-02,North 40,applying,91.3,0.86,94
2026-06-14T10:20:00Z,MR-03,Creekside,applying,34.4,1.01,88
2026-06-14T10:20:00Z,MR-04,Creekside,charging,73.3,0.00,0
2026-06-14T10:20:00Z,MR-05,Home Quarter,charging,58.2,0.00,0
2026-06-14T10:20:00Z,MR-06,Home Quarter,applying,41.2,0.94,82
2026-06-14T10:25:00Z,MR-01,North 40,driving,41.5,0.00,150
2026-06-14T10:25:00Z,MR-02,North 40,applying,90.6,1.09,94
2026-06-14T10:25:00Z,MR-03,Creekside,applying,33.8,0.95,99
2026-06-14T10:25:00Z,MR-04,Creekside,charging,75.4,0.00,0
2026-06-14T10:25:00Z,MR-05,Home Quarter,charging,61.0,0.00,0
2026-06-14T10:25:00Z,MR-06,Home Quarter,applying,40.6,0.90,89
2026-06-14T10:30:00Z,MR-01,North 40,applying,41.0,0.96,85
2026-06-14T10:30:00Z,MR-02,North 40,applying,90.0,0.95,82
2026-06-14T10:30:00Z,MR-03,Creekside,applying,33.2,0.91,96
2026-06-14T10:30:00Z,MR-04,Creekside,charging,77.4,0.00,0
2026-06-14T10:30:00Z,MR-05,Home Quarter,charging,63.8,0.00,0
2026-06-14T10:30:00Z,MR-06,Home Quarter,applying,39.9,0.92,96
2026-06-14T10:35:00Z,MR-01,North 40,driving,40.5,0.00,193
2026-06-14T10:35:00Z,MR-02,North 40,applying,89.4,0.82,84
2026-06-14T10:35:00Z,MR-03,Creekside,applying,32.6,0.95,83
2026-06-14T10:35:00Z,MR-04,Creekside,charging,79.4,0.00,0
2026-06-14T10:35:00Z,MR-05,Home Quarter,charging,66.5,0.00,0
2026-06-14T10:35:00Z,MR-06,Home Quarter,applying,39.4,0.92,94
2026-06-14T10:40:00Z,MR-01,North 40,applying,39.9,0.99,83
2026-06-14T10:40:00Z,MR-02,North 40,applying,88.7,1.03,84
2026-06-14T10:40:00Z,MR-03,Creekside,driving,32.2,0.00,191
2026-06-14T10:40:00Z,MR-04,Creekside,charging,81.6,0.00,0
2026-06-14T10:40:00Z,MR-05,Home Quarter,charging,68.9,0.00,0
2026-06-14T10:40:00Z,MR-06,Home Quarter,applying,38.9,1.04,94
2026-06-14T10:45:00Z,MR-01,North 40,applying,39.3,1.05,96
2026-06-14T10:45:00Z,MR-02,North 40,driving,88.4,0.00,185
2026-06-14T10:45:00Z,MR-03,Creekside,driving,31.7,0.00,154
2026-06-14T10:45:00Z,MR-04,Creekside,charging,83.6,0.00,0
2026-06-14T10:45:00Z,MR-05,Home Quarter,charging,71.3,0.00,0
2026-06-14T10:45:00Z,MR-06,Home Quarter,applying,38.2,0.89,81
2026-06-14T10:50:00Z,MR-01,North 40,applying,38.6,0.95,88
2026-06-14T10:50:00Z,MR-02,North 40,applying,87.9,1.10,86
2026-06-14T10:50:00Z,MR-03,Creekside,applying,31.1,0.73,87
2026-06-14T10:50:00Z,MR-04,Creekside,charging,85.9,0.00,0
2026-06-14T10:50:00Z,MR-05,Home Quarter,charging,73.9,0.00,0
2026-06-14T10:50:00Z,MR-06,Home Quarter,applying,37.7,1.00,96
2026-06-14T10:55:00Z,MR-01,North 40,applying,37.9,0.72,80
2026-06-14T10:55:00Z,MR-02,North 40,applying,87.2,0.94,92
2026-06-14T10:55:00Z,MR-03,Creekside,applying,30.5,0.90,97
2026-06-14T10:55:00Z,MR-04,Creekside,charging,88.1,0.00,0
2026-06-14T10:55:00Z,MR-05,Home Quarter,charging,76.2,0.00,0
2026-06-14T10:55:00Z,MR-06,Home Quarter,applying,37.1,0.96,99
2026-06-14T11:00:00Z,MR-01,North 40,applying,37.3,0.89,98
2026-06-14T11:00:00Z,MR-02,North 40,applying,86.5,1.07,98
2026-06-14T11:00:00Z,MR-03,Creekside,applying,29.9,0.93,91
2026-06-14T11:00:00Z,MR-04,Creekside,charging,90.3,0.00,0
2026-06-14T11:00:00Z,MR-05,Home Quarter,charging,78.9,0.00,0
2026-06-14T11:00:00Z,MR-06,Home Quarter,applying,36.5,0.75,96
2026-06-14T11:05:00Z,MR-01,North 40,applying,36.6,0.85,82
2026-06-14T11:05:00Z,MR-02,North 40,applying,85.9,0.82,87
2026-06-14T11:05:00Z,MR-03,Creekside,applying,29.3,0.68,95
2026-06-14T11:05:00Z,MR-04,Creekside,charging,92.5,0.00,0
2026-06-14T11:05:00Z,MR-05,Home Quarter,charging,81.3,0.00,0
2026-06-14T11:05:00Z,MR-06,Home Quarter,applying,35.9,0.95,89
2026-06-14T11:10:00Z,MR-01,North 40,applying,36.0,0.86,87
2026-06-14T11:10:00Z,MR-02,North 40,applying,85.4,1.01,80
2026-06-14T11:10:00Z,MR-03,Creekside,applying,28.7,0.97,81
2026-06-14T11:10:00Z,MR-04,Creekside,applying,91.8,1.33,83
2026-06-14T11:10:00Z,MR-05,Home Quarter,charging,84.1,0.00,0
2026-06-14T11:10:00Z,MR-06,Home Quarter,applying,35.3,0.91,80
2026-06-14T11:15:00Z,MR-01,North 40,driving,35.6,0.00,163
2026-06-14T11:15:00Z,MR-02,North 40,applying,84.7,1.05,93
2026-06-14T11:15:00Z,MR-03,Creekside,applying,28.0,0.79,83
2026-06-14T11:15:00Z,MR-04,Creekside,applying,91.2,1.23,91
2026-06-14T11:15:00Z,MR-05,Home Quarter,charging,86.8,0.00,0
2026-06-14T11:15:00Z,MR-06,Home Quarter,applying,34.6,0.87,93
2026-06-14T11:20:00Z,MR-01,North 40,applying,35.0,0.95,93
2026-06-14T11:20:00Z,MR-02,North 40,applying,84.2,0.91,95
2026-06-14T11:20:00Z,MR-03,Creekside,applying,27.4,0.91,100
2026-06-14T11:20:00Z,MR-04,Creekside,driving,90.7,0.00,188
2026-06-14T11:20:00Z,MR-05,Home Quarter,charging,89.2,0.00,0
2026-06-14T11:20:00Z,MR-06,Home Quarter,driving,34.3,0.00,178
2026-06-14T11:25:00Z,MR-01,North 40,applying,34.5,0.97,95
2026-06-14T11:25:00Z,MR-02,North 40,applying,83.6,1.11,98
2026-06-14T11:25:00Z,MR-03,Creekside,applying,26.7,0.97,85
2026-06-14T11:25:00Z,MR-04,Creekside,applying,90.2,1.14,88
2026-06-14T11:25:00Z,MR-05,Home Quarter,charging,91.8,0.00,0
2026-06-14T11:25:00Z,MR-06,Home Quarter,driving,33.8,0.00,153
2026-06-14T11:30:00Z,MR-01,North 40,applying,33.8,1.05,93
2026-06-14T11:30:00Z,MR-02,North 40,applying,82.9,1.01,82
2026-06-14T11:30:00Z,MR-03,Creekside,applying,26.1,0.79,87
2026-06-14T11:30:00Z,MR-04,Creekside,applying,89.6,1.12,99
2026-06-14T11:30:00Z,MR-05,Home Quarter,charging,94.5,0.00,0
2026-06-14T11:30:00Z,MR-06,Home Quarter,applying,33.1,0.77,99
2026-06-14T11:35:00Z,MR-01,North 40,applying,33.3,0.78,91
2026-06-14T11:35:00Z,MR-02,North 40,applying,82.3,1.05,92
2026-06-14T11:35:00Z,MR-03,Creekside,applying,25.5,0.91,85
2026-06-14T11:35:00Z,MR-04,Creekside,applying,88.9,1.28,92
2026-06-14T11:35:00Z,MR-05,Home Quarter,driving,94.0,0.00,192
2026-06-14T11:35:00Z,MR-06,Home Quarter,applying,32.4,0.71,94
2026-06-14T11:40:00Z,MR-01,North 40,applying,32.6,1.07,94
2026-06-14T11:40:00Z,MR-02,North 40,driving,81.9,0.00,174
2026-06-14T11:40:00Z,MR-03,Creekside,applying,24.9,0.98,85
2026-06-14T11:40:00Z,MR-04,Creekside,driving,88.6,0.00,191
2026-06-14T11:40:00Z,MR-05,Home Quarter,driving,93.7,0.00,173
2026-06-14T11:40:00Z,MR-06,Home Quarter,applying,31.8,0.90,88
2026-06-14T11:45:00Z,MR-01,North 40,applying,31.9,1.03,83
2026-06-14T11:45:00Z,MR-02,North 40,applying,81.4,0.94,92
2026-06-14T11:45:00Z,MR-03,Creekside,driving,24.5,0.00,168
2026-06-14T11:45:00Z,MR-04,Creekside,applying,87.9,1.32,91
2026-06-14T11:45:00Z,MR-05,Home Quarter,applying,93.0,1.13,97
2026-06-14T11:45:00Z,MR-06,Home Quarter,applying,31.3,0.81,82
2026-06-14T11:50:00Z,MR-01,North 40,applying,31.4,0.99,84
2026-06-14T11:50:00Z,MR-02,North 40,applying,80.8,0.95,84
2026-06-14T11:50:00Z,MR-03,Creekside,applying,23.8,0.77,98
2026-06-14T11:50:00Z,MR-04,Creekside,applying,87.4,1.21,81
2026-06-14T11:50:00Z,MR-05,Home Quarter,applying,92.3,1.16,81
2026-06-14T11:50:00Z,MR-06,Home Quarter,applying,30.7,0.84,80
2026-06-14T11:55:00Z,MR-01,North 40,applying,30.8,1.08,96
2026-06-14T11:55:00Z,MR-02,North 40,applying,80.2,0.91,82
2026-06-14T11:55:00Z,MR-03,Creekside,driving,23.4,0.00,200
2026-06-14T11:55:00Z,MR-04,Creekside,driving,86.9,0.00,165
2026-06-14T11:55:00Z,MR-05,Home Quarter,applying,91.8,0.92,95
2026-06-14T11:55:00Z,MR-06,Home Quarter,applying,30.0,0.89,84
2026-06-14T12:00:00Z,MR-01,North 40,applying,30.2,0.88,81
2026-06-14T12:00:00Z,MR-02,North 40,applying,79.7,0.98,99
2026-06-14T12:00:00Z,MR-03,Creekside,applying,22.8,0.80,91
2026-06-14T12:00:00Z,MR-04,Creekside,applying,86.3,1.11,91
2026-06-14T12:00:00Z,MR-05,Home Quarter,applying,91.1,1.20,90
2026-06-14T12:00:00Z,MR-06,Home Quarter,applying,29.4,0.88,84
2026-06-14T12:05:00Z,MR-01,North 40,applying,29.5,0.84,80
2026-06-14T12:05:00Z,MR-02,North 40,applying,79.1,0.95,94
2026-06-14T12:05:00Z,MR-03,Creekside,driving,22.3,0.00,199
2026-06-14T12:05:00Z,MR-04,Creekside,applying,85.8,1.31,88
2026-06-14T12:05:00Z,MR-05,Home Quarter,applying,90.4,1.18,100
2026-06-14T12:05:00Z,MR-06,Home Quarter,applying,28.8,0.81,86
2026-06-14T12:10:00Z,MR-01,North 40,applying,29.0,0.98,81
2026-06-14T12:10:00Z,MR-02,North 40,applying,78.4,0.94,85
2026-06-14T12:10:00Z,MR-03,Creekside,applying,21.7,0.68,93
2026-06-14T12:10:00Z,MR-04,Creekside,applying,85.2,1.02,99
2026-06-14T12:10:00Z,MR-05,Home Quarter,applying,89.8,1.20,85
2026-06-14T12:10:00Z,MR-06,Home Quarter,applying,28.2,0.96,88
2026-06-14T12:15:00Z,MR-01,North 40,applying,28.5,1.02,81
2026-06-14T12:15:00Z,MR-02,North 40,applying,77.8,0.97,92
2026-06-14T12:15:00Z,MR-03,Creekside,applying,21.0,0.76,86
2026-06-14T12:15:00Z,MR-04,Creekside,driving,84.7,0.00,202
2026-06-14T12:15:00Z,MR-05,Home Quarter,driving,89.4,0.00,195
2026-06-14T12:15:00Z,MR-06,Home Quarter,applying,27.7,0.78,83
2026-06-14T12:20:00Z,MR-01,North 40,applying,27.8,0.95,86
2026-06-14T12:20:00Z,MR-02,North 40,applying,77.3,0.96,100
2026-06-14T12:20:00Z,MR-03,Creekside,applying,20.4,0.94,84
2026-06-14T12:20:00Z,MR-04,Creekside,applying,84.1,1.27,88
2026-06-14T12:20:00Z,MR-05,Home Quarter,applying,88.9,1.09,97
2026-06-14T12:20:00Z,MR-06,Home Quarter,applying,27.1,0.77,87
2026-06-14T12:25:00Z,MR-01,North 40,applying,27.3,1.06,82
2026-06-14T12:25:00Z,MR-02,North 40,driving,77.0,0.00,165
2026-06-14T12:25:00Z,MR-03,Creekside,applying,19.7,0.83,82
2026-06-14T12:25:00Z,MR-04,Creekside,applying,83.5,0.94,97
2026-06-14T12:25:00Z,MR-05,Home Quarter,applying,88.2,0.95,93
2026-06-14T12:25:00Z,MR-06,Home Quarter,applying,26.5,0.88,90
2026-06-14T12:30:00Z,MR-01,North 40,applying,26.7,0.99,86
2026-06-14T12:30:00Z,MR-02,North 40,applying,76.5,1.00,92
2026-06-14T12:30:00Z,MR-03,Creekside,charging,22.5,0.00,0
2026-06-14T12:30:00Z,MR-04,Creekside,applying,82.8,1.32,90
2026-06-14T12:30:00Z,MR-05,Home Quarter,applying,87.7,0.90,94
2026-06-14T12:30:00Z,MR-06,Home Quarter,applying,25.9,0.76,80
2026-06-14T12:35:00Z,MR-01,North 40,applying,26.1,1.00,91
2026-06-14T12:35:00Z,MR-02,North 40,applying,75.9,0.92,80
2026-06-14T12:35:00Z,MR-03,Creekside,charging,25.7,0.00,0
2026-06-14T12:35:00Z,MR-04,Creekside,driving,82.4,0.00,204
2026-06-14T12:35:00Z,MR-05,Home Quarter,applying,87.0,1.10,86
2026-06-14T12:35:00Z,MR-06,Home Quarter,applying,25.4,0.77,81
2026-06-14T12:40:00Z,MR-01,North 40,applying,25.5,0.86,91
2026-06-14T12:40:00Z,MR-02,North 40,applying,75.3,0.80,86
2026-06-14T12:40:00Z,MR-03,Creekside,charging,28.8,0.00,0
2026-06-14T12:40:00Z,MR-04,Creekside,driving,82.0,0.00,171
2026-06-14T12:40:00Z,MR-05,Home Quarter,applying,86.5,0.92,93
2026-06-14T12:40:00Z,MR-06,Home Quarter,driving,25.1,0.00,171
2026-06-14T12:45:00Z,MR-01,North 40,applying,24.9,1.04,98
2026-06-14T12:45:00Z,MR-02,North 40,applying,74.7,0.95,89
2026-06-14T12:45:00Z,MR-03,Creekside,charging,31.8,0.00,0
2026-06-14T12:45:00Z,MR-04,Creekside,applying,81.4,1.36,90
2026-06-14T12:45:00Z,MR-05,Home Quarter,applying,85.9,0.94,91
2026-06-14T12:45:00Z,MR-06,Home Quarter,applying,24.5,1.05,84
2026-06-14T12:50:00Z,MR-01,North 40,driving,24.5,0.00,207
2026-06-14T12:50:00Z,MR-02,North 40,applying,74.1,1.05,81
2026-06-14T12:50:00Z,MR-03,Creekside,charging,34.9,0.00,0
2026-06-14T12:50:00Z,MR-04,Creekside,applying,80.8,1.04,89
2026-06-14T12:50:00Z,MR-05,Home Quarter,driving,85.6,0.00,188
2026-06-14T12:50:00Z,MR-06,Home Quarter,applying,24.0,0.87,87
2026-06-14T12:55:00Z,MR-01,North 40,driving,24.1,0.00,179
2026-06-14T12:55:00Z,MR-02,North 40,applying,73.6,0.77,99
2026-06-14T12:55:00Z,MR-03,Creekside,charging,37.9,0.00,0
2026-06-14T12:55:00Z,MR-04,Creekside,applying,80.2,1.02,86
2026-06-14T12:55:00Z,MR-05,Home Quarter,applying,85.0,1.11,85
2026-06-14T12:55:00Z,MR-06,Home Quarter,applying,23.3,0.94,99
2026-06-14T13:00:00Z,MR-01,North 40,applying,23.6,1.05,97
2026-06-14T13:00:00Z,MR-02,North 40,applying,73.0,1.09,98
2026-06-14T13:00:00Z,MR-03,Creekside,charging,40.9,0.00,0
2026-06-14T13:00:00Z,MR-04,Creekside,applying,79.6,0.97,95
2026-06-14T13:00:00Z,MR-05,Home Quarter,applying,84.4,1.05,86
2026-06-14T13:00:00Z,MR-06,Home Quarter,applying,22.8,0.99,97
2026-06-14T13:05:00Z,MR-01,North 40,applying,23.0,0.94,95
2026-06-14T13:05:00Z,MR-02,North 40,applying,72.4,1.06,83
2026-06-14T13:05:00Z,MR-03,Creekside,charging,43.6,0.00,0
2026-06-14T13:05:00Z,MR-04,Creekside,applying,79.0,1.31,86
2026-06-14T13:05:00Z,MR-05,Home Quarter,applying,83.7,1.01,92
2026-06-14T13:05:00Z,MR-06,Home Quarter,applying,22.2,0.82,89
2026-06-14T13:10:00Z,MR-01,North 40,applying,22.5,0.94,90
2026-06-14T13:10:00Z,MR-02,North 40,applying,71.9,0.79,89
2026-06-14T13:10:00Z,MR-03,Creekside,charging,46.7,0.00,0
2026-06-14T13:10:00Z,MR-04,Creekside,applying,78.3,1.08,85
2026-06-14T13:10:00Z,MR-05,Home Quarter,driving,83.4,0.00,176
2026-06-14T13:10:00Z,MR-06,Home Quarter,applying,21.6,0.83,86
2026-06-14T13:15:00Z,MR-01,North 40,applying,21.8,0.74,96
2026-06-14T13:15:00Z,MR-02,North 40,driving,71.4,0.00,175
2026-06-14T13:15:00Z,MR-03,Creekside,charging,49.6,0.00,0
2026-06-14T13:15:00Z,MR-04,Creekside,driving,78.0,0.00,164
2026-06-14T13:15:00Z,MR-05,Home Quarter,applying,82.8,1.01,94
2026-06-14T13:15:00Z,MR-06,Home Quarter,applying,20.9,0.83,95
2026-06-14T13:20:00Z,MR-01,North 40,applying,21.2,0.79,94
2026-06-14T13:20:00Z,MR-02,North 40,applying,70.7,1.08,85
2026-06-14T13:20:00Z,MR-03,Creekside,charging,52.7,0.00,0
2026-06-14T13:20:00Z,MR-04,Creekside,applying,77.5,1.30,98
2026-06-14T13:20:00Z,MR-05,Home Quarter,applying,82.3,1.02,86
2026-06-14T13:20:00Z,MR-06,Home Quarter,applying,20.4,0.78,82
2026-06-14T13:25:00Z,MR-01,North 40,applying,20.5,0.89,89
2026-06-14T13:25:00Z,MR-02,North 40,applying,70.2,0.95,93
2026-06-14T13:25:00Z,MR-03,Creekside,charging,55.5,0.00,0
2026-06-14T13:25:00Z,MR-04,Creekside,applying,76.8,1.12,86
2026-06-14T13:25:00Z,MR-05,Home Quarter,applying,81.6,1.08,90
2026-06-14T13:25:00Z,MR-06,Home Quarter,applying,19.8,0.74,81
2026-06-14T13:30:00Z,MR-01,North 40,applying,20.0,1.03,91
2026-06-14T13:30:00Z,MR-02,North 40,applying,69.6,0.88,93
2026-06-14T13:30:00Z,MR-03,Creekside,charging,58.4,0.00,0
2026-06-14T13:30:00Z,MR-04,Creekside,applying,76.2,0.93,88
2026-06-14T13:30:00Z,MR-05,Home Quarter,applying,81.0,0.84,82
2026-06-14T13:30:00Z,MR-06,Home Quarter,charging,22.2,0.00,0
2026-06-14T13:35:00Z,MR-01,North 40,applying,19.3,0.91,98
2026-06-14T13:35:00Z,MR-02,North 40,driving,69.3,0.00,153
2026-06-14T13:35:00Z,MR-03,Creekside,charging,61.4,0.00,0
2026-06-14T13:35:00Z,MR-04,Creekside,driving,75.9,0.00,200
2026-06-14T13:35:00Z,MR-05,Home Quarter,driving,80.6,0.00,167
2026-06-14T13:35:00Z,MR-06,Home Quarter,charging,24.5,0.00,0
2026-06-14T13:40:00Z,MR-01,North 40,charging,21.5,0.00,0
2026-06-14T13:40:00Z,MR-02,North 40,applying,68.7,1.09,87
2026-06-14T13:40:00Z,MR-03,Creekside,charging,64.3,0.00,0
2026-06-14T13:40:00Z,MR-04,Creekside,applying,75.2,1.12,92
2026-06-14T13:40:00Z,MR-05,Home Quarter,driving,80.3,0.00,187
2026-06-14T13:40:00Z,MR-06,Home Quarter,charging,26.9,0.00,0
2026-06-14T13:45:00Z,MR-01,North 40,charging,23.6,0.00,0
2026-06-14T13:45:00Z,MR-02,North 40,applying,68.1,0.85,88
2026-06-14T13:45:00Z,MR-03,Creekside,charging,67.4,0.00,0
2026-06-14T13:45:00Z,MR-04,Creekside,applying,74.7,1.16,83
2026-06-14T13:45:00Z,MR-05,Home Quarter,applying,79.7,0.89,91
2026-06-14T13:45:00Z,MR-06,Home Quarter,charging,29.0,0.00,0
2026-06-14T13:50:00Z,MR-01,North 40,charging,25.7,0.00,0
2026-06-14T13:50:00Z,MR-02,North 40,applying,67.5,0.83,98
2026-06-14T13:50:00Z,MR-03,Creekside,charging,70.2,0.00,0
2026-06-14T13:50:00Z,MR-04,Creekside,applying,74.2,1.18,81
2026-06-14T13:50:00Z,MR-05,Home Quarter,applying,79.2,1.04,93
2026-06-14T13:50:00Z,MR-06,Home Quarter,charging,31.2,0.00,0
2026-06-14T13:55:00Z,MR-01,North 40,charging,27.8,0.00,0
2026-06-14T13:55:00Z,MR-02,North 40,applying,66.8,0.87,92
2026-06-14T13:55:00Z,MR-03,Creekside,charging,73.2,0.00,0
2026-06-14T13:55:00Z,MR-04,Creekside,applying,73.6,1.24,83
2026-06-14T13:55:00Z,MR-05,Home Quarter,applying,78.6,0.98,97
2026-06-14T13:55:00Z,MR-06,Home Quarter,charging,33.3,0.00,0
2026-06-14T14:00:00Z,MR-01,North 40,charging,30.0,0.00,0
2026-06-14T14:00:00Z,MR-02,North 40,applying,66.1,1.09,95
2026-06-14T14:00:00Z,MR-03,Creekside,charging,76.2,0.00,0
2026-06-14T14:00:00Z,MR-04,Creekside,applying,73.0,0.92,85
2026-06-14T14:00:00Z,MR-05,Home Quarter,driving,78.2,0.00,174
2026-06-14T14:00:00Z,MR-06,Home Quarter,charging,35.4,0.00,0
2026-06-14T14:05:00Z,MR-01,North 40,charging,32.1,0.00,0
2026-06-14T14:05:00Z,MR-02,North 40,applying,65.5,0.96,84
2026-06-14T14:05:00Z,MR-03,Creekside,charging,79.3,0.00,0
2026-06-14T14:05:00Z,MR-04,Creekside,applying,72.4,1.22,96
2026-06-14T14:05:00Z,MR-05,Home Quarter,applying,77.5,1.16,90
2026-06-14T14:05:00Z,MR-06,Home Quarter,charging,37.7,0.00,0
2026-06-14T14:10:00Z,MR-01,North 40,charging,34.0,0.00,0
2026-06-14T14:10:00Z,MR-02,North 40,applying,64.8,1.07,97
2026-06-14T14:10:00Z,MR-03,Creekside,charging,82.0,0.00,0
2026-06-14T14:10:00Z,MR-04,Creekside,applying,71.8,1.20,90
2026-06-14T14:10:00Z,MR-05,Home Quarter,applying,76.9,0.85,84
2026-06-14T14:10:00Z,MR-06,Home Quarter,charging,40.2,0.00,0
2026-06-14T14:15:00Z,MR-01,North 40,charging,36.1,0.00,0
2026-06-14T14:15:00Z,MR-02,North 40,applying,64.2,1.05,97
2026-06-14T14:15:00Z,MR-03,Creekside,charging,84.8,0.00,0
2026-06-14T14:15:00Z,MR-04,Creekside,applying,71.1,1.04,92
2026-06-14T14:15:00Z,MR-05,Home Quarter,applying,76.3,1.16,86
2026-06-14T14:15:00Z,MR-06,Home Quarter,charging,42.3,0.00,0
2026-06-14T14:20:00Z,MR-01,North 40,charging,38.0,0.00,0
2026-06-14T14:20:00Z,MR-02,North 40,applying,63.7,1.00,88
2026-06-14T14:20:00Z,MR-03,Creekside,charging,87.8,0.00,0
2026-06-14T14:20:00Z,MR-04,Creekside,applying,70.5,0.98,94
2026-06-14T14:20:00Z,MR-05,Home Quarter,applying,75.7,0.86,89
2026-06-14T14:20:00Z,MR-06,Home Quarter,charging,44.4,0.00,0
2026-06-14T14:25:00Z,MR-01,North 40,charging,40.1,0.00,0
2026-06-14T14:25:00Z,MR-02,North 40,applying,63.0,1.06,90
2026-06-14T14:25:00Z,MR-03,Creekside,charging,90.9,0.00,0
2026-06-14T14:25:00Z,MR-04,Creekside,applying,69.9,1.28,97
2026-06-14T14:25:00Z,MR-05,Home Quarter,applying,75.0,1.15,81
2026-06-14T14:25:00Z,MR-06,Home Quarter,charging,46.8,0.00,0
2026-06-14T14:30:00Z,MR-01,North 40,charging,42.2,0.00,0
2026-06-14T14:30:00Z,MR-02,North 40,applying,62.4,1.04,97
2026-06-14T14:30:00Z,MR-03,Creekside,charging,93.7,0.00,0
2026-06-14T14:30:00Z,MR-04,Creekside,applying,69.3,1.28,85
2026-06-14T14:30:00Z,MR-05,Home Quarter,applying,74.4,0.97,83
2026-06-14T14:30:00Z,MR-06,Home Quarter,charging,49.2,0.00,0
2026-06-14T14:35:00Z,MR-01,North 40,charging,44.1,0.00,0
2026-06-14T14:35:00Z,MR-02,North 40,applying,61.7,1.01,84
2026-06-14T14:35:00Z,MR-03,Creekside,applying,93.1,0.81,98
2026-06-14T14:35:00Z,MR-04,Creekside,applying,68.6,1.15,100
2026-06-14T14:35:00Z,MR-05,Home Quarter,applying,73.9,1.17,83
2026-06-14T14:35:00Z,MR-06,Home Quarter,charging,51.3,0.00,0
2026-06-14T14:40:00Z,MR-01,North 40,charging,46.3,0.00,0
2026-06-14T14:40:00Z,MR-02,North 40,applying,61.2,0.84,99
2026-06-14T14:40:00Z,MR-03,Creekside,applying,92.4,0.71,95
2026-06-14T14:40:00Z,MR-04,Creekside,applying,68.1,1.29,98
2026-06-14T14:40:00Z,MR-05,Home Quarter,driving,73.5,0.00,194
2026-06-14T14:40:00Z,MR-06,Home Quarter,charging,53.5,0.00,0
2026-06-14T14:45:00Z,MR-01,North 40,charging,48.5,0.00,0
2026-06-14T14:45:00Z,MR-02,North 40,driving,60.7,0.00,199
2026-06-14T14:45:00Z,MR-03,Creekside,applying,91.8,0.86,89
2026-06-14T14:45:00Z,MR-04,Creekside,driving,67.8,0.00,201
2026-06-14T14:45:00Z,MR-05,Home Quarter,applying,73.0,0.97,97
2026-06-14T14:45:00Z,MR-06,Home Quarter,charging,55.9,0.00,0
2026-06-14T14:50:00Z,MR-01,North 40,charging,50.5,0.00,0
2026-06-14T14:50:00Z,MR-02,North 40,applying,60.1,1.10,84
2026-06-14T14:50:00Z,MR-03,Creekside,applying,91.2,0.68,98
2026-06-14T14:50:00Z,MR-04,Creekside,applying,67.3,1.13,80
2026-06-14T14:50:00Z,MR-05,Home Quarter,applying,72.3,0.85,95
2026-06-14T14:50:00Z,MR-06,Home Quarter,charging,58.4,0.00,0
2026-06-14T14:55:00Z,MR-01,North 40,charging,52.7,0.00,0
2026-06-14T14:55:00Z,MR-02,North 40,driving,59.6,0.00,177
2026-06-14T14:55:00Z,MR-03,Creekside,applying,90.7,0.92,87
2026-06-14T14:55:00Z,MR-04,Creekside,applying,66.6,1.20,92
2026-06-14T14:55:00Z,MR-05,Home Quarter,applying,71.6,0.91,82
2026-06-14T14:55:00Z,MR-06,Home Quarter,charging,60.8,0.00,0
2026-06-14T15:00:00Z,MR-01,North 40,charging,54.8,0.00,0
2026-06-14T15:00:00Z,MR-02,North 40,applying,59.1,0.97,81
2026-06-14T15:00:00Z,MR-03,Creekside,applying,90.2,0.95,83
2026-06-14T15:00:00Z,MR-04,Creekside,driving,66.3,0.00,150
2026-06-14T15:00:00Z,MR-05,Home Quarter,applying,70.9,1.14,99
2026-06-14T15:00:00Z,MR-06,Home Quarter,charging,62.8,0.00,0
2026-06-14T15:05:00Z,MR-01,North 40,charging,56.7,0.00,0
2026-06-14T15:05:00Z,MR-02,North 40,applying,58.5,1.00,90
2026-06-14T15:05:00Z,MR-03,Creekside,applying,89.5,0.78,81
2026-06-14T15:05:00Z,MR-04,Creekside,applying,65.7,1.08,87
2026-06-14T15:05:00Z,MR-05,Home Quarter,applying,70.3,0.85,84
2026-06-14T15:05:00Z,MR-06,Home Quarter,charging,65.1,0.00,0
2026-06-14T15:10:00Z,MR-01,North 40,charging,58.7,0.00,0
2026-06-14T15:10:00Z,MR-02,North 40,applying,58.0,0.86,91
2026-06-14T15:10:00Z,MR-03,Creekside,applying,88.9,0.81,80
2026-06-14T15:10:00Z,MR-04,Creekside,applying,65.2,1.18,87
2026-06-14T15:10:00Z,MR-05,Home Quarter,applying,69.7,1.16,89
2026-06-14T15:10:00Z,MR-06,Home Quarter,charging,67.4,0.00,0
2026-06-14T15:15:00Z,MR-01,North 40,charging,61.0,0.00,0
2026-06-14T15:15:00Z,MR-02,North 40,applying,57.3,0.90,84
2026-06-14T15:15:00Z,MR-03,Creekside,applying,88.3,0.88,95
2026-06-14T15:15:00Z,MR-04,Creekside,applying,64.5,0.96,97
2026-06-14T15:15:00Z,MR-05,Home Quarter,applying,69.1,1.16,97
2026-06-14T15:15:00Z,MR-06,Home Quarter,charging,69.6,0.00,0
2026-06-14T15:20:00Z,MR-01,North 40,charging,63.1,0.00,0
2026-06-14T15:20:00Z,MR-02,North 40,applying,56.8,1.12,84
2026-06-14T15:20:00Z,MR-03,Creekside,applying,87.7,0.95,96
2026-06-14T15:20:00Z,MR-04,Creekside,applying,64.0,1.02,87
2026-06-14T15:20:00Z,MR-05,Home Quarter,applying,68.6,0.95,81
2026-06-14T15:20:00Z,MR-06,Home Quarter,charging,71.7,0.00,0
2026-06-14T15:25:00Z,MR-01,North 40,charging,65.3,0.00,0
2026-06-14T15:25:00Z,MR-02,North 40,driving,56.5,0.00,191
2026-06-14T15:25:00Z,MR-03,Creekside,applying,87.1,0.86,83
2026-06-14T15:25:00Z,MR-04,Creekside,applying,63.3,1.31,87
2026-06-14T15:25:00Z,MR-05,Home Quarter,driving,68.3,0.00,175
2026-06-14T15:25:00Z,MR-06,Home Quarter,charging,73.8,0.00,0
2026-06-14T15:30:00Z,MR-01,North 40,charging,67.4,0.00,0
2026-06-14T15:30:00Z,MR-02,North 40,applying,55.8,0.85,84
2026-06-14T15:30:00Z,MR-03,Creekside,applying,86.5,0.78,84
2026-06-14T15:30:00Z,MR-04,Creekside,applying,62.6,1.31,88
2026-06-14T15:30:00Z,MR-05,Home Quarter,applying,67.7,0.85,91
2026-06-14T15:30:00Z,MR-06,Home Quarter,charging,76.2,0.00,0
2026-06-14T15:35:00Z,MR-01,North 40,charging,69.6,0.00,0
2026-06-14T15:35:00Z,MR-02,North 40,applying,55.2,1.11,92
2026-06-14T15:35:00Z,MR-03,Creekside,applying,85.8,0.89,82
2026-06-14T15:35:00Z,MR-04,Creekside,applying,62.0,1.00,81
2026-06-14T15:35:00Z,MR-05,Home Quarter,applying,67.1,1.09,93
2026-06-14T15:35:00Z,MR-06,Home Quarter,charging,78.5,0.00,0
2026-06-14T15:40:00Z,MR-01,North 40,charging,71.6,0.00,0
2026-06-14T15:40:00Z,MR-02,North 40,applying,54.6,0.87,87
2026-06-14T15:40:00Z,MR-03,Creekside,applying,85.2,0.77,88
2026-06-14T15:40:00Z,MR-04,Creekside,applying,61.4,1.09,82
2026-06-14T15:40:00Z,MR-05,Home Quarter,applying,66.6,0.98,87
2026-06-14T15:40:00Z,MR-06,Home Quarter,charging,80.7,0.00,0
2026-06-14T15:45:00Z,MR-01,North 40,charging,73.7,0.00,0
2026-06-14T15:45:00Z,MR-02,North 40,applying,53.9,0.99,96
2026-06-14T15:45:00Z,MR-03,Creekside,applying,84.5,0.97,98
2026-06-14T15:45:00Z,MR-04,Creekside,driving,61.1,0.00,206
2026-06-14T15:45:00Z,MR-05,Home Quarter,applying,66.0,0.84,92
2026-06-14T15:45:00Z,MR-06,Home Quarter,charging,82.7,0.00,0
2026-06-14T15:50:00Z,MR-01,North 40,charging,75.6,0.00,0
2026-06-14T15:50:00Z,MR-02,North 40,applying,53.3,0.87,98
2026-06-14T15:50:00Z,MR-03,Creekside,applying,84.0,0.92,98
2026-06-14T15:50:00Z,MR-04,Creekside,applying,60.5,1.04,89
2026-06-14T15:50:00Z,MR-05,Home Quarter,applying,65.3,1.02,94
2026-06-14T15:50:00Z,MR-06,Home Quarter,charging,84.9,0.00,0
2026-06-14T15:55:00Z,MR-01,North 40,charging,77.7,0.00,0
2026-06-14T15:55:00Z,MR-02,North 40,applying,52.7,1.04,98
2026-06-14T15:55:00Z,MR-03,Creekside,applying,83.4,0.95,97
2026-06-14T15:55:00Z,MR-04,Creekside,applying,59.9,1.23,97
2026-06-14T15:55:00Z,MR-05,Home Quarter,applying,64.8,1.00,99
2026-06-14T15:55:00Z,MR-06,Home Quarter,charging,87.1,0.00,0
2026-06-14T16:00:00Z,MR-01,North 40,charging,79.9,0.00,0
2026-06-14T16:00:00Z,MR-02,North 40,applying,52.1,1.08,94
2026-06-14T16:00:00Z,MR-03,Creekside,applying,82.8,0.95,82
2026-06-14T16:00:00Z,MR-04,Creekside,applying,59.3,1.33,82
2026-06-14T16:00:00Z,MR-05,Home Quarter,applying,64.1,1.09,95
2026-06-14T16:00:00Z,MR-06,Home Quarter,charging,89.6,0.00,0
2026-06-14T16:05:00Z,MR-01,North 40,charging,81.9,0.00,0
2026-06-14T16:05:00Z,MR-02,North 40,applying,51.6,0.93,91
2026-06-14T16:05:00Z,MR-03,Creekside,applying,82.2,0.77,87
2026-06-14T16:05:00Z,MR-04,Creekside,applying,58.7,1.24,85
2026-06-14T16:05:00Z,MR-05,Home Quarter,applying,63.6,0.83,86
2026-06-14T16:05:00Z,MR-06,Home Quarter,charging,91.9,0.00,0
2026-06-14T16:10:00Z,MR-01,North 40,charging,84.0,0.00,0
2026-06-14T16:10:00Z,MR-02,North 40,applying,51.1,1.06,95
2026-06-14T16:10:00Z,MR-03,Creekside,driving,81.8,0.00,150
2026-06-14T16:10:00Z,MR-04,Creekside,applying,58.2,1.35,100
2026-06-14T16:10:00Z,MR-05,Home Quarter,applying,63.0,1.00,89
2026-06-14T16:10:00Z,MR-06,Home Quarter,charging,94.2,0.00,0
2026-06-14T16:15:00Z,MR-01,North 40,charging,86.3,0.00,0
2026-06-14T16:15:00Z,MR-02,North 40,applying,50.6,0.84,99
2026-06-14T16:15:00Z,MR-03,Creekside,applying,81.2,1.01,84
2026-06-14T16:15:00Z,MR-04,Creekside,applying,57.5,1.12,89
2026-06-14T16:15:00Z,MR-05,Home Quarter,applying,62.3,1.15,90
2026-06-14T16:15:00Z,MR-06,Home Quarter,applying,93.6,0.97,82
2026-06-14T16:20:00Z,MR-01,North 40,charging,88.4,0.00,0
2026-06-14T16:20:00Z,MR-02,North 40,applying,49.9,0.82,85
2026-06-14T16:20:00Z,MR-03,Creekside,applying,80.7,1.01,93
2026-06-14T16:20:00Z,MR-04,Creekside,applying,56.8,1.37,94
2026-06-14T16:20:00Z,MR-05,Home Quarter,applying,61.7,1.05,96
2026-06-14T16:20:00Z,MR-06,Home Quarter,driving,93.1,0.00,184
2026-06-14T16:25:00Z,MR-01,North 40,charging,90.7,0.00,0
2026-06-14T16:25:00Z,MR-02,North 40,applying,49.3,1.06,84
2026-06-14T16:25:00Z,MR-03,Creekside,applying,80.1,0.71,87
2026-06-14T16:25:00Z,MR-04,Creekside,applying,56.3,1.27,81
2026-06-14T16:25:00Z,MR-05,Home Quarter,applying,61.0,0.88,85
2026-06-14T16:25:00Z,MR-06,Home Quarter,applying,92.4,1.00,92
2026-06-14T16:30:00Z,MR-01,North 40,charging,92.9,0.00,0
2026-06-14T16:30:00Z,MR-02,North 40,driving,48.9,0.00,174
2026-06-14T16:30:00Z,MR-03,Creekside,applying,79.6,0.83,89
2026-06-14T16:30:00Z,MR-04,Creekside,driving,55.8,0.00,181
2026-06-14T16:30:00Z,MR-05,Home Quarter,driving,60.6,0.00,158
2026-06-14T16:30:00Z,MR-06,Home Quarter,applying,91.9,0.90,98
2026-06-14T16:35:00Z,MR-01,North 40,applying,92.4,0.86,97
2026-06-14T16:35:00Z,MR-02,North 40,applying,48.3,1.13,80
2026-06-14T16:35:00Z,MR-03,Creekside,applying,78.9,0.79,97
2026-06-14T16:35:00Z,MR-04,Creekside,driving,55.4,0.00,170
2026-06-14T16:35:00Z,MR-05,Home Quarter,applying,60.1,1.03,96
2026-06-14T16:35:00Z,MR-06,Home Quarter,applying,91.2,0.90,88
2026-06-14T16:40:00Z,MR-01,North 40,driving,92.0,0.00,170
2026-06-14T16:40:00Z,MR-02,North 40,applying,47.7,1.14,98
2026-06-14T16:40:00Z,MR-03,Creekside,applying,78.4,0.87,89
2026-06-14T16:40:00Z,MR-04,Creekside,applying,54.7,0.97,82
2026-06-14T16:40:00Z,MR-05,Home Quarter,applying,59.4,1.15,85
2026-06-14T16:40:00Z,MR-06,Home Quarter,applying,90.5,0.81,83
2026-06-14T16:45:00Z,MR-01,North 40,applying,91.3,0.96,93
2026-06-14T16:45:00Z,MR-02,North 40,applying,47.1,0.86,91
2026-06-14T16:45:00Z,MR-03,Creekside,applying,77.8,0.88,91
2026-06-14T16:45:00Z,MR-04,Creekside,applying,54.1,1.16,90
2026-06-14T16:45:00Z,MR-05,Home Quarter,applying,58.9,1.06,90
2026-06-14T16:45:00Z,MR-06,Home Quarter,applying,90.0,0.76,89
2026-06-14T16:50:00Z,MR-01,North 40,applying,90.7,0.90,82
2026-06-14T16:50:00Z,MR-02,North 40,driving,46.7,0.00,163
2026-06-14T16:50:00Z,MR-03,Creekside,applying,77.2,0.92,80
2026-06-14T16:50:00Z,MR-04,Creekside,applying,53.5,0.99,87
2026-06-14T16:50:00Z,MR-05,Home Quarter,applying,58.3,1.01,96
2026-06-14T16:50:00Z,MR-06,Home Quarter,applying,89.4,0.89,90
2026-06-14T16:55:00Z,MR-01,North 40,applying,90.1,0.90,94
2026-06-14T16:55:00Z,MR-02,North 40,driving,46.3,0.00,172
2026-06-14T16:55:00Z,MR-03,Creekside,driving,76.8,0.00,183
2026-06-14T16:55:00Z,MR-04,Creekside,applying,52.8,1.31,94
2026-06-14T16:55:00Z,MR-05,Home Quarter,driving,58.0,0.00,162
2026-06-14T16:55:00Z,MR-06,Home Quarter,applying,88.8,0.79,88
2026-06-14T17:00:00Z,MR-01,North 40,applying,89.4,0.93,85
2026-06-14T17:00:00Z,MR-02,North 40,applying,45.6,0.97,91
2026-06-14T17:00:00Z,MR-03,Creekside,applying,76.2,0.97,91
2026-06-14T17:00:00Z,MR-04,Creekside,applying,52.3,1.13,83
2026-06-14T17:00:00Z,MR-05,Home Quarter,driving,57.7,0.00,161
2026-06-14T17:00:00Z,MR-06,Home Quarter,applying,88.2,0.96,95
2026-06-14T17:05:00Z,MR-01,North 40,applying,88.9,1.02,87
2026-06-14T17:05:00Z,MR-02,North 40,applying,44.9,1.08,88
2026-06-14T17:05:00Z,MR-03,Creekside,applying,75.6,0.74,93
2026-06-14T17:05:00Z,MR-04,Creekside,applying,51.8,0.96,82
2026-06-14T17:05:00Z,MR-05,Home Quarter,applying,57.1,0.82,85
2026-06-14T17:05:00Z,MR-06,Home Quarter,applying,87.6,0.98,92
2026-06-14T17:10:00Z,MR-01,North 40,driving,88.6,0.00,202
2026-06-14T17:10:00Z,MR-02,North 40,applying,44.4,0.83,89
2026-06-14T17:10:00Z,MR-03,Creekside,applying,75.1,0.74,96
2026-06-14T17:10:00Z,MR-04,Creekside,applying,51.1,0.95,86
2026-06-14T17:10:00Z,MR-05,Home Quarter,applying,56.4,1.02,85
2026-06-14T17:10:00Z,MR-06,Home Quarter,applying,87.0,0.92,91
2026-06-14T17:15:00Z,MR-01,North 40,applying,88.0,0.91,95
2026-06-14T17:15:00Z,MR-02,North 40,applying,43.7,1.09,89
2026-06-14T17:15:00Z,MR-03,Creekside,applying,74.4,0.72,84
2026-06-14T17:15:00Z,MR-04,Creekside,applying,50.5,0.97,100
2026-06-14T17:15:00Z,MR-05,Home Quarter,applying,55.8,0.81,99
2026-06-14T17:15:00Z,MR-06,Home Quarter,applying,86.3,0.99,89
2026-06-14T17:20:00Z,MR-01,North 40,applying,87.3,1.05,100
2026-06-14T17:20:00Z,MR-02,North 40,applying,43.1,0.94,86
2026-06-14T17:20:00Z,MR-03,Creekside,driving,74.0,0.00,189
2026-06-14T17:20:00Z,MR-04,Creekside,applying,49.8,0.96,97
2026-06-14T17:20:00Z,MR-05,Home Quarter,applying,55.1,1.14,90
2026-06-14T17:20:00Z,MR-06,Home Quarter,driving,85.9,0.00,155
2026-06-14T17:25:00Z,MR-01,North 40,applying,86.7,0.73,97
2026-06-14T17:25:00Z,MR-02,North 40,driving,42.7,0.00,196
2026-06-14T17:25:00Z,MR-03,Creekside,applying,73.4,0.71,86
2026-06-14T17:25:00Z,MR-04,Creekside,applying,49.2,1.11,91
2026-06-14T17:25:00Z,MR-05,Home Quarter,applying,54.5,1.00,
2026-06-14T17:25:00Z,MR-06,Home Quarter,applying,85.4,1.04,95
2026-06-14T17:30:00Z,MR-01,North 40,applying,86.0,0.98,82
2026-06-14T17:30:00Z,MR-02,North 40,applying,42.1,0.79,98
2026-06-14T17:30:00Z,MR-03,Creekside,applying,72.7,0.77,82
2026-06-14T17:30:00Z,MR-04,Creekside,applying,48.6,1.02,89
2026-06-14T17:30:00Z,MR-05,Home Quarter,applying,54.0,0.92,84
2026-06-14T17:30:00Z,MR-06,Home Quarter,applying,84.9,0.81,83
2026-06-14T17:35:00Z,MR-01,North 40,applying,85.5,0.94,81
2026-06-14T17:35:00Z,MR-02,North 40,applying,41.5,1.04,84
2026-06-14T17:35:00Z,MR-03,Creekside,applying,72.1,0.78,82
2026-06-14T17:35:00Z,MR-04,Creekside,applying,47.9,1.13,88
2026-06-14T17:35:00Z,MR-05,Home Quarter,applying,53.5,0.99,81
2026-06-14T17:35:00Z,MR-06,Home Quarter,applying,84.2,0.96,88
2026-06-14T17:40:00Z,MR-01,North 40,applying,84.9,0.72,95
2026-06-14T17:40:00Z,MR-02,North 40,applying,41.0,0.87,88
2026-06-14T17:40:00Z,MR-03,Creekside,applying,71.5,0.85,92
2026-06-14T17:40:00Z,MR-04,Creekside,driving,47.6,0.00,170
2026-06-14T17:40:00Z,MR-05,Home Quarter,applying,52.9,1.11,87
2026-06-14T17:40:00Z,MR-06,Home Quarter,applying,83.5,0.93,83
2026-06-14T17:45:00Z,MR-01,North 40,applying,84.3,0.99,81
2026-06-14T17:45:00Z,MR-02,North 40,applying,40.4,1.04,80
2026-06-14T17:45:00Z,MR-03,Creekside,applying,70.9,0.90,91
2026-06-14T17:45:00Z,MR-04,Creekside,applying,46.9,0.94,83
2026-06-14T17:45:00Z,MR-05,Home Quarter,applying,52.3,1.16,94
2026-06-14T17:45:00Z,MR-06,Home Quarter,applying,83.0,0.74,89
2026-06-14T17:50:00Z,MR-01,North 40,applying,83.6,1.04,98
2026-06-14T17:50:00Z,MR-02,North 40,applying,39.8,0.92,85
2026-06-14T17:50:00Z,MR-03,Creekside,applying,70.3,0.81,83
2026-06-14T17:50:00Z,MR-04,Creekside,applying,46.2,1.22,81
2026-06-14T17:50:00Z,MR-05,Home Quarter,applying,51.8,0.81,90
2026-06-14T17:50:00Z,MR-06,Home Quarter,applying,82.5,0.80,98
2026-06-14T17:55:00Z,MR-01,North 40,applying,83.0,0.83,80
2026-06-14T17:55:00Z,MR-02,North 40,applying,39.1,1.00,94
2026-06-14T17:55:00Z,MR-03,Creekside,applying,69.8,0.89,85
2026-06-14T17:55:00Z,MR-04,Creekside,applying,45.7,1.27,98
2026-06-14T17:55:00Z,MR-05,Home Quarter,driving,51.3,0.00,182
2026-06-14T17:55:00Z,MR-06,Home Quarter,applying,81.8,0.92,80
2026-06-14T18:00:00Z,MR-01,North 40,applying,82.5,1.08,98
2026-06-14T18:00:00Z,MR-02,North 40,applying,38.6,0.86,81
2026-06-14T18:00:00Z,MR-03,Creekside,applying,69.2,0.87,94
2026-06-14T18:00:00Z,MR-04,Creekside,applying,45.0,1.21,91
2026-06-14T18:00:00Z,MR-05,Home Quarter,applying,50.6,1.18,82
2026-06-14T18:00:00Z,MR-06,Home Quarter,applying,81.2,0.94,82
2026-06-14T18:05:00Z,MR-01,North 40,applying,82.0,1.05,90
2026-06-14T18:05:00Z,MR-02,North 40,applying,38.0,1.03,94
2026-06-14T18:05:00Z,MR-03,Creekside,applying,68.6,0.76,94
2026-06-14T18:05:00Z,MR-04,Creekside,applying,44.5,1.32,93
2026-06-14T18:05:00Z,MR-05,Home Quarter,applying,50.0,0.84,97
2026-06-14T18:05:00Z,MR-06,Home Quarter,applying,80.6,0.80,81
2026-06-14T18:10:00Z,MR-01,North 40,applying,81.3,1.06,98
2026-06-14T18:10:00Z,MR-02,North 40,applying,37.4,0.99,92
2026-06-14T18:10:00Z,MR-03,Creekside,applying,68.1,0.77,87
2026-06-14T18:10:00Z,MR-04,Creekside,applying,43.8,1.28,91
2026-06-14T18:10:00Z,MR-05,Home Quarter,driving,49.5,0.00,190
2026-06-14T18:10:00Z,MR-06,Home Quarter,applying,80.0,0.89,87
2026-06-14T18:15:00Z,MR-01,North 40,applying,80.6,1.06,89
2026-06-14T18:15:00Z,MR-02,North 40,applying,36.8,1.09,100
2026-06-14T18:15:00Z,MR-03,Creekside,applying,67.6,0.89,84
2026-06-14T18:15:00Z,MR-04,Creekside,driving,43.5,0.00,187
2026-06-14T18:15:00Z,MR-05,Home Quarter,applying,49.0,0.91,86
2026-06-14T18:15:00Z,MR-06,Home Quarter,driving,79.5,0.00,167
2026-06-14T18:20:00Z,MR-01,North 40,applying,80.0,0.89,87
2026-06-14T18:20:00Z,MR-02,North 40,applying,36.1,0.88,82
2026-06-14T18:20:00Z,MR-03,Creekside,applying,66.9,0.88,98
2026-06-14T18:20:00Z,MR-04,Creekside,applying,43.0,1.24,89
2026-06-14T18:20:00Z,MR-05,Home Quarter,applying,48.4,1.04,86
2026-06-14T18:20:00Z,MR-06,Home Quarter,applying,78.9,0.95,96
2026-06-14T18:25:00Z,MR-01,North 40,applying,79.3,0.91,85
2026-06-14T18:25:00Z,MR-02,North 40,applying,35.5,0.96,87
2026-06-14T18:25:00Z,MR-03,Creekside,applying,66.4,0.89,83
2026-06-14T18:25:00Z,MR-04,Creekside,applying,42.3,1.23,83
2026-06-14T18:25:00Z,MR-05,Home Quarter,applying,47.8,1.15,94
2026-06-14T18:25:00Z,MR-06,Home Quarter,applying,78.3,0.94,94
2026-06-14T18:30:00Z,MR-01,North 40,applying,78.7,1.02,85
2026-06-14T18:30:00Z,MR-02,North 40,applying,34.9,1.10,85
2026-06-14T18:30:00Z,MR-03,Creekside,applying,65.8,0.95,89
2026-06-14T18:30:00Z,MR-04,Creekside,applying,41.7,1.02,91
2026-06-14T18:30:00Z,MR-05,Home Quarter,driving,47.4,0.00,172
2026-06-14T18:30:00Z,MR-06,Home Quarter,applying,77.7,0.75,83
2026-06-14T18:35:00Z,MR-01,North 40,applying,78.1,0.93,93
2026-06-14T18:35:00Z,MR-02,North 40,applying,34.3,0.96,95
2026-06-14T18:35:00Z,MR-03,Creekside,applying,65.3,0.83,80
2026-06-14T18:35:00Z,MR-04,Creekside,applying,41.2,0.92,86
2026-06-14T18:35:00Z,MR-05,Home Quarter,applying,46.8,0.96,83
2026-06-14T18:35:00Z,MR-06,Home Quarter,applying,77.1,0.75,85
2026-06-14T18:40:00Z,MR-01,North 40,applying,77.6,0.99,87
2026-06-14T18:40:00Z,MR-02,North 40,driving,33.9,0.00,192
2026-06-14T18:40:00Z,MR-03,Creekside,applying,64.6,1.00,82
2026-06-14T18:40:00Z,MR-04,Creekside,applying,40.6,1.30,88
2026-06-14T18:40:00Z,MR-05,Home Quarter,applying,46.2,0.86,99
2026-06-14T18:40:00Z,MR-06,Home Quarter,driving,76.7,0.00,152
2026-06-14T18:45:00Z,MR-01,North 40,applying,77.0,0.99,96
2026-06-14T18:45:00Z,MR-02,North 40,applying,33.3,0.83,100
2026-06-14T18:45:00Z,MR-03,Creekside,applying,64.0,0.78,82
2026-06-14T18:45:00Z,MR-04,Creekside,applying,39.9,1.02,81
2026-06-14T18:45:00Z,MR-05,Home Quarter,applying,45.5,1.07,80
2026-06-14T18:45:00Z,MR-06,Home Quarter,applying,76.1,0.77,88
2026-06-14T18:50:00Z,MR-01,North 40,applying,76.4,0.96,97
2026-06-14T18:50:00Z,MR-02,North 40,applying,32.8,0.92,90
2026-06-14T18:50:00Z,MR-03,Creekside,applying,63.5,0.88,99
2026-06-14T18:50:00Z,MR-04,Creekside,applying,39.4,1.35,99
2026-06-14T18:50:00Z,MR-05,Home Quarter,applying,44.9,0.89,82
2026-06-14T18:50:00Z,MR-06,Home Quarter,driving,75.7,0.00,152
2026-06-14T18:55:00Z,MR-01,North 40,applying,75.7,1.00,83
2026-06-14T18:55:00Z,MR-02,North 40,applying,32.2,0.93,93
2026-06-14T18:55:00Z,MR-03,Creekside,applying,62.9,0.97,85
2026-06-14T18:55:00Z,MR-04,Creekside,applying,38.8,0.96,88
2026-06-14T18:55:00Z,MR-05,Home Quarter,applying,44.3,1.07,92
2026-06-14T18:55:00Z,MR-06,Home Quarter,applying,75.1,0.73,86
2026-06-14T19:00:00Z,MR-01,North 40,applying,75.1,0.72,90
2026-06-14T19:00:00Z,MR-02,North 40,applying,31.6,1.02,81
2026-06-14T19:00:00Z,MR-03,Creekside,applying,62.3,0.97,98
2026-06-14T19:00:00Z,MR-04,Creekside,driving,38.5,0.00,170
2026-06-14T19:00:00Z,MR-05,Home Quarter,applying,43.8,0.84,80
2026-06-14T19:00:00Z,MR-06,Home Quarter,applying,74.4,0.93,92
2026-06-14T19:05:00Z,MR-01,North 40,applying,74.4,0.89,87
2026-06-14T19:05:00Z,MR-02,North 40,applying,31.0,0.89,83
2026-06-14T19:05:00Z,MR-03,Creekside,driving,62.0,0.00,205
2026-06-14T19:05:00Z,MR-04,Creekside,applying,37.8,1.14,90
2026-06-14T19:05:00Z,MR-05,Home Quarter,applying,43.1,1.08,85
2026-06-14T19:05:00Z,MR-06,Home Quarter,applying,73.8,0.83,87
2026-06-14T19:10:00Z,MR-01,North 40,applying,73.8,0.89,86
2026-06-14T19:10:00Z,MR-02,North 40,driving,30.6,0.00,196
2026-06-14T19:10:00Z,MR-03,Creekside,applying,61.3,0.83,89
2026-06-14T19:10:00Z,MR-04,Creekside,applying,37.2,1.16,95
2026-06-14T19:10:00Z,MR-05,Home Quarter,driving,42.8,0.00,197
2026-06-14T19:10:00Z,MR-06,Home Quarter,applying,73.2,0.78,94
2026-06-14T19:15:00Z,MR-01,North 40,applying,73.1,0.93,96
2026-06-14T19:15:00Z,MR-02,North 40,applying,30.1,1.11,93
2026-06-14T19:15:00Z,MR-03,Creekside,applying,60.7,0.97,81
2026-06-14T19:15:00Z,MR-04,Creekside,applying,36.5,1.25,88
2026-06-14T19:15:00Z,MR-05,Home Quarter,applying,42.2,1.13,85
2026-06-14T19:15:00Z,MR-06,Home Quarter,driving,72.9,0.00,176
2026-06-14T19:20:00Z,MR-01,North 40,applying,72.6,0.80,84
2026-06-14T19:20:00Z,MR-02,North 40,driving,29.6,0.00,172
2026-06-14T19:20:00Z,MR-03,Creekside,applying,60.0,0.96,85
2026-06-14T19:20:00Z,MR-04,Creekside,applying,35.9,1.18,83
2026-06-14T19:20:00Z,MR-05,Home Quarter,applying,41.5,1.07,81
2026-06-14T19:20:00Z,MR-06,Home Quarter,driving,72.6,0.00,199
2026-06-14T19:25:00Z,MR-01,North 40,applying,72.1,1.00,91
2026-06-14T19:25:00Z,MR-02,North 40,applying,28.9,0.84,99
2026-06-14T19:25:00Z,MR-03,Creekside,applying,59.5,0.89,86
2026-06-14T19:25:00Z,MR-04,Creekside,applying,35.4,1.14,82
2026-06-14T19:25:00Z,MR-05,Home Quarter,applying,40.9,0.97,98
2026-06-14T19:25:00Z,MR-06,Home Quarter,applying,72.0,0.98,97
2026-06-14T19:30:00Z,MR-01,North 40,applying,71.4,0.97,85
2026-06-14T19:30:00Z,MR-02,North 40,driving,28.5,0.00,174
2026-06-14T19:30:00Z,MR-03,Creekside,applying,59.0,0.72,90
2026-06-14T19:30:00Z,MR-04,Creekside,applying,34.8,1.06,80
2026-06-14T19:30:00Z,MR-05,Home Quarter,driving,40.5,0.00,189
2026-06-14T19:30:00Z,MR-06,Home Quarter,applying,71.3,0.73,84
2026-06-14T19:35:00Z,MR-01,North 40,applying,70.8,0.92,83
2026-06-14T19:35:00Z,MR-02,North 40,applying,27.9,0.86,85
2026-06-14T19:35:00Z,MR-03,Creekside,applying,58.5,1.02,85
2026-06-14T19:35:00Z,MR-04,Creekside,applying,34.3,1.31,90
2026-06-14T19:35:00Z,MR-05,Home Quarter,applying,39.9,0.85,92
2026-06-14T19:35:00Z,MR-06,Home Quarter,applying,70.7,1.04,97
2026-06-14T19:40:00Z,MR-01,North 40,applying,70.1,0.82,83
2026-06-14T19:40:00Z,MR-02,North 40,applying,27.3,0.85,91
2026-06-14T19:40:00Z,MR-03,Creekside,driving,58.0,0.00,171
2026-06-14T19:40:00Z,MR-04,Creekside,applying,33.7,1.24,96
2026-06-14T19:40:00Z,MR-05,Home Quarter,applying,39.3,1.02,83
2026-06-14T19:40:00Z,MR-06,Home Quarter,driving,70.3,0.00,191
2026-06-14T19:45:00Z,MR-01,North 40,applying,69.6,0.89,83
2026-06-14T19:45:00Z,MR-02,North 40,applying,26.8,0.93,97
2026-06-14T19:45:00Z,MR-03,Creekside,applying,57.5,1.02,97
2026-06-14T19:45:00Z,MR-04,Creekside,applying,33.1,1.16,84
2026-06-14T19:45:00Z,MR-05,Home Quarter,applying,38.7,0.90,100
2026-06-14T19:45:00Z,MR-06,Home Quarter,applying,69.6,1.00,92
2026-06-14T19:50:00Z,MR-01,North 40,driving,69.1,0.00,209
2026-06-14T19:50:00Z,MR-02,North 40,driving,26.4,0.00,173
2026-06-14T19:50:00Z,MR-03,Creekside,applying,56.9,0.90,97
2026-06-14T19:50:00Z,MR-04,Creekside,applying,32.5,0.95,89
2026-06-14T19:50:00Z,MR-05,Home Quarter,applying,38.1,0.81,91
2026-06-14T19:50:00Z,MR-06,Home Quarter,applying,69.0,0.82,85
2026-06-14T19:55:00Z,MR-01,North 40,applying,68.5,0.92,90
2026-06-14T19:55:00Z,MR-02,North 40,applying,25.8,0.91,93
2026-06-14T19:55:00Z,MR-03,Creekside,applying,56.3,0.72,83
2026-06-14T19:55:00Z,MR-04,Creekside,applying,31.9,0.97,92
2026-06-14T19:55:00Z,MR-05,Home Quarter,applying,37.4,1.02,86
2026-06-14T19:55:00Z,MR-06,Home Quarter,applying,68.5,0.73,87
2026-06-14T20:00:00Z,MR-01,North 40,applying,67.9,0.89,84
2026-06-14T20:00:00Z,MR-02,North 40,applying,25.3,0.95,84
2026-06-14T20:00:00Z,MR-03,Creekside,applying,55.7,0.80,87
2026-06-14T20:00:00Z,MR-04,Creekside,applying,31.3,1.02,98
2026-06-14T20:00:00Z,MR-05,Home Quarter,applying,36.8,1.15,84
2026-06-14T20:00:00Z,MR-06,Home Quarter,applying,67.9,0.88,93
2026-06-14T20:05:00Z,MR-01,North 40,applying,67.3,0.84,99
2026-06-14T20:05:00Z,MR-02,North 40,applying,24.7,1.10,98
2026-06-14T20:05:00Z,MR-03,Creekside,applying,55.1,0.82,87
2026-06-14T20:05:00Z,MR-04,Creekside,applying,30.7,1.34,86
2026-06-14T20:05:00Z,MR-05,Home Quarter,driving,36.4,0.00,186
2026-06-14T20:05:00Z,MR-06,Home Quarter,applying,67.3,0.94,90
2026-06-14T20:10:00Z,MR-01,North 40,applying,66.6,0.91,85
2026-06-14T20:10:00Z,MR-02,North 40,driving,24.3,0.00,173
2026-06-14T20:10:00Z,MR-03,Creekside,applying,54.5,0.98,83
2026-06-14T20:10:00Z,MR-04,Creekside,applying,30.2,1.25,94
2026-06-14T20:10:00Z,MR-05,Home Quarter,applying,35.7,1.02,91
2026-06-14T20:10:00Z,MR-06,Home Quarter,applying,66.6,0.74,88
2026-06-14T20:15:00Z,MR-01,North 40,driving,66.2,0.00,189
2026-06-14T20:15:00Z,MR-02,North 40,applying,23.6,0.79,87
2026-06-14T20:15:00Z,MR-03,Creekside,driving,54.2,0.00,194
2026-06-14T20:15:00Z,MR-04,Creekside,applying,29.5,1.26,94
2026-06-14T20:15:00Z,MR-05,Home Quarter,applying,35.1,0.88,99
2026-06-14T20:15:00Z,MR-06,Home Quarter,applying,66.0,1.01,93
2026-06-14T20:20:00Z,MR-01,North 40,applying,65.6,0.89,87
2026-06-14T20:20:00Z,MR-02,North 40,applying,23.0,0.98,92
2026-06-14T20:20:00Z,MR-03,Creekside,driving,53.8,0.00,165
2026-06-14T20:20:00Z,MR-04,Creekside,applying,28.9,1.18,98
2026-06-14T20:20:00Z,MR-05,Home Quarter,applying,34.6,1.17,95
2026-06-14T20:20:00Z,MR-06,Home Quarter,applying,65.4,1.01,92
2026-06-14T20:25:00Z,MR-01,North 40,applying,65.0,0.78,87
2026-06-14T20:25:00Z,MR-02,North 40,applying,22.5,0.99,88
2026-06-14T20:25:00Z,MR-03,Creekside,applying,53.1,0.95,81
2026-06-14T20:25:00Z,MR-04,Creekside,applying,28.3,1.08,81
2026-06-14T20:25:00Z,MR-05,Home Quarter,applying,34.0,0.99,82
2026-06-14T20:25:00Z,MR-06,Home Quarter,applying,64.8,0.76,91
2026-06-14T20:30:00Z,MR-01,North 40,applying,64.5,0.74,81
2026-06-14T20:30:00Z,MR-02,North 40,applying,21.8,0.86,89
2026-06-14T20:30:00Z,MR-03,Creekside,applying,52.4,0.84,100
2026-06-14T20:30:00Z,MR-04,Creekside,applying,27.7,0.99,93
2026-06-14T20:30:00Z,MR-05,Home Quarter,applying,33.4,0.96,83
2026-06-14T20:30:00Z,MR-06,Home Quarter,applying,64.2,0.73,93
2026-06-14T20:35:00Z,MR-01,North 40,driving,64.0,0.00,206
2026-06-14T20:35:00Z,MR-02,North 40,applying,21.2,0.88,98
2026-06-14T20:35:00Z,MR-03,Creekside,applying,51.8,0.71,85
2026-06-14T20:35:00Z,MR-04,Creekside,applying,27.1,1.08,87
2026-06-14T20:35:00Z,MR-05,Home Quarter,applying,32.9,1.14,87
2026-06-14T20:35:00Z,MR-06,Home Quarter,applying,63.7,0.89,96
2026-06-14T20:40:00Z,MR-01,North 40,applying,63.5,0.78,81
2026-06-14T20:40:00Z,MR-02,North 40,applying,20.6,1.02,98
2026-06-14T20:40:00Z,MR-03,Creekside,applying,51.3,0.87,82
2026-06-14T20:40:00Z,MR-04,Creekside,applying,26.5,1.04,82
2026-06-14T20:40:00Z,MR-05,Home Quarter,applying,32.2,0.93,93
2026-06-14T20:40:00Z,MR-06,Home Quarter,applying,63.0,0.85,83
2026-06-14T20:45:00Z,MR-01,North 40,applying,62.8,0.83,84
2026-06-14T20:45:00Z,MR-02,North 40,driving,20.2,0.00,199
2026-06-14T20:45:00Z,MR-03,Creekside,applying,50.7,1.02,84
2026-06-14T20:45:00Z,MR-04,Creekside,applying,25.9,1.27,82
2026-06-14T20:45:00Z,MR-05,Home Quarter,driving,31.8,0.00,151
2026-06-14T20:45:00Z,MR-06,Home Quarter,applying,62.5,0.71,91
2026-06-14T20:50:00Z,MR-01,North 40,applying,62.1,1.01,94
2026-06-14T20:50:00Z,MR-02,North 40,applying,19.6,1.01,87
2026-06-14T20:50:00Z,MR-03,Creekside,applying,50.1,0.80,94
2026-06-14T20:50:00Z,MR-04,Creekside,applying,25.2,0.97,92
2026-06-14T20:50:00Z,MR-05,Home Quarter,applying,31.2,0.82,87
2026-06-14T20:50:00Z,MR-06,Home Quarter,applying,61.9,0.73,89
2026-06-14T20:55:00Z,MR-01,North 40,driving,61.6,0.00,207
2026-06-14T20:55:00Z,MR-02,North 40,charging,22.5,0.00,0
2026-06-14T20:55:00Z,MR-03,Creekside,driving,49.7,0.00,194
2026-06-14T20:55:00Z,MR-04,Creekside,applying,24.6,1.13,86
2026-06-14T20:55:00Z,MR-05,Home Quarter,applying,30.6,1.12,84
2026-06-14T20:55:00Z,MR-06,Home Quarter,applying,61.4,0.91,91
2026-06-14T21:00:00Z,MR-01,North 40,applying,61.0,0.97,94
2026-06-14T21:00:00Z,MR-02,North 40,charging,25.2,0.00,0
2026-06-14T21:00:00Z,MR-03,Creekside,driving,49.3,0.00,166
2026-06-14T21:00:00Z,MR-04,Creekside,driving,24.2,0.00,193
2026-06-14T21:00:00Z,MR-05,Home Quarter,applying,29.9,1.10,98
2026-06-14T21:00:00Z,MR-06,Home Quarter,applying,60.7,0.72,86
2026-06-14T21:05:00Z,MR-01,North 40,applying,60.3,0.81,83
2026-06-14T21:05:00Z,MR-02,North 40,charging,28.0,0.00,0
2026-06-14T21:05:00Z,MR-03,Creekside,applying,48.8,0.87,94
2026-06-14T21:05:00Z,MR-04,Creekside,applying,23.7,1.31,98
2026-06-14T21:05:00Z,MR-05,Home Quarter,applying,29.4,1.11,85
2026-06-14T21:05:00Z,MR-06,Home Quarter,applying,60.1,1.04,93
2026-06-14T21:10:00Z,MR-01,North 40,applying,59.6,0.79,94
2026-06-14T21:10:00Z,MR-02,North 40,charging,30.5,0.00,0
2026-06-14T21:10:00Z,MR-03,Creekside,applying,48.2,0.83,99
2026-06-14T21:10:00Z,MR-04,Creekside,applying,23.1,1.27,92
2026-06-14T21:10:00Z,MR-05,Home Quarter,applying,28.9,0.94,98
2026-06-14T21:10:00Z,MR-06,Home Quarter,driving,59.8,0.00,187
2026-06-14T21:15:00Z,MR-01,North 40,applying,59.0,1.01,94
2026-06-14T21:15:00Z,MR-02,North 40,charging,33.5,0.00,0
2026-06-14T21:15:00Z,MR-03,Creekside,applying,47.5,0.74,84
2026-06-14T21:15:00Z,MR-04,Creekside,applying,22.5,1.33,99
2026-06-14T21:15:00Z,MR-05,Home Quarter,applying,28.4,1.20,89
2026-06-14T21:15:00Z,MR-06,Home Quarter,applying,59.2,0.95,93
2026-06-14T21:20:00Z,MR-01,North 40,applying,58.5,0.90,97
2026-06-14T21:20:00Z,MR-02,North 40,charging,36.4,0.00,0
2026-06-14T21:20:00Z,MR-03,Creekside,applying,47.0,0.92,82
2026-06-14T21:20:00Z,MR-04,Creekside,applying,21.9,1.02,91
2026-06-14T21:20:00Z,MR-05,Home Quarter,applying,27.8,1.05,81
2026-06-14T21:20:00Z,MR-06,Home Quarter,applying,58.7,0.73,95
2026-06-14T21:25:00Z,MR-01,North 40,applying,57.9,0.88,81
2026-06-14T21:25:00Z,MR-02,North 40,charging,39.4,0.00,0
2026-06-14T21:25:00Z,MR-03,Creekside,applying,46.4,0.82,88
2026-06-14T21:25:00Z,MR-04,Creekside,applying,21.3,1.03,83
2026-06-14T21:25:00Z,MR-05,Home Quarter,applying,27.2,1.12,81
2026-06-14T21:25:00Z,MR-06,Home Quarter,applying,58.1,0.88,94
2026-06-14T21:30:00Z,MR-01,North 40,applying,57.2,0.88,86
2026-06-14T21:30:00Z,MR-02,North 40,charging,42.0,0.00,0
2026-06-14T21:30:00Z,MR-03,Creekside,applying,45.8,0.85,97
2026-06-14T21:30:00Z,MR-04,Creekside,applying,20.8,0.98,100
2026-06-14T21:30:00Z,MR-05,Home Quarter,applying,26.5,0.85,90
2026-06-14T21:30:00Z,MR-06,Home Quarter,applying,57.6,0.99,83
2026-06-14T21:35:00Z,MR-01,North 40,applying,56.6,0.77,86
2026-06-14T21:35:00Z,MR-02,North 40,charging,44.7,0.00,0
2026-06-14T21:35:00Z,MR-03,Creekside,applying,45.1,0.85,92
2026-06-14T21:35:00Z,MR-04,Creekside,driving,20.3,0.00,159
2026-06-14T21:35:00Z,MR-05,Home Quarter,applying,25.9,1.02,83
2026-06-14T21:35:00Z,MR-06,Home Quarter,applying,56.9,0.74,88
2026-06-14T21:40:00Z,MR-01,North 40,applying,56.0,0.78,93
2026-06-14T21:40:00Z,MR-02,North 40,charging,47.6,0.00,0
2026-06-14T21:40:00Z,MR-03,Creekside,driving,44.8,0.00,172
2026-06-14T21:40:00Z,MR-04,Creekside,applying,19.7,1.04,90
2026-06-14T21:40:00Z,MR-05,Home Quarter,driving,25.4,0.00,171
2026-06-14T21:40:00Z,MR-06,Home Quarter,applying,56.4,0.71,97
2026-06-14T21:45:00Z,MR-01,North 40,applying,55.4,1.01,86
2026-06-14T21:45:00Z,MR-02,North 40,charging,50.5,0.00,0
2026-06-14T21:45:00Z,MR-03,Creekside,applying,44.2,1.00,100
2026-06-14T21:45:00Z,MR-04,Creekside,charging,21.9,0.00,0
2026-06-14T21:45:00Z,MR-05,Home Quarter,applying,24.9,0.82,86
2026-06-14T21:45:00Z,MR-06,Home Quarter,applying,55.7,1.00,95
2026-06-14T21:50:00Z,MR-01,North 40,applying,54.8,0.78,86
2026-06-14T21:50:00Z,MR-02,North 40,charging,53.4,0.00,0
2026-06-14T21:50:00Z,MR-03,Creekside,applying,43.6,0.87,91
2026-06-14T21:50:00Z,MR-04,Creekside,charging,24.3,0.00,0
2026-06-14T21:50:00Z,MR-05,Home Quarter,applying,24.2,1.07,89
2026-06-14T21:50:00Z,MR-06,Home Quarter,applying,55.2,0.93,98
2026-06-14T21:55:00Z,MR-01,North 40,applying,,0.92,86
2026-06-14T21:55:00Z,MR-02,North 40,charging,55.9,0.00,0
2026-06-14T21:55:00Z,MR-03,Creekside,applying,43.0,0.77,98
2026-06-14T21:55:00Z,MR-04,Creekside,charging,26.5,0.00,0
2026-06-14T21:55:00Z,MR-05,Home Quarter,applying,23.7,1.19,81
2026-06-14T21:55:00Z,MR-06,Home Quarter,applying,54.5,0.85,85
2026-06-14T22:00:00Z,MR-01,North 40,applying,53.5,0.96,92
2026-06-14T22:00:00Z,MR-02,North 40,charging,58.7,0.00,0
2026-06-14T22:00:00Z,MR-03,Creekside,applying,42.4,0.76,94
2026-06-14T22:00:00Z,MR-04,Creekside,charging,28.4,0.00,0
2026-06-14T22:00:00Z,MR-05,Home Quarter,driving,23.3,0.00,202
2026-06-14T22:00:00Z,MR-06,Home Quarter,applying,54.0,0.74,97
2026-06-14T22:05:00Z,MR-01,North 40,applying,52.9,0.82,94
2026-06-14T22:05:00Z,MR-02,North 40,charging,61.3,0.00,0
2026-06-14T22:05:00Z,MR-03,Creekside,applying,41.9,0.72,91
2026-06-14T22:05:00Z,MR-04,Creekside,charging,30.4,0.00,0
2026-06-14T22:05:00Z,MR-05,Home Quarter,applying,22.6,1.04,93
2026-06-14T22:05:00Z,MR-06,Home Quarter,applying,53.3,0.71,98
2026-06-14T22:10:00Z,MR-01,North 40,applying,52.2,0.99,98
2026-06-14T22:10:00Z,MR-02,North 40,charging,63.8,0.00,0
2026-06-14T22:10:00Z,MR-03,Creekside,applying,41.4,0.83,84
2026-06-14T22:10:00Z,MR-04,Creekside,charging,32.6,0.00,0
2026-06-14T22:10:00Z,MR-05,Home Quarter,driving,22.3,0.00,209
2026-06-14T22:10:00Z,MR-06,Home Quarter,applying,52.6,0.92,98
2026-06-14T22:15:00Z,MR-01,North 40,driving,51.8,0.00,159
2026-06-14T22:15:00Z,MR-02,North 40,charging,66.4,0.00,0
2026-06-14T22:15:00Z,MR-03,Creekside,applying,40.7,0.99,94
2026-06-14T22:15:00Z,MR-04,Creekside,charging,34.8,0.00,0
2026-06-14T22:15:00Z,MR-05,Home Quarter,applying,21.6,0.93,83
2026-06-14T22:15:00Z,MR-06,Home Quarter,applying,52.1,1.00,88
2026-06-14T22:20:00Z,MR-01,North 40,applying,51.2,0.93,83
2026-06-14T22:20:00Z,MR-02,North 40,charging,69.0,0.00,0
2026-06-14T22:20:00Z,MR-03,Creekside,applying,40.0,0.94,89
2026-06-14T22:20:00Z,MR-04,Creekside,charging,37.0,0.00,0
2026-06-14T22:20:00Z,MR-05,Home Quarter,applying,21.0,1.08,96
2026-06-14T22:20:00Z,MR-06,Home Quarter,applying,51.4,0.98,86
2026-06-14T22:25:00Z,MR-01,North 40,driving,50.9,0.00,196
2026-06-14T22:25:00Z,MR-02,North 40,charging,71.7,0.00,0
2026-06-14T22:25:00Z,MR-03,Creekside,applying,39.5,0.81,92
2026-06-14T22:25:00Z,MR-04,Creekside,charging,39.3,0.00,0
2026-06-14T22:25:00Z,MR-05,Home Quarter,applying,20.3,0.86,82
2026-06-14T22:25:00Z,MR-06,Home Quarter,applying,50.9,0.75,86
2026-06-14T22:30:00Z,MR-01,North 40,applying,50.4,0.85,100
2026-06-14T22:30:00Z,MR-02,North 40,charging,74.2,0.00,0
2026-06-14T22:30:00Z,MR-03,Creekside,applying,38.9,0.81,94
2026-06-14T22:30:00Z,MR-04,Creekside,charging,41.6,0.00,0
2026-06-14T22:30:00Z,MR-05,Home Quarter,applying,19.8,1.08,93
2026-06-14T22:30:00Z,MR-06,Home Quarter,applying,50.3,0.93,82
2026-06-14T22:35:00Z,MR-01,North 40,driving,50.0,0.00,167
2026-06-14T22:35:00Z,MR-02,North 40,charging,77.1,0.00,0
2026-06-14T22:35:00Z,MR-03,Creekside,applying,38.3,0.71,90
2026-06-14T22:35:00Z,MR-04,Creekside,charging,43.8,0.00,0
2026-06-14T22:35:00Z,MR-05,Home Quarter,charging,22.6,0.00,0
2026-06-14T22:35:00Z,MR-06,Home Quarter,applying,49.8,0.76,89
2026-06-14T22:40:00Z,MR-01,North 40,driving,49.6,0.00,158
2026-06-14T22:40:00Z,MR-02,North 40,charging,79.9,0.00,0
2026-06-14T22:40:00Z,MR-03,Creekside,applying,37.7,0.71,97
2026-06-14T22:40:00Z,MR-04,Creekside,charging,46.0,0.00,0
2026-06-14T22:40:00Z,MR-05,Home Quarter,charging,25.1,0.00,0
2026-06-14T22:40:00Z,MR-06,Home Quarter,driving,49.3,0.00,177
2026-06-14T22:45:00Z,MR-01,North 40,applying,49.0,0.95,94
2026-06-14T22:45:00Z,MR-02,North 40,charging,82.7,0.00,0
2026-06-14T22:45:00Z,MR-03,Creekside,applying,37.1,0.88,98
2026-06-14T22:45:00Z,MR-04,Creekside,charging,48.3,0.00,0
2026-06-14T22:45:00Z,MR-05,Home Quarter,charging,27.5,0.00,0
2026-06-14T22:45:00Z,MR-06,Home Quarter,applying,48.7,0.85,97
2026-06-14T22:50:00Z,MR-01,North 40,applying,48.4,0.81,81
2026-06-14T22:50:00Z,MR-02,North 40,charging,85.5,0.00,0
2026-06-14T22:50:00Z,MR-03,Creekside,applying,36.4,0.69,86
2026-06-14T22:50:00Z,MR-04,Creekside,charging,50.4,0.00,0
2026-06-14T22:50:00Z,MR-05,Home Quarter,charging,30.0,0.00,0
2026-06-14T22:50:00Z,MR-06,Home Quarter,driving,48.2,0.00,205
2026-06-14T22:55:00Z,MR-01,North 40,applying,47.8,0.90,90
2026-06-14T22:55:00Z,MR-02,North 40,charging,88.3,0.00,0
2026-06-14T22:55:00Z,MR-03,Creekside,applying,35.9,0.82,89
2026-06-14T22:55:00Z,MR-04,Creekside,charging,52.7,0.00,0
2026-06-14T22:55:00Z,MR-05,Home Quarter,charging,32.6,0.00,0
2026-06-14T22:55:00Z,MR-06,Home Quarter,applying,47.6,1.00,84
2026-06-14T23:00:00Z,MR-01,North 40,applying,47.2,0.94,96
2026-06-14T23:00:00Z,MR-02,North 40,charging,90.8,0.00,0
2026-06-14T23:00:00Z,MR-03,Creekside,applying,35.3,0.83,90
2026-06-14T23:00:00Z,MR-04,Creekside,charging,54.9,0.00,0
2026-06-14T23:00:00Z,MR-05,Home Quarter,charging,35.2,0.00,0
2026-06-14T23:00:00Z,MR-06,Home Quarter,applying,46.9,0.71,99
2026-06-14T23:05:00Z,MR-01,North 40,applying,46.7,0.96,84
2026-06-14T23:05:00Z,MR-02,North 40,charging,93.2,0.00,0
2026-06-14T23:05:00Z,MR-03,Creekside,applying,34.8,0.85,99
2026-06-14T23:05:00Z,MR-04,Creekside,charging,56.8,0.00,0
2026-06-14T23:05:00Z,MR-05,Home Quarter,charging,37.8,0.00,0
2026-06-14T23:05:00Z,MR-06,Home Quarter,driving,46.6,0.00,156
2026-06-14T23:10:00Z,MR-01,North 40,driving,46.4,0.00,194
2026-06-14T23:10:00Z,MR-02,North 40,applying,92.6,0.80,96
2026-06-14T23:10:00Z,MR-03,Creekside,applying,34.2,0.79,85
2026-06-14T23:10:00Z,MR-04,Creekside,charging,59.0,0.00,0
2026-06-14T23:10:00Z,MR-05,Home Quarter,charging,40.3,0.00,0
2026-06-14T23:10:00Z,MR-06,Home Quarter,applying,46.0,0.94,97
2026-06-14T23:15:00Z,MR-01,North 40,applying,45.8,0.89,92
2026-06-14T23:15:00Z,MR-02,North 40,applying,91.9,0.94,96
2026-06-14T23:15:00Z,MR-03,Creekside,applying,33.7,0.82,100
2026-06-14T23:15:00Z,MR-04,Creekside,charging,61.0,0.00,0
2026-06-14T23:15:00Z,MR-05,Home Quarter,charging,42.8,0.00,0
2026-06-14T23:15:00Z,MR-06,Home Quarter,driving,45.6,0.00,199
2026-06-14T23:20:00Z,MR-01,North 40,applying,45.3,0.82,89
2026-06-14T23:20:00Z,MR-02,North 40,applying,91.3,0.94,88
2026-06-14T23:20:00Z,MR-03,Creekside,applying,33.1,0.92,87
2026-06-14T23:20:00Z,MR-04,Creekside,charging,63.3,0.00,0
2026-06-14T23:20:00Z,MR-05,Home Quarter,charging,45.2,0.00,0
2026-06-14T23:20:00Z,MR-06,Home Quarter,applying,45.0,0.78,98
2026-06-14T23:25:00Z,MR-01,North 40,applying,44.6,1.04,83
2026-06-14T23:25:00Z,MR-02,North 40,applying,90.7,0.92,81
2026-06-14T23:25:00Z,MR-03,Creekside,applying,32.5,0.80,89
2026-06-14T23:25:00Z,MR-04,Creekside,charging,65.5,0.00,0
2026-06-14T23:25:00Z,MR-05,Home Quarter,charging,47.7,0.00,0
2026-06-14T23:25:00Z,MR-06,Home Quarter,driving,44.5,0.00,205
2026-06-14T23:30:00Z,MR-01,North 40,applying,43.9,0.93,81
2026-06-14T23:30:00Z,MR-02,North 40,applying,90.0,1.07,93
2026-06-14T23:30:00Z,MR-03,Creekside,applying,32.0,0.76,90
2026-06-14T23:30:00Z,MR-04,Creekside,charging,67.7,0.00,0
2026-06-14T23:30:00Z,MR-05,Home Quarter,charging,50.1,0.00,0
2026-06-14T23:30:00Z,MR-06,Home Quarter,applying,43.8,1.04,88
2026-06-14T23:35:00Z,MR-01,North 40,applying,43.2,0.87,93
2026-06-14T23:35:00Z,MR-02,North 40,applying,89.5,0.85,93
2026-06-14T23:35:00Z,MR-03,Creekside,applying,31.4,0.72,96
2026-06-14T23:35:00Z,MR-04,Creekside,charging,70.1,0.00,0
2026-06-14T23:35:00Z,MR-05,Home Quarter,charging,52.8,0.00,0
2026-06-14T23:35:00Z,MR-06,Home Quarter,applying,43.2,0.89,92
2026-06-14T23:40:00Z,MR-01,North 40,applying,42.5,0.84,93
2026-06-14T23:40:00Z,MR-02,North 40,applying,88.8,1.02,82
2026-06-14T23:40:00Z,MR-03,Creekside,applying,30.7,0.70,84
2026-06-14T23:40:00Z,MR-04,Creekside,charging,72.4,0.00,0
2026-06-14T23:40:00Z,MR-05,Home Quarter,charging,55.3,0.00,0
2026-06-14T23:40:00Z,MR-06,Home Quarter,applying,42.5,0.74,82
2026-06-14T23:45:00Z,MR-01,North 40,applying,41.8,0.94,99
2026-06-14T23:45:00Z,MR-02,North 40,applying,88.3,1.08,81
2026-06-14T23:45:00Z,MR-03,Creekside,applying,30.2,0.71,82
2026-06-14T23:45:00Z,MR-04,Creekside,charging,74.6,0.00,0
2026-06-14T23:45:00Z,MR-05,Home Quarter,charging,57.9,0.00,0
2026-06-14T23:45:00Z,MR-06,Home Quarter,applying,41.9,0.81,81
2026-06-14T23:50:00Z,MR-01,North 40,applying,41.3,0.89,83
2026-06-14T23:50:00Z,MR-02,North 40,applying,87.7,0.99,86
2026-06-14T23:50:00Z,MR-03,Creekside,driving,29.7,0.00,167
2026-06-14T23:50:00Z,MR-04,Creekside,charging,76.8,0.00,0
2026-06-14T23:50:00Z,MR-05,Home Quarter,charging,60.6,0.00,0
2026-06-14T23:50:00Z,MR-06,Home Quarter,applying,41.3,1.01,88
2026-06-14T23:55:00Z,MR-01,North 40,applying,40.8,1.04,81
2026-06-14T23:55:00Z,MR-02,North 40,applying,87.1,0.78,90
2026-06-14T23:55:00Z,MR-03,Creekside,applying,29.2,0.75,92
2026-06-14T23:55:00Z,MR-04,Creekside,charging,79.0,0.00,0
2026-06-14T23:55:00Z,MR-05,Home Quarter,charging,63.0,0.00,0
2026-06-14T23:55:00Z,MR-06,Home Quarter,applying,40.7,0.85,88
2026-06-15T00:00:00Z,MR-01,North 40,applying,40.1,1.01,85
2026-06-15T00:00:00Z,MR-02,North 40,applying,86.5,0.83,95
2026-06-15T00:00:00Z,MR-03,Creekside,applying,28.6,0.76,82
2026-06-15T00:00:00Z,MR-04,Creekside,charging,81.0,0.00,0
2026-06-15T00:00:00Z,MR-05,Home Quarter,charging,65.6,0.00,0
2026-06-15T00:00:00Z,MR-06,Home Quarter,applying,40.0,1.02,89
2026-06-15T00:05:00Z,MR-01,North 40,driving,39.8,0.00,198
2026-06-15T00:05:00Z,MR-02,North 40,applying,85.9,0.82,87
2026-06-15T00:05:00Z,MR-03,Creekside,applying,28.1,0.97,87
2026-06-15T00:05:00Z,MR-04,Creekside,charging,83.2,0.00,0
2026-06-15T00:05:00Z,MR-05,Home Quarter,charging,68.0,0.00,0
2026-06-15T00:05:00Z,MR-06,Home Quarter,applying,39.4,0.99,90
2026-06-15T00:10:00Z,MR-01,North 40,applying,39.3,0.80,88
2026-06-15T00:10:00Z,MR-02,North 40,applying,85.4,0.94,97
2026-06-15T00:10:00Z,MR-03,Creekside,applying,27.6,0.99,89
2026-06-15T00:10:00Z,MR-04,Creekside,charging,85.3,0.00,0
2026-06-15T00:10:00Z,MR-05,Home Quarter,charging,70.6,0.00,0
2026-06-15T00:10:00Z,MR-06,Home Quarter,applying,38.9,0.81,98
2026-06-15T00:15:00Z,MR-01,North 40,applying,38.6,0.80,93
2026-06-15T00:15:00Z,MR-02,North 40,applying,84.7,0.85,82
2026-06-15T00:15:00Z,MR-03,Creekside,applying,27.0,0.86,88
2026-06-15T00:15:00Z,MR-04,Creekside,charging,87.5,0.00,0
2026-06-15T00:15:00Z,MR-05,Home Quarter,charging,73.2,0.00,0
2026-06-15T00:15:00Z,MR-06,Home Quarter,applying,38.4,0.86,88
2026-06-15T00:20:00Z,MR-01,North 40,applying,38.0,0.86,90
2026-06-15T00:20:00Z,MR-02,North 40,applying,84.1,0.92,98
2026-06-15T00:20:00Z,MR-03,Creekside,driving,26.5,0.00,184
2026-06-15T00:20:00Z,MR-04,Creekside,charging,89.6,0.00,0
2026-06-15T00:20:00Z,MR-05,Home Quarter,charging,75.8,0.00,0
2026-06-15T00:20:00Z,MR-06,Home Quarter,applying,37.7,0.95,100
2026-06-15T00:25:00Z,MR-01,North 40,applying,37.3,1.06,88
2026-06-15T00:25:00Z,MR-02,North 40,applying,83.4,0.95,87
2026-06-15T00:25:00Z,MR-03,Creekside,applying,26.0,0.99,100
2026-06-15T00:25:00Z,MR-04,Creekside,charging,91.7,0.00,0
2026-06-15T00:25:00Z,MR-05,Home Quarter,charging,78.3,0.00,0
2026-06-15T00:25:00Z,MR-06,Home Quarter,applying,37.0,1.04,82
2026-06-15T00:30:00Z,MR-01,North 40,applying,36.7,0.81,97
2026-06-15T00:30:00Z,MR-02,North 40,applying,82.8,1.10,99
2026-06-15T00:30:00Z,MR-03,Creekside,applying,25.4,0.99,87
2026-06-15T00:30:00Z,MR-04,Creekside,charging,94.0,0.00,0
2026-06-15T00:30:00Z,MR-05,Home Quarter,charging,80.7,0.00,0
2026-06-15T00:30:00Z,MR-06,Home Quarter,applying,36.4,0.73,97
2026-06-15T00:35:00Z,MR-01,North 40,applying,36.0,0.99,84
2026-06-15T00:35:00Z,MR-02,North 40,applying,82.2,1.04,92
2026-06-15T00:35:00Z,MR-03,Creekside,applying,24.9,0.69,92
2026-06-15T00:35:00Z,MR-04,Creekside,applying,93.5,1.01,88
2026-06-15T00:35:00Z,MR-05,Home Quarter,charging,83.4,0.00,0
2026-06-15T00:35:00Z,MR-06,Home Quarter,driving,36.1,0.00,167
2026-06-15T00:40:00Z,MR-01,North 40,applying,35.5,0.94,91
2026-06-15T00:40:00Z,MR-02,North 40,applying,81.6,0.81,85
2026-06-15T00:40:00Z,MR-03,Creekside,applying,24.3,0.96,93
2026-06-15T00:40:00Z,MR-04,Creekside,driving,93.2,0.00,190
2026-06-15T00:40:00Z,MR-05,Home Quarter,charging,85.9,0.00,0
2026-06-15T00:40:00Z,MR-06,Home Quarter,applying,35.4,0.85,94
2026-06-15T00:45:00Z,MR-01,North 40,applying,34.8,1.05,88
2026-06-15T00:45:00Z,MR-02,North 40,applying,80.9,0.94,97
2026-06-15T00:45:00Z,MR-03,Creekside,applying,23.7,0.71,95
2026-06-15T00:45:00Z,MR-04,Creekside,applying,92.6,0.95,98
2026-06-15T00:45:00Z,MR-05,Home Quarter,charging,88.5,0.00,0
2026-06-15T00:45:00Z,MR-06,Home Quarter,applying,34.9,0.94,82
2026-06-15T00:50:00Z,MR-01,North 40,applying,34.1,0.98,92
2026-06-15T00:50:00Z,MR-02,North 40,driving,80.6,0.00,169
2026-06-15T00:50:00Z,MR-03,Creekside,applying,23.0,1.00,95
2026-06-15T00:50:00Z,MR-04,Creekside,driving,92.1,0.00,197
2026-06-15T00:50:00Z,MR-05,Home Quarter,charging,90.9,0.00,0
2026-06-15T00:50:00Z,MR-06,Home Quarter,applying,34.3,0.87,96
2026-06-15T00:55:00Z,MR-01,North 40,applying,33.6,0.85,94
2026-06-15T00:55:00Z,MR-02,North 40,applying,80.0,0.83,87
2026-06-15T00:55:00Z,MR-03,Creekside,applying,22.3,0.80,88
2026-06-15T00:55:00Z,MR-04,Creekside,applying,91.6,0.99,87
2026-06-15T00:55:00Z,MR-05,Home Quarter,charging,93.5,0.00,0
2026-06-15T00:55:00Z,MR-06,Home Quarter,applying,33.7,0.87,94
2026-06-15T01:00:00Z,MR-01,North 40,applying,33.1,1.04,84
2026-06-15T01:00:00Z,MR-02,North 40,driving,79.7,0.00,171
2026-06-15T01:00:00Z,MR-03,Creekside,applying,21.6,0.91,80
2026-06-15T01:00:00Z,MR-04,Creekside,applying,91.0,1.17,97
2026-06-15T01:00:00Z,MR-05,Home Quarter,applying,93.0,0.91,97
2026-06-15T01:00:00Z,MR-06,Home Quarter,applying,33.1,0.97,94
2026-06-15T01:05:00Z,MR-01,North 40,applying,32.4,1.01,89
2026-06-15T01:05:00Z,MR-02,North 40,applying,79.1,0.98,84
2026-06-15T01:05:00Z,MR-03,Creekside,applying,21.1,0.74,93
2026-06-15T01:05:00Z,MR-04,Creekside,applying,90.5,1.21,80
2026-06-15T01:05:00Z,MR-05,Home Quarter,applying,92.3,0.92,90
2026-06-15T01:05:00Z,MR-06,Home Quarter,driving,32.6,0.00,176
2026-06-15T01:10:00Z,MR-01,North 40,applying,31.8,0.76,94
2026-06-15T01:10:00Z,MR-02,North 40,applying,78.6,1.11,90
2026-06-15T01:10:00Z,MR-03,Creekside,applying,20.6,0.87,95
2026-06-15T01:10:00Z,MR-04,Creekside,applying,89.9,1.21,80
2026-06-15T01:10:00Z,MR-05,Home Quarter,driving,91.9,0.00,160
2026-06-15T01:10:00Z,MR-06,Home Quarter,applying,32.0,0.91,97
2026-06-15T01:15:00Z,MR-01,North 40,applying,31.1,1.05,85
2026-06-15T01:15:00Z,MR-02,North 40,applying,78.0,1.11,88
2026-06-15T01:15:00Z,MR-03,Creekside,applying,20.0,0.76,89
2026-06-15T01:15:00Z,MR-04,Creekside,driving,89.5,0.00,201
2026-06-15T01:15:00Z,MR-05,Home Quarter,driving,91.5,0.00,184
2026-06-15T01:15:00Z,MR-06,Home Quarter,applying,31.3,0.88,85
2026-06-15T01:20:00Z,MR-01,North 40,applying,30.6,0.74,86
2026-06-15T01:20:00Z,MR-02,North 40,applying,77.5,1.02,88
2026-06-15T01:20:00Z,MR-03,Creekside,charging,22.9,0.00,0
2026-06-15T01:20:00Z,MR-04,Creekside,applying,89.0,1.03,90
2026-06-15T01:20:00Z,MR-05,Home Quarter,applying,90.8,0.89,87
2026-06-15T01:20:00Z,MR-06,Home Quarter,driving,30.9,0.00,199
2026-06-15T01:25:00Z,MR-01,North 40,applying,30.0,0.80,88
2026-06-15T01:25:00Z,MR-02,North 40,applying,77.0,0.93,85
2026-06-15T01:25:00Z,MR-03,Creekside,charging,25.8,0.00,0
2026-06-15T01:25:00Z,MR-04,Creekside,applying,88.3,0.95,99
2026-06-15T01:25:00Z,MR-05,Home Quarter,applying,90.2,1.08,98
2026-06-15T01:25:00Z,MR-06,Home Quarter,applying,30.3,0.98,84
2026-06-15T01:30:00Z,MR-01,North 40,driving,29.6,0.00,168
2026-06-15T01:30:00Z,MR-02,North 40,applying,76.5,1.12,92
2026-06-15T01:30:00Z,MR-03,Creekside,charging,29.0,0.00,0
2026-06-15T01:30:00Z,MR-04,Creekside,applying,87.6,1.31,82
2026-06-15T01:30:00Z,MR-05,Home Quarter,applying,89.6,1.00,96
2026-06-15T01:30:00Z,MR-06,Home Quarter,applying,29.7,0.79,97
2026-06-15T01:35:00Z,MR-01,North 40,applying,29.1,0.81,81
2026-06-15T01:35:00Z,MR-02,North 40,applying,75.8,0.92,91
2026-06-15T01:35:00Z,MR-03,Creekside,charging,32.1,0.00,0
2026-06-15T01:35:00Z,MR-04,Creekside,applying,87.0,1.32,96
2026-06-15T01:35:00Z,MR-05,Home Quarter,applying,89.0,0.90,82
2026-06-15T01:35:00Z,MR-06,Home Quarter,applying,29.0,0.99,89
2026-06-15T01:40:00Z,MR-01,North 40,applying,28.5,0.94,80
2026-06-15T01:40:00Z,MR-02,North 40,applying,75.2,0.95,86
2026-06-15T01:40:00Z,MR-03,Creekside,charging,35.0,0.00,0
2026-06-15T01:40:00Z,MR-04,Creekside,applying,86.5,1.20,87
2026-06-15T01:40:00Z,MR-05,Home Quarter,applying,88.4,1.02,90
2026-06-15T01:40:00Z,MR-06,Home Quarter,applying,28.4,0.99,92
2026-06-15T01:45:00Z,MR-01,North 40,applying,27.8,1.05,99
2026-06-15T01:45:00Z,MR-02,North 40,applying,74.6,0.78,86
2026-06-15T01:45:00Z,MR-03,Creekside,charging,37.9,0.00,0
2026-06-15T01:45:00Z,MR-04,Creekside,applying,85.9,1.26,80
2026-06-15T01:45:00Z,MR-05,Home Quarter,applying,87.7,0.96,90
2026-06-15T01:45:00Z,MR-06,Home Quarter,applying,27.8,0.71,81
2026-06-15T01:50:00Z,MR-01,North 40,applying,27.2,1.03,98
2026-06-15T01:50:00Z,MR-02,North 40,applying,74.0,1.12,89
2026-06-15T01:50:00Z,MR-03,Creekside,charging,40.7,0.00,0
2026-06-15T01:50:00Z,MR-04,Creekside,applying,85.4,1.04,86
2026-06-15T01:50:00Z,MR-05,Home Quarter,applying,87.2,1.19,92
2026-06-15T01:50:00Z,MR-06,Home Quarter,applying,27.2,0.86,91
2026-06-15T01:55:00Z,MR-01,North 40,applying,26.6,0.98,91
2026-06-15T01:55:00Z,MR-02,North 40,applying,73.4,0.98,92
2026-06-15T01:55:00Z,MR-03,Creekside,charging,43.5,0.00,0
2026-06-15T01:55:00Z,MR-04,Creekside,applying,84.7,1.28,82
2026-06-15T01:55:00Z,MR-05,Home Quarter,applying,86.5,0.96,83
2026-06-15T01:55:00Z,MR-06,Home Quarter,applying,26.6,0.81,97
2026-06-15T02:00:00Z,MR-01,North 40,applying,26.1,0.86,87
2026-06-15T02:00:00Z,MR-02,North 40,applying,72.7,0.85,98
2026-06-15T02:00:00Z,MR-03,Creekside,charging,46.6,0.00,0
2026-06-15T02:00:00Z,MR-04,Creekside,driving,84.2,0.00,164
2026-06-15T02:00:00Z,MR-05,Home Quarter,applying,86.0,0.82,86
2026-06-15T02:00:00Z,MR-06,Home Quarter,applying,26.1,0.97,97
2026-06-15T02:05:00Z,MR-01,North 40,applying,25.6,0.76,80
2026-06-15T02:05:00Z,MR-02,North 40,driving,72.3,0.00,193
2026-06-15T02:05:00Z,MR-03,Creekside,charging,49.5,0.00,0
2026-06-15T02:05:00Z,MR-04,Creekside,applying,83.6,1.14,99
2026-06-15T02:05:00Z,MR-05,Home Quarter,applying,85.4,1.17,97
2026-06-15T02:05:00Z,MR-06,Home Quarter,applying,25.6,0.74,98
2026-06-15T02:10:00Z,MR-01,North 40,applying,25.1,0.95,85
2026-06-15T02:10:00Z,MR-02,North 40,applying,71.7,0.93,83
2026-06-15T02:10:00Z,MR-03,Creekside,charging,52.3,0.00,0
2026-06-15T02:10:00Z,MR-04,Creekside,applying,83.1,1.09,96
2026-06-15T02:10:00Z,MR-05,Home Quarter,applying,84.8,1.06,85
2026-06-15T02:10:00Z,MR-06,Home Quarter,applying,25.0,0.89,80
2026-06-15T02:15:00Z,MR-01,North 40,applying,24.4,0.99,91
2026-06-15T02:15:00Z,MR-02,North 40,applying,71.0,0.94,100
2026-06-15T02:15:00Z,MR-03,Creekside,charging,55.4,0.00,0
2026-06-15T02:15:00Z,MR-04,Creekside,applying,82.5,1.10,91
2026-06-15T02:15:00Z,MR-05,Home Quarter,applying,84.2,1.01,90
2026-06-15T02:15:00Z,MR-06,Home Quarter,applying,24.4,0.94,99
2026-06-15T02:20:00Z,MR-01,North 40,applying,23.8,0.89,89
2026-06-15T02:20:00Z,MR-02,North 40,applying,70.5,0.78,97
2026-06-15T02:20:00Z,MR-03,Creekside,charging,58.5,0.00,0
2026-06-15T02:20:00Z,MR-04,Creekside,applying,81.9,1.24,97
2026-06-15T02:20:00Z,MR-05,Home Quarter,applying,83.7,1.00,82
2026-06-15T02:20:00Z,MR-06,Home Quarter,applying,23.9,0.94,96
2026-06-15T02:25:00Z,MR-01,North 40,applying,23.2,0.99,98
2026-06-15T02:25:00Z,MR-02,North 40,applying,70.0,0.96,96
2026-06-15T02:25:00Z,MR-03,Creekside,charging,61.5,0.00,0
2026-06-15T02:25:00Z,MR-04,Creekside,applying,81.3,0.95,85
2026-06-15T02:25:00Z,MR-05,Home Quarter,applying,83.1,1.10,97
2026-06-15T02:25:00Z,MR-06,Home Quarter,driving,23.4,0.00,164
2026-06-15T02:30:00Z,MR-01,North 40,driving,22.9,0.00,208
2026-06-15T02:30:00Z,MR-02,North 40,applying,69.3,0.95,88
2026-06-15T02:30:00Z,MR-03,Creekside,charging,64.6,0.00,0
2026-06-15T02:30:00Z,MR-04,Creekside,applying,80.6,1.34,83
2026-06-15T02:30:00Z,MR-05,Home Quarter,driving,82.7,0.00,186
2026-06-15T02:30:00Z,MR-06,Home Quarter,applying,22.8,0.74,95
2026-06-15T02:35:00Z,MR-01,North 40,applying,22.2,0.76,98
2026-06-15T02:35:00Z,MR-02,North 40,applying,68.8,0.96,84
2026-06-15T02:35:00Z,MR-03,Creekside,charging,67.6,0.00,0
2026-06-15T02:35:00Z,MR-04,Creekside,driving,80.2,0.00,199
2026-06-15T02:35:00Z,MR-05,Home Quarter,driving,82.3,0.00,209
2026-06-15T02:35:00Z,MR-06,Home Quarter,applying,22.3,0.89,85
2026-06-15T02:40:00Z,MR-01,North 40,applying,21.5,0.94,98
2026-06-15T02:40:00Z,MR-02,North 40,applying,68.1,1.04,99
2026-06-15T02:40:00Z,MR-03,Creekside,charging,70.7,0.00,0
2026-06-15T02:40:00Z,MR-04,Creekside,applying,79.6,1.35,100
2026-06-15T02:40:00Z,MR-05,Home Quarter,applying,81.8,1.00,84
2026-06-15T02:40:00Z,MR-06,Home Quarter,applying,21.6,0.76,94
2026-06-15T02:45:00Z,MR-01,North 40,applying,20.9,0.72,100
2026-06-15T02:45:00Z,MR-02,North 40,applying,67.4,0.89,93
2026-06-15T02:45:00Z,MR-03,Creekside,charging,73.5,0.00,0
2026-06-15T02:45:00Z,MR-04,Creekside,applying,78.9,0.97,86
2026-06-15T02:45:00Z,MR-05,Home Quarter,applying,81.2,1.18,91
2026-06-15T02:45:00Z,MR-06,Home Quarter,applying,20.9,0.87,84
2026-06-15T02:50:00Z,MR-01,North 40,applying,20.2,0.92,89
2026-06-15T02:50:00Z,MR-02,North 40,applying,66.7,0.92,85
2026-06-15T02:50:00Z,MR-03,Creekside,charging,76.7,0.00,0
2026-06-15T02:50:00Z,MR-04,Creekside,applying,78.3,0.96,91
2026-06-15T02:50:00Z,MR-05,Home Quarter,applying,80.6,0.86,91
2026-06-15T02:50:00Z,MR-06,Home Quarter,applying,20.4,0.96,81
2026-06-15T02:55:00Z,MR-01,North 40,applying,19.6,0.79,93
2026-06-15T02:55:00Z,MR-02,North 40,applying,66.1,1.00,86
2026-06-15T02:55:00Z,MR-03,Creekside,charging,79.9,0.00,0
2026-06-15T02:55:00Z,MR-04,Creekside,applying,77.6,1.33,94
2026-06-15T02:55:00Z,MR-05,Home Quarter,driving,80.2,0.00,189
2026-06-15T02:55:00Z,MR-06,Home Quarter,applying,19.8,0.76,86
2026-06-15T03:00:00Z,MR-01,North 40,charging,21.7,0.00,0
2026-06-15T03:00:00Z,MR-02,North 40,applying,65.4,1.12,88
2026-06-15T03:00:00Z,MR-03,Creekside,charging,82.8,0.00,0
2026-06-15T03:00:00Z,MR-04,Creekside,applying,77.1,0.95,81
2026-06-15T03:00:00Z,MR-05,Home Quarter,applying,79.7,0.85,86
2026-06-15T03:00:00Z,MR-06,Home Quarter,charging,22.0,0.00,0
2026-06-15T03:05:00Z,MR-01,North 40,charging,24.0,0.00,0
2026-06-15T03:05:00Z,MR-02,North 40,applying,64.9,0.97,86
2026-06-15T03:05:00Z,MR-03,Creekside,charging,85.7,0.00,0
2026-06-15T03:05:00Z,MR-04,Creekside,applying,76.5,1.10,90
2026-06-15T03:05:00Z,MR-05,Home Quarter,applying,79.1,0.88,88
2026-06-15T03:05:00Z,MR-06,Home Quarter,charging,24.4,0.00,0
2026-06-15T03:10:00Z,MR-01,North 40,charging,25.9,0.00,0
2026-06-15T03:10:00Z,MR-02,North 40,applying,64.3,0.95,84
2026-06-15T03:10:00Z,MR-03,Creekside,charging,88.5,0.00,0
2026-06-15T03:10:00Z,MR-04,Creekside,applying,75.9,1.33,86
2026-06-15T03:10:00Z,MR-05,Home Quarter,applying,78.6,1.09,89
2026-06-15T03:10:00Z,MR-06,Home Quarter,charging,26.5,0.00,0
2026-06-15T03:15:00Z,MR-01,North 40,charging,28.1,0.00,0
2026-06-15T03:15:00Z,MR-02,North 40,applying,63.6,1.13,100
2026-06-15T03:15:00Z,MR-03,Creekside,charging,91.4,0.00,0
2026-06-15T03:15:00Z,MR-04,Creekside,driving,75.6,0.00,209
2026-06-15T03:15:00Z,MR-05,Home Quarter,applying,78.0,1.01,92
2026-06-15T03:15:00Z,MR-06,Home Quarter,charging,28.6,0.00,0
2026-06-15T03:20:00Z,MR-01,North 40,charging,30.3,0.00,0
2026-06-15T03:20:00Z,MR-02,North 40,applying,63.1,1.11,93
2026-06-15T03:20:00Z,MR-03,Creekside,charging,94.1,0.00,0
2026-06-15T03:20:00Z,MR-04,Creekside,applying,75.1,1.31,91
2026-06-15T03:20:00Z,MR-05,Home Quarter,driving,77.5,0.00,195
2026-06-15T03:20:00Z,MR-06,Home Quarter,charging,30.9,0.00,0
2026-06-15T03:25:00Z,MR-01,North 40,charging,32.2,0.00,0
2026-06-15T03:25:00Z,MR-02,North 40,applying,62.4,1.09,92
2026-06-15T03:25:00Z,MR-03,Creekside,applying,93.6,0.99,95
2026-06-15T03:25:00Z,MR-04,Creekside,applying,74.4,0.98,88
2026-06-15T03:25:00Z,MR-05,Home Quarter,applying,76.8,1.08,96
2026-06-15T03:25:00Z,MR-06,Home Quarter,charging,33.1,0.00,0
2026-06-15T03:30:00Z,MR-01,North 40,charging,34.3,0.00,0
2026-06-15T03:30:00Z,MR-02,North 40,applying,61.8,0.77,91
2026-06-15T03:30:00Z,MR-03,Creekside,applying,93.1,0.83,87
2026-06-15T03:30:00Z,MR-04,Creekside,applying,73.9,1.21,83
2026-06-15T03:30:00Z,MR-05,Home Quarter,applying,76.2,0.90,91
2026-06-15T03:30:00Z,MR-06,Home Quarter,charging,35.2,0.00,0
2026-06-15T03:35:00Z,MR-01,North 40,charging,36.5,0.00,0
2026-06-15T03:35:00Z,MR-02,North 40,applying,61.2,0.94,81
2026-06-15T03:35:00Z,MR-03,Creekside,applying,92.4,0.78,97
2026-06-15T03:35:00Z,MR-04,Creekside,applying,73.2,1.11,90
2026-06-15T03:35:00Z,MR-05,Home Quarter,applying,75.6,0.87,93
2026-06-15T03:35:00Z,MR-06,Home Quarter,charging,37.7,0.00,0
2026-06-15T03:40:00Z,MR-01,North 40,charging,38.7,0.00,0
2026-06-15T03:40:00Z,MR-02,North 40,applying,60.6,0.90,81
2026-06-15T03:40:00Z,MR-03,Creekside,applying,91.8,0.99,89
2026-06-15T03:40:00Z,MR-04,Creekside,applying,72.5,1.06,87
2026-06-15T03:40:00Z,MR-05,Home Quarter,driving,75.2,0.00,196
2026-06-15T03:40:00Z,MR-06,Home Quarter,charging,39.9,0.00,0
2026-06-15T03:45:00Z,MR-01,North 40,charging,40.7,0.00,0
2026-06-15T03:45:00Z,MR-02,North 40,applying,60.1,0.89,87
2026-06-15T03:45:00Z,MR-03,Creekside,applying,91.2,0.83,84
2026-06-15T03:45:00Z,MR-04,Creekside,applying,71.9,1.35,87
2026-06-15T03:45:00Z,MR-05,Home Quarter,applying,74.6,0.84,87
2026-06-15T03:45:00Z,MR-06,Home Quarter,charging,42.0,0.00,0
2026-06-15T03:50:00Z,MR-01,North 40,charging,42.6,0.00,0
2026-06-15T03:50:00Z,MR-02,North 40,applying,59.6,1.10,87
2026-06-15T03:50:00Z,MR-03,Creekside,applying,90.5,1.02,89
2026-06-15T03:50:00Z,MR-04,Creekside,applying,71.4,1.05,84
2026-06-15T03:50:00Z,MR-05,Home Quarter,driving,74.3,0.00,208
2026-06-15T03:50:00Z,MR-06,Home Quarter,charging,44.1,0.00,0
2026-06-15T03:55:00Z,MR-01,North 40,charging,44.8,0.00,0
2026-06-15T03:55:00Z,MR-02,North 40,driving,59.3,0.00,203
2026-06-15T03:55:00Z,MR-03,Creekside,applying,89.9,0.93,94
2026-06-15T03:55:00Z,MR-04,Creekside,applying,70.8,1.13,83
2026-06-15T03:55:00Z,MR-05,Home Quarter,applying,73.7,0.90,86
2026-06-15T03:55:00Z,MR-06,Home Quarter,charging,46.2,0.00,0
2026-06-15T04:00:00Z,MR-01,North 40,charging,46.7,0.00,0
2026-06-15T04:00:00Z,MR-02,North 40,idle,59.2,0.00,0
2026-06-15T04:00:00Z,MR-03,Creekside,applying,89.3,0.96,81
2026-06-15T04:00:00Z,MR-04,Creekside,applying,70.2,1.32,83
2026-06-15T04:00:00Z,MR-05,Home Quarter,applying,73.1,1.16,98
2026-06-15T04:00:00Z,MR-06,Home Quarter,charging,48.3,0.00,0
2026-06-15T04:05:00Z,MR-01,North 40,charging,48.8,0.00,0
2026-06-15T04:05:00Z,MR-02,North 40,idle,59.2,0.00,0
2026-06-15T04:05:00Z,MR-03,Creekside,applying,88.8,0.99,93
2026-06-15T04:05:00Z,MR-04,Creekside,applying,69.6,1.06,94
2026-06-15T04:05:00Z,MR-05,Home Quarter,applying,72.6,0.88,91
2026-06-15T04:05:00Z,MR-06,Home Quarter,charging,50.6,0.00,0
2026-06-15T04:10:00Z,MR-01,North 40,charging,51.1,0.00,0
2026-06-15T04:10:00Z,MR-02,North 40,idle,59.2,0.00,0
2026-06-15T04:10:00Z,MR-03,Creekside,applying,88.2,0.75,98
2026-06-15T04:10:00Z,MR-04,Creekside,applying,69.1,1.14,92
2026-06-15T04:10:00Z,MR-05,Home Quarter,applying,72.0,1.15,83
2026-06-15T04:10:00Z,MR-06,Home Quarter,charging,53.0,0.00,0
2026-06-15T04:15:00Z,MR-01,North 40,charging,53.1,0.00,0
2026-06-15T04:15:00Z,MR-02,North 40,idle,59.2,0.00,0
2026-06-15T04:15:00Z,MR-03,Creekside,applying,87.5,0.80,82
2026-06-15T04:15:00Z,MR-04,Creekside,applying,68.6,1.20,86
2026-06-15T04:15:00Z,MR-05,Home Quarter,applying,71.3,1.08,89
2026-06-15T04:15:00Z,MR-06,Home Quarter,charging,55.2,0.00,0
2026-06-15T04:20:00Z,MR-01,North 40,charging,55.1,0.00,0
2026-06-15T04:20:00Z,MR-02,North 40,idle,59.2,0.00,0
2026-06-15T04:20:00Z,MR-03,Creekside,driving,87.2,0.00,168
2026-06-15T04:20:00Z,MR-04,Creekside,driving,68.2,0.00,152
2026-06-15T04:20:00Z,MR-05,Home Quarter,applying,70.7,1.14,87
2026-06-15T04:20:00Z,MR-06,Home Quarter,charging,57.6,0.00,0
2026-06-15T04:25:00Z,MR-01,North 40,charging,57.1,0.00,0
2026-06-15T04:25:00Z,MR-02,North 40,idle,59.1,0.00,0
2026-06-15T04:25:00Z,MR-03,Creekside,applying,86.6,1.01,83
2026-06-15T04:25:00Z,MR-04,Creekside,driving,67.9,0.00,167
2026-06-15T04:25:00Z,MR-05,Home Quarter,driving,70.2,0.00,150
2026-06-15T04:25:00Z,MR-06,Home Quarter,charging,59.7,0.00,0
2026-06-15T04:30:00Z,MR-01,North 40,charging,59.1,0.00,0
2026-06-15T04:30:00Z,MR-02,North 40,idle,59.1,0.00,0
2026-06-15T04:30:00Z,MR-03,Creekside,applying,86.1,0.87,88
2026-06-15T04:30:00Z,MR-04,Creekside,applying,67.3,1.36,92
2026-06-15T04:30:00Z,MR-05,Home Quarter,applying,69.6,0.99,97
2026-06-15T04:30:00Z,MR-06,Home Quarter,charging,62.1,0.00,0
2026-06-15T04:35:00Z,MR-01,North 40,charging,61.0,0.00,0
2026-06-15T04:35:00Z,MR-02,North 40,idle,59.1,0.00,0
2026-06-15T04:35:00Z,MR-03,Creekside,applying,85.5,0.88,96
2026-06-15T04:35:00Z,MR-04,Creekside,applying,66.6,1.22,100
2026-06-15T04:35:00Z,MR-05,Home Quarter,applying,69.1,1.16,82
2026-06-15T04:35:00Z,MR-06,Home Quarter,charging,64.2,0.00,0
2026-06-15T04:40:00Z,MR-01,North 40,charging,63.3,0.00,0
2026-06-15T04:40:00Z,MR-02,North 40,idle,59.1,0.00,0
2026-06-15T04:40:00Z,MR-03,Creekside,applying,85.0,0.74,91
2026-06-15T04:40:00Z,MR-04,Creekside,applying,65.9,1.07,91
2026-06-15T04:40:00Z,MR-05,Home Quarter,applying,68.5,0.84,88
2026-06-15T04:40:00Z,MR-06,Home Quarter,charging,66.2,0.00,0
2026-06-15T04:45:00Z,MR-01,North 40,charging,65.4,0.00,0
2026-06-15T04:45:00Z,MR-02,North 40,idle,59.1,0.00,0
2026-06-15T04:45:00Z,MR-03,Creekside,applying,84.3,0.99,92
2026-06-15T04:45:00Z,MR-04,Creekside,applying,65.4,1.02,93
2026-06-15T04:45:00Z,MR-05,Home Quarter,applying,67.8,0.81,90
2026-06-15T04:45:00Z,MR-06,Home Quarter,charging,68.4,0.00,0
2026-06-15T04:50:00Z,MR-01,North 40,charging,67.7,0.00,0
2026-06-15T04:50:00Z,MR-02,North 40,idle,59.0,0.00,0
2026-06-15T04:50:00Z,MR-03,Creekside,applying,83.7,0.97,80
2026-06-15T04:50:00Z,MR-04,Creekside,driving,65.0,0.00,194
2026-06-15T04:50:00Z,MR-05,Home Quarter,applying,67.2,0.94,88
2026-06-15T04:50:00Z,MR-06,Home Quarter,charging,70.4,0.00,0
2026-06-15T04:55:00Z,MR-01,North 40,charging,69.8,0.00,0
2026-06-15T04:55:00Z,MR-02,North 40,idle,59.0,0.00,0
2026-06-15T04:55:00Z,MR-03,Creekside,applying,83.1,1.00,98
2026-06-15T04:55:00Z,MR-04,Creekside,driving,64.5,0.00,151
2026-06-15T04:55:00Z,MR-05,Home Quarter,applying,66.5,0.98,99
2026-06-15T04:55:00Z,MR-06,Home Quarter,charging,72.8,0.00,0
2026-06-15T05:00:00Z,MR-01,North 40,charging,71.9,0.00,0
2026-06-15T05:00:00Z,MR-02,North 40,idle,59.0,0.00,0
2026-06-15T05:00:00Z,MR-03,Creekside,idle,83.1,0.00,0
2026-06-15T05:00:00Z,MR-04,Creekside,idle,64.5,0.00,0
2026-06-15T05:00:00Z,MR-05,Home Quarter,idle,66.5,0.00,0
2026-06-15T05:00:00Z,MR-06,Home Quarter,charging,74.9,0.00,0
2026-06-15T05:05:00Z,MR-01,North 40,charging,74.1,0.00,0
2026-06-15T05:05:00Z,MR-02,North 40,idle,59.0,0.00,0
2026-06-15T05:05:00Z,MR-03,Creekside,idle,83.1,0.00,0
2026-06-15T05:05:00Z,MR-04,Creekside,idle,64.5,0.00,0
2026-06-15T05:05:00Z,MR-05,Home Quarter,idle,66.5,0.00,0
2026-06-15T05:05:00Z,MR-06,Home Quarter,charging,77.2,0.00,0
2026-06-15T05:10:00Z,MR-01,North 40,charging,76.0,0.00,0
2026-06-15T05:10:00Z,MR-02,North 40,idle,59.0,0.00,0
2026-06-15T05:10:00Z,MR-03,Creekside,idle,83.0,0.00,0
2026-06-15T05:10:00Z,MR-04,Creekside,idle,64.5,0.00,0
2026-06-15T05:10:00Z,MR-05,Home Quarter,idle,66.5,0.00,0
2026-06-15T05:10:00Z,MR-06,Home Quarter,charging,79.6,0.00,0
2026-06-15T05:15:00Z,MR-01,North 40,charging,78.1,0.00,0
2026-06-15T05:15:00Z,MR-02,North 40,idle,58.9,0.00,0
2026-06-15T05:15:00Z,MR-03,Creekside,idle,83.0,0.00,0
2026-06-15T05:15:00Z,MR-04,Creekside,idle,64.4,0.00,0
2026-06-15T05:15:00Z,MR-05,Home Quarter,idle,66.5,0.00,0
2026-06-15T05:15:00Z,MR-06,Home Quarter,charging,82.0,0.00,0
2026-06-15T05:20:00Z,MR-01,North 40,charging,80.3,0.00,0
2026-06-15T05:20:00Z,MR-02,North 40,idle,58.9,0.00,0
2026-06-15T05:20:00Z,MR-03,Creekside,idle,83.0,0.00,0
2026-06-15T05:20:00Z,MR-04,Creekside,idle,64.4,0.00,0
2026-06-15T05:20:00Z,MR-05,Home Quarter,idle,66.4,0.00,0
2026-06-15T05:20:00Z,MR-06,Home Quarter,charging,84.3,0.00,0
2026-06-15T05:25:00Z,MR-01,North 40,charging,82.3,0.00,0
2026-06-15T05:25:00Z,MR-02,North 40,idle,58.9,0.00,0
2026-06-15T05:25:00Z,MR-03,Creekside,idle,83.0,0.00,0
2026-06-15T05:25:00Z,MR-04,Creekside,idle,64.4,0.00,0
2026-06-15T05:25:00Z,MR-05,Home Quarter,idle,66.4,0.00,0
2026-06-15T05:25:00Z,MR-06,Home Quarter,charging,86.5,0.00,0
2026-06-15T05:30:00Z,MR-01,North 40,charging,84.4,0.00,0
2026-06-15T05:30:00Z,MR-02,North 40,idle,58.9,0.00,0
2026-06-15T05:30:00Z,MR-03,Creekside,idle,83.0,0.00,0
2026-06-15T05:30:00Z,MR-04,Creekside,idle,64.4,0.00,0
2026-06-15T05:30:00Z,MR-05,Home Quarter,idle,66.4,0.00,0
2026-06-15T05:30:00Z,MR-06,Home Quarter,charging,88.6,0.00,0
2026-06-15T05:35:00Z,MR-01,North 40,charging,86.4,0.00,0
2026-06-15T05:35:00Z,MR-02,North 40,idle,58.9,0.00,0
2026-06-15T05:35:00Z,MR-03,Creekside,idle,82.9,0.00,0
2026-06-15T05:35:00Z,MR-04,Creekside,idle,64.4,0.00,0
2026-06-15T05:35:00Z,MR-05,Home Quarter,idle,66.4,0.00,0
2026-06-15T05:35:00Z,MR-06,Home Quarter,charging,90.7,0.00,0
2026-06-15T05:40:00Z,MR-01,North 40,charging,88.5,0.00,0
2026-06-15T05:40:00Z,MR-02,North 40,idle,58.8,0.00,0
2026-06-15T05:40:00Z,MR-03,Creekside,idle,82.9,0.00,0
2026-06-15T05:40:00Z,MR-04,Creekside,idle,64.3,0.00,0
2026-06-15T05:40:00Z,MR-05,Home Quarter,idle,66.4,0.00,0
2026-06-15T05:40:00Z,MR-06,Home Quarter,charging,92.9,0.00,0
2026-06-15T05:45:00Z,MR-01,North 40,charging,90.5,0.00,0
2026-06-15T05:45:00Z,MR-02,North 40,idle,58.8,0.00,0
2026-06-15T05:45:00Z,MR-03,Creekside,idle,82.9,0.00,0
2026-06-15T05:45:00Z,MR-04,Creekside,idle,64.3,0.00,0
2026-06-15T05:45:00Z,MR-05,Home Quarter,idle,66.3,0.00,0
2026-06-15T05:45:00Z,MR-06,Home Quarter,applying,92.3,0.73,89
2026-06-15T05:50:00Z,MR-01,North 40,charging,92.4,0.00,0
2026-06-15T05:50:00Z,MR-02,North 40,idle,58.8,0.00,0
2026-06-15T05:50:00Z,MR-03,Creekside,idle,82.9,0.00,0
2026-06-15T05:50:00Z,MR-04,Creekside,idle,64.3,0.00,0
2026-06-15T05:50:00Z,MR-05,Home Quarter,idle,66.3,0.00,0
2026-06-15T05:50:00Z,MR-06,Home Quarter,applying,91.7,0.99,93
2026-06-15T05:55:00Z,MR-01,North 40,idle,92.4,0.00,0
2026-06-15T05:55:00Z,MR-02,North 40,idle,58.8,0.00,0
2026-06-15T05:55:00Z,MR-03,Creekside,idle,82.9,0.00,0
2026-06-15T05:55:00Z,MR-04,Creekside,idle,64.3,0.00,0
2026-06-15T05:55:00Z,MR-05,Home Quarter,idle,66.3,0.00,0
2026-06-15T05:55:00Z,MR-06,Home Quarter,applying,91.0,0.76,84
2026-06-15T06:00:00Z,MR-01,North 40,idle,92.4,0.00,0
2026-06-15T06:00:00Z,MR-02,North 40,idle,58.8,0.00,0
2026-06-15T06:00:00Z,MR-03,Creekside,idle,82.8,0.00,0
2026-06-15T06:00:00Z,MR-04,Creekside,idle,64.3,0.00,0
2026-06-15T06:00:00Z,MR-05,Home Quarter,idle,66.3,0.00,0
2026-06-15T06:00:00Z,MR-06,Home Quarter,idle,91.0,0.00,0
2026-06-15T06:05:00Z,MR-01,North 40,idle,92.4,0.00,0
2026-06-15T06:05:00Z,MR-02,North 40,idle,58.7,0.00,0
2026-06-15T06:05:00Z,MR-03,Creekside,idle,82.8,0.00,0
2026-06-15T06:05:00Z,MR-04,Creekside,idle,64.2,0.00,0
2026-06-15T06:05:00Z,MR-05,Home Quarter,idle,66.3,0.00,0
2026-06-15T06:05:00Z,MR-06,Home Quarter,idle,91.0,0.00,0
2026-06-15T06:10:00Z,MR-01,North 40,idle,92.4,0.00,0
2026-06-15T06:10:00Z,MR-02,North 40,idle,58.7,0.00,0
2026-06-15T06:10:00Z,MR-03,Creekside,idle,82.8,0.00,0
2026-06-15T06:10:00Z,MR-04,Creekside,idle,64.2,0.00,0
2026-06-15T06:10:00Z,MR-05,Home Quarter,idle,66.2,0.00,0
2026-06-15T06:10:00Z,MR-06,Home Quarter,idle,90.9,0.00,0
2026-06-15T06:15:00Z,MR-01,North 40,idle,92.3,0.00,0
2026-06-15T06:15:00Z,MR-02,North 40,idle,58.7,0.00,0
2026-06-15T06:15:00Z,MR-03,Creekside,idle,82.8,0.00,0
2026-06-15T06:15:00Z,MR-04,Creekside,idle,64.2,0.00,0
2026-06-15T06:15:00Z,MR-05,Home Quarter,idle,66.2,0.00,0
2026-06-15T06:15:00Z,MR-06,Home Quarter,idle,90.9,0.00,0
2026-06-15T06:20:00Z,MR-01,North 40,idle,92.3,0.00,0
2026-06-15T06:20:00Z,MR-02,North 40,idle,58.7,0.00,0
2026-06-15T06:20:00Z,MR-03,Creekside,idle,82.8,0.00,0
2026-06-15T06:20:00Z,MR-04,Creekside,idle,64.2,0.00,0
2026-06-15T06:20:00Z,MR-05,Home Quarter,idle,66.2,0.00,0
2026-06-15T06:20:00Z,MR-06,Home Quarter,idle,90.9,0.00,0
2026-06-15T06:25:00Z,MR-01,North 40,idle,92.3,0.00,0
2026-06-15T06:25:00Z,MR-02,North 40,idle,58.7,0.00,0
2026-06-15T06:25:00Z,MR-03,Creekside,idle,82.7,0.00,0
2026-06-15T06:25:00Z,MR-04,Creekside,idle,64.2,0.00,0
2026-06-15T06:25:00Z,MR-05,Home Quarter,idle,66.2,0.00,0
2026-06-15T06:25:00Z,MR-06,Home Quarter,idle,90.9,0.00,0
2026-06-15T06:30:00Z,MR-01,North 40,idle,92.3,0.00,0
2026-06-15T06:30:00Z,MR-02,North 40,idle,58.6,0.00,0
2026-06-15T06:30:00Z,MR-03,Creekside,idle,82.7,0.00,0
2026-06-15T06:30:00Z,MR-04,Creekside,idle,64.1,0.00,0
2026-06-15T06:30:00Z,MR-05,Home Quarter,idle,66.2,0.00,0
2026-06-15T06:30:00Z,MR-06,Home Quarter,idle,90.9,0.00,0
2026-06-15T06:35:00Z,MR-01,North 40,idle,92.3,0.00,0
2026-06-15T06:35:00Z,MR-02,North 40,idle,58.6,0.00,0
2026-06-15T06:35:00Z,MR-03,Creekside,idle,82.7,0.00,0
2026-06-15T06:35:00Z,MR-04,Creekside,idle,64.1,0.00,0
2026-06-15T06:35:00Z,MR-05,Home Quarter,idle,66.1,0.00,0
2026-06-15T06:35:00Z,MR-06,Home Quarter,idle,90.8,0.00,0
2026-06-15T06:40:00Z,MR-01,North 40,idle,92.2,0.00,0
2026-06-15T06:40:00Z,MR-02,North 40,idle,58.6,0.00,0
2026-06-15T06:40:00Z,MR-03,Creekside,idle,82.7,0.00,0
2026-06-15T06:40:00Z,MR-04,Creekside,idle,64.1,0.00,0
2026-06-15T06:40:00Z,MR-05,Home Quarter,idle,66.1,0.00,0
2026-06-15T06:40:00Z,MR-06,Home Quarter,idle,90.8,0.00,0
2026-06-15T06:45:00Z,MR-01,North 40,idle,92.2,0.00,0
2026-06-15T06:45:00Z,MR-02,North 40,idle,58.6,0.00,0
2026-06-15T06:45:00Z,MR-03,Creekside,idle,82.7,0.00,0
2026-06-15T06:45:00Z,MR-04,Creekside,idle,64.1,0.00,0
2026-06-15T06:45:00Z,MR-05,Home Quarter,idle,66.1,0.00,0
2026-06-15T06:45:00Z,MR-06,Home Quarter,idle,90.8,0.00,0
2026-06-15T06:50:00Z,MR-01,North 40,idle,92.2,0.00,0
2026-06-15T06:50:00Z,MR-02,North 40,idle,58.6,0.00,0
2026-06-15T06:50:00Z,MR-03,Creekside,idle,82.6,0.00,0
2026-06-15T06:50:00Z,MR-04,Creekside,idle,64.1,0.00,0
2026-06-15T06:50:00Z,MR-05,Home Quarter,idle,66.1,0.00,0
2026-06-15T06:50:00Z,MR-06,Home Quarter,idle,90.8,0.00,0
2026-06-15T06:55:00Z,MR-01,North 40,idle,92.2,0.00,0
2026-06-15T06:55:00Z,MR-02,North 40,idle,58.5,0.00,0
2026-06-15T06:55:00Z,MR-03,Creekside,idle,82.6,0.00,0
2026-06-15T06:55:00Z,MR-04,Creekside,idle,64.0,0.00,0
2026-06-15T06:55:00Z,MR-05,Home Quarter,idle,66.1,0.00,0
2026-06-15T06:55:00Z,MR-06,Home Quarter,idle,90.8,0.00,0
2026-06-15T07:00:00Z,MR-01,North 40,idle,92.2,0.00,0
2026-06-15T07:00:00Z,MR-02,North 40,applying,57.9,1.05,87
2026-06-15T07:00:00Z,MR-03,Creekside,idle,82.6,0.00,0
2026-06-15T07:00:00Z,MR-04,Creekside,idle,64.0,0.00,0
2026-06-15T07:00:00Z,MR-05,Home Quarter,idle,66.0,0.00,0
2026-06-15T07:00:00Z,MR-06,Home Quarter,idle,90.7,0.00,0
2026-06-15T07:05:00Z,MR-01,North 40,idle,92.1,0.00,0
2026-06-15T07:05:00Z,MR-02,North 40,driving,57.5,0.00,153
2026-06-15T07:05:00Z,MR-03,Creekside,idle,82.6,0.00,0
2026-06-15T07:05:00Z,MR-04,Creekside,idle,64.0,0.00,0
2026-06-15T07:05:00Z,MR-05,Home Quarter,idle,66.0,0.00,0
2026-06-15T07:05:00Z,MR-06,Home Quarter,idle,90.7,0.00,0
2026-06-15T07:10:00Z,MR-01,North 40,idle,92.1,0.00,0
2026-06-15T07:10:00Z,MR-02,North 40,applying,57.0,0.96,88
2026-06-15T07:10:00Z,MR-03,Creekside,idle,82.6,0.00,0
2026-06-15T07:10:00Z,MR-04,Creekside,idle,64.0,0.00,0
2026-06-15T07:10:00Z,MR-05,Home Quarter,idle,66.0,0.00,0
2026-06-15T07:10:00Z,MR-06,Home Quarter,idle,90.7,0.00,0
2026-06-15T07:15:00Z,MR-01,North 40,idle,92.1,0.00,0
2026-06-15T07:15:00Z,MR-02,North 40,applying,56.5,1.10,97
2026-06-15T07:15:00Z,MR-03,Creekside,idle,82.5,0.00,0
2026-06-15T07:15:00Z,MR-04,Creekside,idle,64.0,0.00,0
2026-06-15T07:15:00Z,MR-05,Home Quarter,idle,66.0,0.00,0
2026-06-15T07:15:00Z,MR-06,Home Quarter,idle,90.7,0.00,0
2026-06-15T07:20:00Z,MR-01,North 40,idle,92.1,0.00,0
2026-06-15T07:20:00Z,MR-02,North 40,applying,55.8,1.01,87
2026-06-15T07:20:00Z,MR-03,Creekside,idle,82.5,0.00,0
2026-06-15T07:20:00Z,MR-04,Creekside,idle,63.9,0.00,0
2026-06-15T07:20:00Z,MR-05,Home Quarter,idle,66.0,0.00,0
2026-06-15T07:20:00Z,MR-06,Home Quarter,idle,90.7,0.00,0
2026-06-15T07:25:00Z,MR-01,North 40,idle,92.1,0.00,0
2026-06-15T07:25:00Z,MR-02,North 40,applying,55.1,0.89,100
2026-06-15T07:25:00Z,MR-03,Creekside,idle,82.5,0.00,0
2026-06-15T07:25:00Z,MR-04,Creekside,idle,63.9,0.00,0
2026-06-15T07:25:00Z,MR-05,Home Quarter,idle,65.9,0.00,0
2026-06-15T07:25:00Z,MR-06,Home Quarter,idle,90.6,0.00,0
2026-06-15T07:30:00Z,MR-01,North 40,idle,92.0,0.00,0
2026-06-15T07:30:00Z,MR-02,North 40,applying,54.5,0.98,91
2026-06-15T07:30:00Z,MR-03,Creekside,idle,82.5,0.00,0
2026-06-15T07:30:00Z,MR-04,Creekside,idle,63.9,0.00,0
2026-06-15T07:30:00Z,MR-05,Home Quarter,idle,65.9,0.00,0
2026-06-15T07:30:00Z,MR-06,Home Quarter,idle,90.6,0.00,0
2026-06-15T07:35:00Z,MR-01,North 40,idle,92.0,0.00,0
2026-06-15T07:35:00Z,MR-02,North 40,applying,53.8,1.06,85
2026-06-15T07:35:00Z,MR-03,Creekside,idle,82.5,0.00,0
2026-06-15T07:35:00Z,MR-04,Creekside,idle,63.9,0.00,0
2026-06-15T07:35:00Z,MR-05,Home Quarter,idle,65.9,0.00,0
2026-06-15T07:35:00Z,MR-06,Home Quarter,idle,90.6,0.00,0
2026-06-15T07:40:00Z,MR-01,North 40,idle,92.0,0.00,0
2026-06-15T07:40:00Z,MR-02,North 40,applying,53.3,1.02,86
2026-06-15T07:40:00Z,MR-03,Creekside,idle,82.4,0.00,0
2026-06-15T07:40:00Z,MR-04,Creekside,idle,63.9,0.00,0
2026-06-15T07:40:00Z,MR-05,Home Quarter,idle,65.9,0.00,0
2026-06-15T07:40:00Z,MR-06,Home Quarter,idle,90.6,0.00,0
2026-06-15T07:45:00Z,MR-01,North 40,idle,92.0,0.00,0
2026-06-15T07:45:00Z,MR-02,North 40,applying,52.6,0.97,85
2026-06-15T07:45:00Z,MR-03,Creekside,idle,82.4,0.00,0
2026-06-15T07:45:00Z,MR-04,Creekside,idle,63.8,0.00,0
2026-06-15T07:45:00Z,MR-05,Home Quarter,idle,65.9,0.00,0
2026-06-15T07:45:00Z,MR-06,Home Quarter,idle,90.6,0.00,0
2026-06-15T07:50:00Z,MR-01,North 40,idle,92.0,0.00,0
2026-06-15T07:50:00Z,MR-02,North 40,applying,52.0,0.94,82
2026-06-15T07:50:00Z,MR-03,Creekside,idle,82.4,0.00,0
2026-06-15T07:50:00Z,MR-04,Creekside,idle,63.8,0.00,0
2026-06-15T07:50:00Z,MR-05,Home Quarter,idle,65.8,0.00,0
2026-06-15T07:50:00Z,MR-06,Home Quarter,idle,90.5,0.00,0
2026-06-15T07:55:00Z,MR-01,North 40,idle,91.9,0.00,0
2026-06-15T07:55:00Z,MR-02,North 40,applying,51.5,0.98,91
2026-06-15T07:55:00Z,MR-03,Creekside,idle,82.4,0.00,0
2026-06-15T07:55:00Z,MR-04,Creekside,idle,63.8,0.00,0
2026-06-15T07:55:00Z,MR-05,Home Quarter,idle,65.8,0.00,0
2026-06-15T07:55:00Z,MR-06,Home Quarter,idle,90.5,0.00,0
2026-06-15T08:00:00Z,MR-01,North 40,applying,91.4,1.02,98
2026-06-15T08:00:00Z,MR-02,North 40,applying,50.9,1.02,86
2026-06-15T08:00:00Z,MR-03,Creekside,applying,81.8,1.00,93
2026-06-15T08:00:00Z,MR-04,Creekside,applying,63.2,1.37,85
2026-06-15T08:00:00Z,MR-05,Home Quarter,applying,65.2,0.99,81
2026-06-15T08:00:00Z,MR-06,Home Quarter,idle,90.5,0.00,0
2026-06-15T08:05:00Z,MR-01,North 40,applying,90.7,0.80,83
2026-06-15T08:05:00Z,MR-02,North 40,applying,50.4,0.94,91
2026-06-15T08:05:00Z,MR-03,Creekside,applying,81.2,0.97,100
2026-06-15T08:05:00Z,MR-04,Creekside,applying,62.6,1.29,86
2026-06-15T08:05:00Z,MR-05,Home Quarter,driving,64.8,0.00,199
2026-06-15T08:05:00Z,MR-06,Home Quarter,idle,90.5,0.00,0
2026-06-15T08:10:00Z,MR-01,North 40,applying,90.0,0.89,94
2026-06-15T08:10:00Z,MR-02,North 40,driving,50.1,0.00,184
2026-06-15T08:10:00Z,MR-03,Creekside,applying,80.6,0.91,88
2026-06-15T08:10:00Z,MR-04,Creekside,applying,61.9,1.35,81
2026-06-15T08:10:00Z,MR-05,Home Quarter,applying,64.3,0.80,92
2026-06-15T08:10:00Z,MR-06,Home Quarter,idle,90.5,0.00,0
2026-06-15T08:15:00Z,MR-01,North 40,driving,89.5,0.00,209
2026-06-15T08:15:00Z,MR-02,North 40,applying,49.5,1.13,84
2026-06-15T08:15:00Z,MR-03,Creekside,driving,80.3,0.00,157
2026-06-15T08:15:00Z,MR-04,Creekside,applying,61.4,1.10,93
2026-06-15T08:15:00Z,MR-05,Home Quarter,applying,63.6,0.91,92
2026-06-15T08:15:00Z,MR-06,Home Quarter,idle,90.4,0.00,0
2026-06-15T08:20:00Z,MR-01,North 40,applying,89.0,0.77,89
2026-06-15T08:20:00Z,MR-02,North 40,driving,49.1,0.00,176
2026-06-15T08:20:00Z,MR-03,Creekside,driving,79.9,0.00,178
2026-06-15T08:20:00Z,MR-04,Creekside,applying,60.7,1.29,98
2026-06-15T08:20:00Z,MR-05,Home Quarter,applying,63.1,1.16,95
2026-06-15T08:20:00Z,MR-06,Home Quarter,idle,90.4,0.00,0
2026-06-15T08:25:00Z,MR-01,North 40,applying,88.4,1.01,80
2026-06-15T08:25:00Z,MR-02,North 40,applying,48.6,1.01,88
2026-06-15T08:25:00Z,MR-03,Creekside,applying,79.3,1.02,82
2026-06-15T08:25:00Z,MR-04,Creekside,driving,60.4,0.00,167
2026-06-15T08:25:00Z,MR-05,Home Quarter,applying,62.4,0.92,94
2026-06-15T08:25:00Z,MR-06,Home Quarter,idle,90.4,0.00,0
2026-06-15T08:30:00Z,MR-01,North 40,applying,87.9,0.73,81
2026-06-15T08:30:00Z,MR-02,North 40,applying,48.0,0.88,82
2026-06-15T08:30:00Z,MR-03,Creekside,applying,78.8,0.74,92
2026-06-15T08:30:00Z,MR-04,Creekside,driving,60.0,0.00,150
2026-06-15T08:30:00Z,MR-05,Home Quarter,applying,61.8,0.85,90
2026-06-15T08:30:00Z,MR-06,Home Quarter,idle,90.4,0.00,0
2026-06-15T08:35:00Z,MR-01,North 40,applying,87.3,1.07,92
2026-06-15T08:35:00Z,MR-02,North 40,applying,47.4,0.83,84
2026-06-15T08:35:00Z,MR-03,Creekside,applying,78.2,0.71,97
2026-06-15T08:35:00Z,MR-04,Creekside,applying,59.4,1.05,88
2026-06-15T08:35:00Z,MR-05,Home Quarter,applying,61.1,1.06,83
2026-06-15T08:35:00Z,MR-06,Home Quarter,idle,90.4,0.00,0
2026-06-15T08:40:00Z,MR-01,North 40,applying,86.7,0.78,92
2026-06-15T08:40:00Z,MR-02,North 40,applying,46.7,0.84,98
2026-06-15T08:40:00Z,MR-03,Creekside,driving,77.8,0.00,164
2026-06-15T08:40:00Z,MR-04,Creekside,applying,58.8,1.11,93
2026-06-15T08:40:00Z,MR-05,Home Quarter,applying,60.6,0.99,92
2026-06-15T08:40:00Z,MR-06,Home Quarter,idle,90.3,0.00,0
2026-06-15T08:45:00Z,MR-01,North 40,applying,86.2,1.05,85
2026-06-15T08:45:00Z,MR-02,North 40,applying,46.2,0.79,90
2026-06-15T08:45:00Z,MR-03,Creekside,driving,77.4,0.00,182
2026-06-15T08:45:00Z,MR-04,Creekside,applying,58.3,1.33,95
2026-06-15T08:45:00Z,MR-05,Home Quarter,applying,60.0,1.17,82
2026-06-15T08:45:00Z,MR-06,Home Quarter,idle,90.3,0.00,0
2026-06-15T08:50:00Z,MR-01,North 40,applying,85.5,1.08,81
2026-06-15T08:50:00Z,MR-02,North 40,driving,45.8,0.00,188
2026-06-15T08:50:00Z,MR-03,Creekside,applying,76.8,0.85,86
2026-06-15T08:50:00Z,MR-04,Creekside,applying,57.6,1.19,81
2026-06-15T08:50:00Z,MR-05,Home Quarter,applying,59.5,0.86,87
2026-06-15T08:50:00Z,MR-06,Home Quarter,idle,90.3,0.00,0
2026-06-15T08:55:00Z,MR-01,North 40,applying,84.9,0.91,90
2026-06-15T08:55:00Z,MR-02,North 40,applying,45.3,1.12,84
2026-06-15T08:55:00Z,MR-03,Creekside,applying,76.1,1.02,82
2026-06-15T08:55:00Z,MR-04,Creekside,applying,57.1,0.99,81
2026-06-15T08:55:00Z,MR-05,Home Quarter,applying,58.8,0.84,93
2026-06-15T08:55:00Z,MR-06,Home Quarter,idle,90.3,0.00,0
2026-06-15T09:00:00Z,MR-01,North 40,applying,84.3,0.79,85
2026-06-15T09:00:00Z,MR-02,North 40,applying,44.8,0.87,96
2026-06-15T09:00:00Z,MR-03,Creekside,applying,75.4,0.81,87
2026-06-15T09:00:00Z,MR-04,Creekside,applying,56.4,1.16,96
2026-06-15T09:00:00Z,MR-05,Home Quarter,applying,58.2,1.00,96
2026-06-15T09:00:00Z,MR-06,Home Quarter,applying,89.7,0.91,83
2026-06-15T09:05:00Z,MR-01,North 40,applying,83.8,0.98,90
2026-06-15T09:05:00Z,MR-02,North 40,applying,44.2,0.80,84
2026-06-15T09:05:00Z,MR-03,Creekside,applying,74.9,1.00,88
2026-06-15T09:05:00Z,MR-04,Creekside,applying,55.9,0.99,92
2026-06-15T09:05:00Z,MR-05,Home Quarter,applying,57.6,0.94,96
2026-06-15T09:05:00Z,MR-06,Home Quarter,applying,89.0,0.78,95
2026-06-15T09:10:00Z,MR-01,North 40,applying,83.1,1.05,96
2026-06-15T09:10:00Z,MR-02,North 40,applying,43.5,0.91,82
2026-06-15T09:10:00Z,MR-03,Creekside,driving,74.6,0.00,151
2026-06-15T09:10:00Z,MR-04,Creekside,applying,55.4,1.35,86
2026-06-15T09:10:00Z,MR-05,Home Quarter,driving,57.3,0.00,151
2026-06-15T09:10:00Z,MR-06,Home Quarter,applying,88.5,1.00,97
2026-06-15T09:15:00Z,MR-01,North 40,applying,82.5,0.80,87
2026-06-15T09:15:00Z,MR-02,North 40,applying,42.9,1.06,81
2026-06-15T09:15:00Z,MR-03,Creekside,applying,74.1,1.01,83
2026-06-15T09:15:00Z,MR-04,Creekside,applying,54.8,1.12,87
2026-06-15T09:15:00Z,MR-05,Home Quarter,driving,56.8,0.00,154
2026-06-15T09:15:00Z,MR-06,Home Quarter,applying,87.9,0.90,92
2026-06-15T09:20:00Z,MR-01,North 40,applying,81.9,0.73,92
2026-06-15T09:20:00Z,MR-02,North 40,applying,42.3,0.77,96
2026-06-15T09:20:00Z,MR-03,Creekside,driving,73.7,0.00,175
2026-06-15T09:20:00Z,MR-04,Creekside,applying,54.3,1.24,93
2026-06-15T09:20:00Z,MR-05,Home Quarter,applying,56.1,1.00,85
2026-06-15T09:20:00Z,MR-06,Home Quarter,applying,87.2,0.75,88
2026-06-15T09:25:00Z,MR-01,North 40,applying,81.4,0.87,92
2026-06-15T09:25:00Z,MR-02,North 40,applying,41.7,1.06,99
2026-06-15T09:25:00Z,MR-03,Creekside,applying,73.1,0.80,92
2026-06-15T09:25:00Z,MR-04,Creekside,applying,53.7,1.38,95
2026-06-15T09:25:00Z,MR-05,Home Quarter,applying,55.5,1.00,86
2026-06-15T09:25:00Z,MR-06,Home Quarter,applying,86.6,0.87,88
2026-06-15T09:30:00Z,MR-01,North 40,applying,80.9,0.86,97
2026-06-15T09:30:00Z,MR-02,North 40,applying,41.1,0.98,98
2026-06-15T09:30:00Z,MR-03,Creekside,driving,72.6,0.00,181
2026-06-15T09:30:00Z,MR-04,Creekside,applying,53.2,1.14,99
2026-06-15T09:30:00Z,MR-05,Home Quarter,applying,54.8,0.88,83
2026-06-15T09:30:00Z,MR-06,Home Quarter,applying,86.0,0.75,89
2026-06-15T09:35:00Z,MR-01,North 40,applying,80.2,0.81,95
2026-06-15T09:35:00Z,MR-02,North 40,driving,40.7,0.00,165
2026-06-15T09:35:00Z,MR-03,Creekside,applying,72.0,0.74,86
2026-06-15T09:35:00Z,MR-04,Creekside,applying,52.6,0.95,89
2026-06-15T09:35:00Z,MR-05,Home Quarter,driving,54.4,0.00,200
2026-06-15T09:35:00Z,MR-06,Home Quarter,applying,85.5,0.99,99
2026-06-15T09:40:00Z,MR-01,North 40,applying,79.6,0.88,88
2026-06-15T09:40:00Z,MR-02,North 40,applying,40.1,0.92,87
2026-06-15T09:40:00Z,MR-03,Creekside,applying,71.4,0.71,92
2026-06-15T09:40:00Z,MR-04,Creekside,applying,51.9,1.24,96
2026-06-15T09:40:00Z,MR-05,Home Quarter,driving,54.0,0.00,208
2026-06-15T09:40:00Z,MR-06,Home Quarter,applying,84.9,0.95,83
2026-06-15T09:45:00Z,MR-01,North 40,driving,79.2,0.00,202
2026-06-15T09:45:00Z,MR-02,North 40,applying,39.4,1.13,86
2026-06-15T09:45:00Z,MR-03,Creekside,applying,70.8,0.85,85
2026-06-15T09:45:00Z,MR-04,Creekside,applying,51.2,1.20,91
2026-06-15T09:45:00Z,MR-05,Home Quarter,applying,53.4,0.87,96
2026-06-15T09:45:00Z,MR-06,Home Quarter,applying,84.3,0.91,99
2026-06-15T09:50:00Z,MR-01,North 40,applying,78.5,1.03,81
2026-06-15T09:50:00Z,MR-02,North 40,applying,38.8,0.97,93
2026-06-15T09:50:00Z,MR-03,Creekside,applying,70.1,0.69,90
2026-06-15T09:50:00Z,MR-04,Creekside,applying,50.6,1.15,91
2026-06-15T09:50:00Z,MR-05,Home Quarter,applying,52.8,1.19,90
2026-06-15T09:50:00Z,MR-06,Home Quarter,applying,83.8,0.93,90
2026-06-15T09:55:00Z,MR-01,North 40,applying,78.0,1.04,82
2026-06-15T09:55:00Z,MR-02,North 40,applying,38.2,1.13,94
2026-06-15T09:55:00Z,MR-03,Creekside,applying,69.5,0.72,81
2026-06-15T09:55:00Z,MR-04,Creekside,applying,50.1,0.93,91
2026-06-15T09:55:00Z,MR-05,Home Quarter,applying,52.3,0.86,98
2026-06-15T09:55:00Z,MR-06,Home Quarter,applying,83.1,0.72,82
2026-06-15T10:00:00Z,MR-01,North 40,applying,77.5,0.89,97
2026-06-15T10:00:00Z,MR-02,North 40,applying,37.6,1.06,83
2026-06-15T10:00:00Z,MR-03,Creekside,applying,69.0,0.69,96
2026-06-15T10:00:00Z,MR-04,Creekside,applying,49.6,1.19,84
2026-06-15T10:00:00Z,MR-05,Home Quarter,applying,51.7,1.01,96
2026-06-15T10:00:00Z,MR-06,Home Quarter,applying,82.5,0.73,99
2026-06-15T10:05:00Z,MR-01,North 40,applying,76.9,0.98,100
2026-06-15T10:05:00Z,MR-02,North 40,applying,36.9,0.88,100
2026-06-15T10:05:00Z,MR-03,Creekside,applying,68.5,0.68,88
2026-06-15T10:05:00Z,MR-04,Creekside,applying,48.9,0.94,98
2026-06-15T10:05:00Z,MR-05,Home Quarter,applying,51.1,0.87,91
2026-06-15T10:05:00Z,MR-06,Home Quarter,applying,81.9,0.77,81
2026-06-15T10:10:00Z,MR-01,North 40,applying,76.2,1.00,93
2026-06-15T10:10:00Z,MR-02,North 40,applying,36.2,0.95,98
2026-06-15T10:10:00Z,MR-03,Creekside,driving,68.1,0.00,202
2026-06-15T10:10:00Z,MR-04,Creekside,applying,48.2,1.21,92
2026-06-15T10:10:00Z,MR-05,Home Quarter,driving,50.7,0.00,181
2026-06-15T10:10:00Z,MR-06,Home Quarter,applying,81.3,0.90,94
2026-06-15T10:15:00Z,MR-01,North 40,applying,75.7,0.96,86
2026-06-15T10:15:00Z,MR-02,North 40,applying,35.6,1.11,99
2026-06-15T10:15:00Z,MR-03,Creekside,driving,67.7,0.00,183
2026-06-15T10:15:00Z,MR-04,Creekside,applying,47.6,1.01,96
2026-06-15T10:15:00Z,MR-05,Home Quarter,applying,50.1,0.82,91
2026-06-15T10:15:00Z,MR-06,Home Quarter,applying,80.7,0.92,82
2026-06-15T10:20:00Z,MR-01,North 40,applying,75.0,0.91,94
2026-06-15T10:20:00Z,MR-02,North 40,applying,35.1,0.92,81
2026-06-15T10:20:00Z,MR-03,Creekside,applying,67.0,0.84,92
2026-06-15T10:20:00Z,MR-04,Creekside,driving,47.2,0.00,184
2026-06-15T10:20:00Z,MR-05,Home Quarter,applying,49.4,1.17,96
2026-06-15T10:20:00Z,MR-06,Home Quarter,applying,80.0,0.75,97
2026-06-15T10:25:00Z,MR-01,North 40,applying,74.3,0.79,95
2026-06-15T10:25:00Z,MR-02,North 40,driving,34.6,0.00,203
2026-06-15T10:25:00Z,MR-03,Creekside,applying,66.5,0.82,85
2026-06-15T10:25:00Z,MR-04,Creekside,applying,46.7,1.31,91
2026-06-15T10:25:00Z,MR-05,Home Quarter,applying,48.9,1.06,95
2026-06-15T10:25:00Z,MR-06,Home Quarter,applying,79.3,0.79,94
2026-06-15T10:30:00Z,MR-01,North 40,applying,73.8,0.97,91
2026-06-15T10:30:00Z,MR-02,North 40,applying,34.0,0.81,88
2026-06-15T10:30:00Z,MR-03,Creekside,driving,66.0,0.00,175
2026-06-15T10:30:00Z,MR-04,Creekside,applying,46.0,1.20,99
2026-06-15T10:30:00Z,MR-05,Home Quarter,applying,48.2,1.01,90
2026-06-15T10:30:00Z,MR-06,Home Quarter,applying,78.8,0.77,93
2026-06-15T10:35:00Z,MR-01,North 40,applying,73.3,0.74,92
2026-06-15T10:35:00Z,MR-02,North 40,applying,33.5,1.07,100
2026-06-15T10:35:00Z,MR-03,Creekside,applying,65.5,0.95,90
2026-06-15T10:35:00Z,MR-04,Creekside,applying,45.4,1.16,82
2026-06-15T10:35:00Z,MR-05,Home Quarter,applying,47.5,1.12,82
2026-06-15T10:35:00Z,MR-06,Home Quarter,applying,78.3,0.76,90
2026-06-15T10:40:00Z,MR-01,North 40,applying,72.6,0.91,95
2026-06-15T10:40:00Z,MR-02,North 40,applying,32.9,0.78,80
2026-06-15T10:40:00Z,MR-03,Creekside,applying,64.9,0.76,85
2026-06-15T10:40:00Z,MR-04,Creekside,applying,44.7,1.37,86
2026-06-15T10:40:00Z,MR-05,Home Quarter,applying,47.0,0.99,93
2026-06-15T10:40:00Z,MR-06,Home Quarter,applying,77.6,0.95,86
2026-06-15T10:45:00Z,MR-01,North 40,applying,72.0,0.76,92
2026-06-15T10:45:00Z,MR-02,North 40,applying,32.3,1.11,85
2026-06-15T10:45:00Z,MR-03,Creekside,applying,64.3,0.69,84
2026-06-15T10:45:00Z,MR-04,Creekside,driving,44.3,0.00,193
2026-06-15T10:45:00Z,MR-05,Home Quarter,applying,46.4,0.96,85
2026-06-15T10:45:00Z,MR-06,Home Quarter,applying,77.0,0.92,89
2026-06-15T10:50:00Z,MR-01,North 40,applying,71.5,0.99,99
2026-06-15T10:50:00Z,MR-02,North 40,applying,31.6,0.95,89
2026-06-15T10:50:00Z,MR-03,Creekside,driving,63.8,0.00,182
2026-06-15T10:50:00Z,MR-04,Creekside,applying,43.6,1.03,85
2026-06-15T10:50:00Z,MR-05,Home Quarter,applying,45.9,0.91,89
2026-06-15T10:50:00Z,MR-06,Home Quarter,driving,76.6,0.00,208
2026-06-15T10:55:00Z,MR-01,North 40,applying,70.9,0.84,80
2026-06-15T10:55:00Z,MR-02,North 40,applying,31.0,0.93,94
2026-06-15T10:55:00Z,MR-03,Creekside,applying,63.3,0.82,92
2026-06-15T10:55:00Z,MR-04,Creekside,applying,43.0,1.29,94
2026-06-15T10:55:00Z,MR-05,Home Quarter,applying,45.2,0.91,100
2026-06-15T10:55:00Z,MR-06,Home Quarter,applying,76.0,0.79,82
2026-06-15T11:00:00Z,MR-01,North 40,applying,70.4,0.96,93
2026-06-15T11:00:00Z,MR-02,North 40,applying,30.5,1.11,93
2026-06-15T11:00:00Z,MR-03,Creekside,driving,63.0,0.00,161
2026-06-15T11:00:00Z,MR-04,Creekside,applying,42.4,1.26,90
2026-06-15T11:00:00Z,MR-05,Home Quarter,applying,44.5,0.92,82
2026-06-15T11:00:00Z,MR-06,Home Quarter,applying,75.4,0.86,99
2026-06-15T11:05:00Z,MR-01,North 40,applying,69.7,0.75,99
2026-06-15T11:05:00Z,MR-02,North 40,applying,29.8,0.79,82
2026-06-15T11:05:00Z,MR-03,Creekside,applying,62.4,0.79,82
2026-06-15T11:05:00Z,MR-04,Creekside,applying,41.8,1.32,82
2026-06-15T11:05:00Z,MR-05,Home Quarter,applying,43.9,1.08,99
2026-06-15T11:05:00Z,MR-06,Home Quarter,applying,74.9,0.98,93
2026-06-15T11:10:00Z,MR-01,North 40,applying,69.0,0.93,94
2026-06-15T11:10:00Z,MR-02,North 40,applying,29.1,0.87,90
2026-06-15T11:10:00Z,MR-03,Creekside,applying,61.8,0.95,82
2026-06-15T11:10:00Z,MR-04,Creekside,applying,41.3,1.17,82
2026-06-15T11:10:00Z,MR-05,Home Quarter,applying,43.3,1.18,85
2026-06-15T11:10:00Z,MR-06,Home Quarter,applying,74.2,0.75,97
2026-06-15T11:15:00Z,MR-01,North 40,applying,68.5,0.91,96
2026-06-15T11:15:00Z,MR-02,North 40,applying,28.6,0.81,95
2026-06-15T11:15:00Z,MR-03,Creekside,applying,61.2,0.96,86
2026-06-15T11:15:00Z,MR-04,Creekside,driving,41.0,0.00,190
2026-06-15T11:15:00Z,MR-05,Home Quarter,applying,42.7,1.12,83
2026-06-15T11:15:00Z,MR-06,Home Quarter,driving,73.9,0.00,177
2026-06-15T11:20:00Z,MR-01,North 40,applying,67.8,0.89,80
2026-06-15T11:20:00Z,MR-02,North 40,applying,28.0,0.84,95
2026-06-15T11:20:00Z,MR-03,Creekside,applying,60.6,0.72,90
2026-06-15T11:20:00Z,MR-04,Creekside,applying,40.4,1.13,98
2026-06-15T11:20:00Z,MR-05,Home Quarter,applying,42.0,1.02,86
2026-06-15T11:20:00Z,MR-06,Home Quarter,applying,73.3,1.04,88
2026-06-15T11:25:00Z,MR-01,North 40,driving,67.4,0.00,156
2026-06-15T11:25:00Z,MR-02,North 40,applying,27.4,0.78,93
2026-06-15T11:25:00Z,MR-03,Creekside,applying,60.1,0.77,84
2026-06-15T11:25:00Z,MR-04,Creekside,applying,39.8,0.97,98
2026-06-15T11:25:00Z,MR-05,Home Quarter,applying,41.4,0.96,82
2026-06-15T11:25:00Z,MR-06,Home Quarter,applying,72.7,0.94,88
2026-06-15T11:30:00Z,MR-01,North 40,applying,66.7,1.05,97
2026-06-15T11:30:00Z,MR-02,North 40,applying,26.8,1.03,91
2026-06-15T11:30:00Z,MR-03,Creekside,driving,59.6,0.00,
2026-06-15T11:30:00Z,MR-04,Creekside,driving,39.5,0.00,163
2026-06-15T11:30:00Z,MR-05,Home Quarter,applying,40.8,1.11,94
2026-06-15T11:30:00Z,MR-06,Home Quarter,driving,72.3,0.00,156
2026-06-15T11:35:00Z,MR-01,North 40,applying,66.2,0.88,82
2026-06-15T11:35:00Z,MR-02,North 40,applying,26.2,0.80,99
2026-06-15T11:35:00Z,MR-03,Creekside,applying,59.0,0.78,84
2026-06-15T11:35:00Z,MR-04,Creekside,applying,38.9,1.19,86
2026-06-15T11:35:00Z,MR-05,Home Quarter,applying,40.3,0.99,96
2026-06-15T11:35:00Z,MR-06,Home Quarter,driving,71.8,0.00,165
2026-06-15T11:40:00Z,MR-01,North 40,applying,65.6,0.95,82
2026-06-15T11:40:00Z,MR-02,North 40,applying,25.6,0.95,100
2026-06-15T11:40:00Z,MR-03,Creekside,applying,58.5,0.69,97
2026-06-15T11:40:00Z,MR-04,Creekside,applying,38.2,1.34,94
2026-06-15T11:40:00Z,MR-05,Home Quarter,applying,39.8,0.85,82
2026-06-15T11:40:00Z,MR-06,Home Quarter,applying,71.2,0.93,95
2026-06-15T11:45:00Z,MR-01,North 40,applying,64.9,0.74,81
2026-06-15T11:45:00Z,MR-02,North 40,applying,25.1,0.89,90
2026-06-15T11:45:00Z,MR-03,Creekside,applying,57.8,0.80,91
2026-06-15T11:45:00Z,MR-04,Creekside,applying,37.5,1.14,96
2026-06-15T11:45:00Z,MR-05,Home Quarter,applying,39.1,1.08,90
2026-06-15T11:45:00Z,MR-06,Home Quarter,applying,70.7,0.94,98
2026-06-15T11:50:00Z,MR-01,North 40,applying,64.4,0.81,98
2026-06-15T11:50:00Z,MR-02,North 40,driving,24.7,0.00,198
2026-06-15T11:50:00Z,MR-03,Creekside,applying,57.3,0.73,85
2026-06-15T11:50:00Z,MR-04,Creekside,applying,37.0,1.38,89
2026-06-15T11:50:00Z,MR-05,Home Quarter,applying,38.6,0.87,80
2026-06-15T11:50:00Z,MR-06,Home Quarter,applying,70.1,0.77,94
2026-06-15T11:55:00Z,MR-01,North 40,applying,63.9,0.85,98
2026-06-15T11:55:00Z,MR-02,North 40,applying,24.0,0.92,84
2026-06-15T11:55:00Z,MR-03,Creekside,applying,56.6,1.01,100
2026-06-15T11:55:00Z,MR-04,Creekside,applying,36.4,1.32,87
2026-06-15T11:55:00Z,MR-05,Home Quarter,applying,38.0,1.11,81
2026-06-15T11:55:00Z,MR-06,Home Quarter,applying,69.5,0.71,88
2026-06-15T12:00:00Z,MR-01,North 40,applying,63.3,1.05,84
2026-06-15T12:00:00Z,MR-02,North 40,applying,23.4,0.82,90
2026-06-15T12:00:00Z,MR-03,Creekside,applying,56.1,0.70,100
2026-06-15T12:00:00Z,MR-04,Creekside,applying,35.8,1.16,90
2026-06-15T12:00:00Z,MR-05,Home Quarter,applying,37.5,1.09,94
2026-06-15T12:00:00Z,MR-06,Home Quarter,driving,69.1,0.00,209
2026-06-15T12:05:00Z,MR-01,North 40,applying,62.7,1.01,89
2026-06-15T12:05:00Z,MR-02,North 40,applying,22.9,1.02,88
2026-06-15T12:05:00Z,MR-03,Creekside,driving,55.8,0.00,195
2026-06-15T12:05:00Z,MR-04,Creekside,applying,35.2,1.34,95
2026-06-15T12:05:00Z,MR-05,Home Quarter,driving,37.0,0.00,203
2026-06-15T12:05:00Z,MR-06,Home Quarter,applying,68.5,0.73,97
2026-06-15T12:10:00Z,MR-01,North 40,applying,62.0,0.87,95
2026-06-15T12:10:00Z,MR-02,North 40,applying,22.4,0.83,87
2026-06-15T12:10:00Z,MR-03,Creekside,applying,55.1,0.72,98
2026-06-15T12:10:00Z,MR-04,Creekside,applying,34.5,1.30,90
2026-06-15T12:10:00Z,MR-05,Home Quarter,applying,36.5,0.87,94
2026-06-15T12:10:00Z,MR-06,Home Quarter,driving,68.1,0.00,191
2026-06-15T12:15:00Z,MR-01,North 40,applying,61.4,0.91,89
2026-06-15T12:15:00Z,MR-02,North 40,applying,21.8,0.86,100
2026-06-15T12:15:00Z,MR-03,Creekside,driving,54.7,0.00,169
2026-06-15T12:15:00Z,MR-04,Creekside,applying,33.8,1.33,91
2026-06-15T12:15:00Z,MR-05,Home Quarter,applying,35.8,1.17,89
2026-06-15T12:15:00Z,MR-06,Home Quarter,applying,67.6,0.86,95
2026-06-15T12:20:00Z,MR-01,North 40,applying,60.8,0.87,80
2026-06-15T12:20:00Z,MR-02,North 40,applying,21.2,0.81,91
2026-06-15T12:20:00Z,MR-03,Creekside,applying,54.0,0.97,82
2026-06-15T12:20:00Z,MR-04,Creekside,applying,33.3,1.14,98
2026-06-15T12:20:00Z,MR-05,Home Quarter,applying,35.2,1.04,89
2026-06-15T12:20:00Z,MR-06,Home Quarter,applying,67.0,0.97,93
2026-06-15T12:25:00Z,MR-01,North 40,applying,60.2,0.77,96
2026-06-15T12:25:00Z,MR-02,North 40,applying,20.5,0.87,83
2026-06-15T12:25:00Z,MR-03,Creekside,applying,53.4,0.79,93
2026-06-15T12:25:00Z,MR-04,Creekside,applying,32.6,0.93,89
2026-06-15T12:25:00Z,MR-05,Home Quarter,applying,34.6,0.90,91
2026-06-15T12:25:00Z,MR-06,Home Quarter,applying,66.4,0.75,89
2026-06-15T12:30:00Z,MR-01,North 40,applying,59.6,0.74,94
2026-06-15T12:30:00Z,MR-02,North 40,applying,19.9,0.92,93
2026-06-15T12:30:00Z,MR-03,Creekside,applying,52.8,0.97,92
2026-06-15T12:30:00Z,MR-04,Creekside,applying,32.0,1.37,95
2026-06-15T12:30:00Z,MR-05,Home Quarter,applying,33.9,0.82,95
2026-06-15T12:30:00Z,MR-06,Home Quarter,applying,65.8,0.76,85
2026-06-15T12:35:00Z,MR-01,North 40,applying,58.9,0.79,84
2026-06-15T12:35:00Z,MR-02,North 40,charging,22.8,0.00,0
2026-06-15T12:35:00Z,MR-03,Creekside,applying,52.2,0.80,98
2026-06-15T12:35:00Z,MR-04,Creekside,applying,31.3,1.21,89
2026-06-15T12:35:00Z,MR-05,Home Quarter,applying,33.2,0.86,82
2026-06-15T12:35:00Z,MR-06,Home Quarter,applying,65.2,1.03,82
2026-06-15T12:40:00Z,MR-01,North 40,applying,58.3,0.79,100
2026-06-15T12:40:00Z,MR-02,North 40,charging,25.8,0.00,0
2026-06-15T12:40:00Z,MR-03,Creekside,driving,51.7,0.00,208
2026-06-15T12:40:00Z,MR-04,Creekside,applying,30.7,1.18,96
2026-06-15T12:40:00Z,MR-05,Home Quarter,applying,32.6,0.89,92
2026-06-15T12:40:00Z,MR-06,Home Quarter,applying,64.6,1.01,84
2026-06-15T12:45:00Z,MR-01,North 40,applying,57.7,0.96,98
2026-06-15T12:45:00Z,MR-02,North 40,charging,28.4,0.00,0
2026-06-15T12:45:00Z,MR-03,Creekside,applying,51.1,0.90,83
2026-06-15T12:45:00Z,MR-04,Creekside,applying,30.1,1.14,82
2026-06-15T12:45:00Z,MR-05,Home Quarter,applying,31.9,1.06,80
2026-06-15T12:45:00Z,MR-06,Home Quarter,applying,64.0,0.71,97
2026-06-15T12:50:00Z,MR-01,North 40,applying,57.1,0.73,98
2026-06-15T12:50:00Z,MR-02,North 40,charging,31.4,0.00,0
2026-06-15T12:50:00Z,MR-03,Creekside,driving,50.6,0.00,181
2026-06-15T12:50:00Z,MR-04,Creekside,applying,29.5,1.26,93
2026-06-15T12:50:00Z,MR-05,Home Quarter,driving,31.6,0.00,183
2026-06-15T12:50:00Z,MR-06,Home Quarter,applying,63.4,0.83,94
2026-06-15T12:55:00Z,MR-01,North 40,applying,56.5,0.89,84
2026-06-15T12:55:00Z,MR-02,North 40,charging,33.9,0.00,0
2026-06-15T12:55:00Z,MR-03,Creekside,applying,49.9,0.73,83
2026-06-15T12:55:00Z,MR-04,Creekside,applying,28.9,1.17,98
2026-06-15T12:55:00Z,MR-05,Home Quarter,applying,30.9,1.01,84
2026-06-15T12:55:00Z,MR-06,Home Quarter,applying,62.8,0.88,89
2026-06-15T13:00:00Z,MR-01,North 40,applying,55.9,0.97,84
2026-06-15T13:00:00Z,MR-02,North 40,charging,36.5,0.00,0
2026-06-15T13:00:00Z,MR-03,Creekside,applying,49.3,0.83,81
2026-06-15T13:00:00Z,MR-04,Creekside,applying,28.2,1.13,80
2026-06-15T13:00:00Z,MR-05,Home Quarter,applying,30.2,0.85,80
2026-06-15T13:00:00Z,MR-06,Home Quarter,applying,62.2,0.76,81
2026-06-15T13:05:00Z,MR-01,North 40,driving,55.4,0.00,190
2026-06-15T13:05:00Z,MR-02,North 40,charging,39.1,0.00,0
2026-06-15T13:05:00Z,MR-03,Creekside,applying,48.7,0.94,85
2026-06-15T13:05:00Z,MR-04,Creekside,applying,27.6,0.93,99
2026-06-15T13:05:00Z,MR-05,Home Quarter,applying,29.5,1.09,94
2026-06-15T13:05:00Z,MR-06,Home Quarter,applying,61.7,0.90,98
2026-06-15T13:10:00Z,MR-01,North 40,applying,54.8,0.88,80
2026-06-15T13:10:00Z,MR-02,North 40,charging,41.7,0.00,0
2026-06-15T13:10:00Z,MR-03,Creekside,fault,48.7,0.00,0
2026-06-15T13:10:00Z,MR-04,Creekside,applying,27.0,1.13,85
2026-06-15T13:10:00Z,MR-05,Home Quarter,applying,28.9,1.03,88
2026-06-15T13:10:00Z,MR-06,Home Quarter,applying,61.0,0.97,94
2026-06-15T13:15:00Z,MR-01,North 40,applying,54.2,0.95,80
2026-06-15T13:15:00Z,MR-02,North 40,charging,44.5,0.00,0
2026-06-15T13:15:00Z,MR-03,Creekside,fault,48.6,0.00,0
2026-06-15T13:15:00Z,MR-04,Creekside,applying,26.4,1.33,84
2026-06-15T13:15:00Z,MR-05,Home Quarter,applying,28.2,0.80,89
2026-06-15T13:15:00Z,MR-06,Home Quarter,driving,60.5,0.00,162
2026-06-15T13:20:00Z,MR-01,North 40,applying,53.5,0.77,88
2026-06-15T13:20:00Z,MR-02,North 40,charging,47.0,0.00,0
2026-06-15T13:20:00Z,MR-03,Creekside,fault,48.6,0.00,0
2026-06-15T13:20:00Z,MR-04,Creekside,applying,25.9,0.95,91
2026-06-15T13:20:00Z,MR-05,Home Quarter,applying,27.7,0.94,96
2026-06-15T13:20:00Z,MR-06,Home Quarter,applying,60.0,1.04,88
2026-06-15T13:25:00Z,MR-01,North 40,applying,53.0,0.85,94
2026-06-15T13:25:00Z,MR-02,North 40,charging,49.8,0.00,0
2026-06-15T13:25:00Z,MR-03,Creekside,fault,48.5,0.00,0
2026-06-15T13:25:00Z,MR-04,Creekside,applying,25.3,1.26,97
2026-06-15T13:25:00Z,MR-05,Home Quarter,applying,27.1,0.81,99
2026-06-15T13:25:00Z,MR-06,Home Quarter,applying,59.3,1.03,81
2026-06-15T13:30:00Z,MR-01,North 40,applying,52.5,0.94,82
2026-06-15T13:30:00Z,MR-02,North 40,charging,52.3,0.00,0
2026-06-15T13:30:00Z,MR-03,Creekside,applying,48.0,0.98,95
2026-06-15T13:30:00Z,MR-04,Creekside,applying,24.6,0.93,94
2026-06-15T13:30:00Z,MR-05,Home Quarter,applying,26.5,0.88,99
2026-06-15T13:30:00Z,MR-06,Home Quarter,applying,58.7,0.95,93
2026-06-15T13:35:00Z,MR-01,North 40,applying,52.0,0.75,98
2026-06-15T13:35:00Z,MR-02,North 40,charging,54.9,0.00,0
2026-06-15T13:35:00Z,MR-03,Creekside,applying,47.4,0.89,90
2026-06-15T13:35:00Z,MR-04,Creekside,applying,24.0,1.18,95
2026-06-15T13:35:00Z,MR-05,Home Quarter,driving,26.1,0.00,178
2026-06-15T13:35:00Z,MR-06,Home Quarter,applying,58.1,0.84,80
2026-06-15T13:40:00Z,MR-01,North 40,driving,51.7,0.00,177
2026-06-15T13:40:00Z,MR-02,North 40,charging,57.6,0.00,0
2026-06-15T13:40:00Z,MR-03,Creekside,applying,46.7,0.88,83
2026-06-15T13:40:00Z,MR-04,Creekside,applying,23.4,1.25,85
2026-06-15T13:40:00Z,MR-05,Home Quarter,applying,25.5,0.98,95
2026-06-15T13:40:00Z,MR-06,Home Quarter,driving,57.7,0.00,199
2026-06-15T13:45:00Z,MR-01,North 40,applying,51.0,1.02,84
2026-06-15T13:45:00Z,MR-02,North 40,charging,60.5,0.00,0
2026-06-15T13:45:00Z,MR-03,Creekside,driving,46.3,0.00,182
2026-06-15T13:45:00Z,MR-04,Creekside,applying,22.7,1.13,97
2026-06-15T13:45:00Z,MR-05,Home Quarter,applying,24.9,1.02,86
2026-06-15T13:45:00Z,MR-06,Home Quarter,applying,57.2,0.93,93
2026-06-15T13:50:00Z,MR-01,North 40,applying,50.4,0.93,91
2026-06-15T13:50:00Z,MR-02,North 40,charging,63.4,0.00,0
2026-06-15T13:50:00Z,MR-03,Creekside,driving,45.9,0.00,160
2026-06-15T13:50:00Z,MR-04,Creekside,applying,22.1,1.23,96
2026-06-15T13:50:00Z,MR-05,Home Quarter,applying,24.2,1.07,84
2026-06-15T13:50:00Z,MR-06,Home Quarter,applying,56.6,0.78,81
2026-06-15T13:55:00Z,MR-01,North 40,applying,49.8,0.94,97
2026-06-15T13:55:00Z,MR-02,North 40,charging,66.0,0.00,0
2026-06-15T13:55:00Z,MR-03,Creekside,driving,45.5,0.00,165
2026-06-15T13:55:00Z,MR-04,Creekside,applying,21.5,1.03,82
2026-06-15T13:55:00Z,MR-05,Home Quarter,applying,23.5,1.20,98
2026-06-15T13:55:00Z,MR-06,Home Quarter,applying,56.0,1.04,85
2026-06-15T14:00:00Z,MR-01,North 40,applying,49.2,0.89,90
2026-06-15T14:00:00Z,MR-02,North 40,charging,68.5,0.00,0
2026-06-15T14:00:00Z,MR-03,Creekside,applying,44.9,0.96,99
2026-06-15T14:00:00Z,MR-04,Creekside,applying,21.0,1.02,95
2026-06-15T14:00:00Z,MR-05,Home Quarter,driving,23.1,0.00,153
2026-06-15T14:00:00Z,MR-06,Home Quarter,applying,55.5,0.71,82
2026-06-15T14:05:00Z,MR-01,North 40,applying,48.6,1.04,84
2026-06-15T14:05:00Z,MR-02,North 40,charging,71.2,0.00,0
2026-06-15T14:05:00Z,MR-03,Creekside,applying,44.4,0.72,85
2026-06-15T14:05:00Z,MR-04,Creekside,applying,20.4,1.24,83
2026-06-15T14:05:00Z,MR-05,Home Quarter,applying,22.5,1.07,85
2026-06-15T14:05:00Z,MR-06,Home Quarter,driving,55.0,0.00,181
2026-06-15T14:10:00Z,MR-01,North 40,applying,48.0,0.85,91
2026-06-15T14:10:00Z,MR-02,North 40,charging,73.6,0.00,0
2026-06-15T14:10:00Z,MR-03,Creekside,applying,43.7,0.79,94
2026-06-15T14:10:00Z,MR-04,Creekside,applying,19.7,0.97,82
2026-06-15T14:10:00Z,MR-05,Home Quarter,applying,21.8,1.05,99
2026-06-15T14:10:00Z,MR-06,Home Quarter,applying,54.4,0.88,80
2026-06-15T14:15:00Z,MR-01,North 40,applying,47.5,0.82,86
2026-06-15T14:15:00Z,MR-02,North 40,charging,76.3,0.00,0
2026-06-15T14:15:00Z,MR-03,Creekside,applying,43.1,0.82,98
2026-06-15T14:15:00Z,MR-04,Creekside,charging,21.8,0.00,0
2026-06-15T14:15:00Z,MR-05,Home Quarter,driving,21.3,0.00,200
2026-06-15T14:15:00Z,MR-06,Home Quarter,applying,53.8,0.82,95
2026-06-15T14:20:00Z,MR-01,North 40,applying,46.9,0.90,84
2026-06-15T14:20:00Z,MR-02,North 40,charging,79.3,0.00,0
2026-06-15T14:20:00Z,MR-03,Creekside,applying,42.6,0.73,93
2026-06-15T14:20:00Z,MR-04,Creekside,charging,23.7,0.00,0
2026-06-15T14:20:00Z,MR-05,Home Quarter,applying,20.7,0.87,89
2026-06-15T14:20:00Z,MR-06,Home Quarter,applying,53.3,0.77,85
2026-06-15T14:25:00Z,MR-01,North 40,applying,46.2,0.89,82
2026-06-15T14:25:00Z,MR-02,North 40,charging,82.0,0.00,0
2026-06-15T14:25:00Z,MR-03,Creekside,applying,42.0,0.96,97
2026-06-15T14:25:00Z,MR-04,Creekside,charging,26.0,0.00,0
2026-06-15T14:25:00Z,MR-05,Home Quarter,applying,20.1,0.93,94
2026-06-15T14:25:00Z,MR-06,Home Quarter,driving,52.8,0.00,176
2026-06-15T14:30:00Z,MR-01,North 40,applying,45.7,0.73,87
2026-06-15T14:30:00Z,MR-02,North 40,charging,84.7,0.00,0
2026-06-15T14:30:00Z,MR-03,Creekside,driving,41.6,0.00,190
2026-06-15T14:30:00Z,MR-04,Creekside,charging,28.1,0.00,0
2026-06-15T14:30:00Z,MR-05,Home Quarter,applying,19.5,1.10,84
2026-06-15T14:30:00Z,MR-06,Home Quarter,driving,52.4,0.00,162
2026-06-15T14:35:00Z,MR-01,North 40,applying,45.1,1.03,97
2026-06-15T14:35:00Z,MR-02,North 40,charging,87.4,0.00,0
2026-06-15T14:35:00Z,MR-03,Creekside,applying,41.1,0.98,83
2026-06-15T14:35:00Z,MR-04,Creekside,charging,30.3,0.00,0
2026-06-15T14:35:00Z,MR-05,Home Quarter,charging,22.0,0.00,0
2026-06-15T14:35:00Z,MR-06,Home Quarter,applying,51.7,0.80,88
2026-06-15T14:40:00Z,MR-01,North 40,applying,44.5,0.91,98
2026-06-15T14:40:00Z,MR-02,North 40,charging,89.9,0.00,0
2026-06-15T14:40:00Z,MR-03,Creekside,applying,40.5,0.91,87
2026-06-15T14:40:00Z,MR-04,Creekside,charging,32.3,0.00,0
2026-06-15T14:40:00Z,MR-05,Home Quarter,charging,24.6,0.00,0
2026-06-15T14:40:00Z,MR-06,Home Quarter,applying,51.2,1.02,86
2026-06-15T14:45:00Z,MR-01,North 40,driving,44.1,0.00,187
2026-06-15T14:45:00Z,MR-02,North 40,charging,92.4,0.00,0
2026-06-15T14:45:00Z,MR-03,Creekside,applying,39.9,0.88,83
2026-06-15T14:45:00Z,MR-04,Creekside,charging,34.7,0.00,0
2026-06-15T14:45:00Z,MR-05,Home Quarter,charging,27.3,0.00,0
2026-06-15T14:45:00Z,MR-06,Home Quarter,applying,50.6,0.86,82
2026-06-15T14:50:00Z,MR-01,North 40,driving,43.8,0.00,160
2026-06-15T14:50:00Z,MR-02,North 40,applying,91.9,1.05,94
2026-06-15T14:50:00Z,MR-03,Creekside,applying,39.4,0.74,90
2026-06-15T14:50:00Z,MR-04,Creekside,charging,36.7,0.00,0
2026-06-15T14:50:00Z,MR-05,Home Quarter,charging,29.9,0.00,0
2026-06-15T14:50:00Z,MR-06,Home Quarter,applying,50.0,0.99,84
2026-06-15T14:55:00Z,MR-01,North 40,applying,43.1,1.01,96
2026-06-15T14:55:00Z,MR-02,North 40,driving,91.4,0.00,156
2026-06-15T14:55:00Z,MR-03,Creekside,applying,38.7,0.68,99
2026-06-15T14:55:00Z,MR-04,Creekside,charging,38.8,0.00,0
2026-06-15T14:55:00Z,MR-05,Home Quarter,charging,32.3,0.00,0
2026-06-15T14:55:00Z,MR-06,Home Quarter,applying,49.4,0.73,82
2026-06-15T15:00:00Z,MR-01,North 40,driving,42.7,0.00,183
2026-06-15T15:00:00Z,MR-02,North 40,applying,90.9,0.83,89
2026-06-15T15:00:00Z,MR-03,Creekside,applying,38.0,0.73,80
2026-06-15T15:00:00Z,MR-04,Creekside,charging,41.1,0.00,0
2026-06-15T15:00:00Z,MR-05,Home Quarter,charging,34.7,0.00,0
2026-06-15T15:00:00Z,MR-06,Home Quarter,applying,48.7,0.76,86
2026-06-15T15:05:00Z,MR-01,North 40,applying,42.1,0.91,94
2026-06-15T15:05:00Z,MR-02,North 40,applying,90.3,1.12,87
2026-06-15T15:05:00Z,MR-03,Creekside,applying,37.5,0.84,92
2026-06-15T15:05:00Z,MR-04,Creekside,charging,43.2,0.00,0
2026-06-15T15:05:00Z,MR-05,Home Quarter,charging,37.4,0.00,0
2026-06-15T15:05:00Z,MR-06,Home Quarter,applying,48.2,0.83,88
2026-06-15T15:10:00Z,MR-01,North 40,applying,41.5,0.98,99
2026-06-15T15:10:00Z,MR-02,North 40,applying,89.6,1.13,87
2026-06-15T15:10:00Z,MR-03,Creekside,applying,37.0,0.84,86
2026-06-15T15:10:00Z,MR-04,Creekside,charging,45.5,0.00,0
2026-06-15T15:10:00Z,MR-05,Home Quarter,charging,39.8,0.00,0
2026-06-15T15:10:00Z,MR-06,Home Quarter,applying,47.7,0.89,99
2026-06-15T15:15:00Z,MR-01,North 40,applying,40.9,0.90,83
2026-06-15T15:15:00Z,MR-02,North 40,applying,89.0,0.84,93
2026-06-15T15:15:00Z,MR-03,Creekside,applying,36.3,0.71,87
2026-06-15T15:15:00Z,MR-04,Creekside,charging,47.6,0.00,0
2026-06-15T15:15:00Z,MR-05,Home Quarter,charging,42.3,0.00,0
2026-06-15T15:15:00Z,MR-06,Home Quarter,applying,47.0,0.86,84
2026-06-15T15:20:00Z,MR-01,North 40,driving,40.5,0.00,174
2026-06-15T15:20:00Z,MR-02,North 40,applying,88.4,0.83,96
2026-06-15T15:20:00Z,MR-03,Creekside,applying,35.7,0.77,89
2026-06-15T15:20:00Z,MR-04,Creekside,charging,49.6,0.00,0
2026-06-15T15:20:00Z,MR-05,Home Quarter,charging,44.9,0.00,0
2026-06-15T15:20:00Z,MR-06,Home Quarter,applying,46.4,0.87,84
2026-06-15T15:25:00Z,MR-01,North 40,applying,39.9,1.00,97
2026-06-15T15:25:00Z,MR-02,North 40,driving,88.0,0.00,187
2026-06-15T15:25:00Z,MR-03,Creekside,driving,35.4,0.00,167
2026-06-15T15:25:00Z,MR-04,Creekside,charging,51.6,0.00,0
2026-06-15T15:25:00Z,MR-05,Home Quarter,charging,47.5,0.00,0
2026-06-15T15:25:00Z,MR-06,Home Quarter,applying,45.8,0.88,87
2026-06-15T15:30:00Z,MR-01,North 40,applying,39.3,0.82,96
2026-06-15T15:30:00Z,MR-02,North 40,applying,87.3,1.04,82
2026-06-15T15:30:00Z,MR-03,Creekside,applying,34.8,0.88,87
2026-06-15T15:30:00Z,MR-04,Creekside,charging,53.9,0.00,0
2026-06-15T15:30:00Z,MR-05,Home Quarter,charging,50.1,0.00,0
2026-06-15T15:30:00Z,MR-06,Home Quarter,driving,45.3,0.00,162
2026-06-15T15:35:00Z,MR-01,North 40,driving,39.0,0.00,152
2026-06-15T15:35:00Z,MR-02,North 40,applying,86.6,0.95,99
2026-06-15T15:35:00Z,MR-03,Creekside,applying,34.2,0.93,81
2026-06-15T15:35:00Z,MR-04,Creekside,charging,56.2,0.00,0
2026-06-15T15:35:00Z,MR-05,Home Quarter,charging,52.5,0.00,0
2026-06-15T15:35:00Z,MR-06,Home Quarter,applying,44.7,0.73,97
2026-06-15T15:40:00Z,MR-01,North 40,applying,38.3,0.72,82
2026-06-15T15:40:00Z,MR-02,North 40,applying,86.0,0.83,91
2026-06-15T15:40:00Z,MR-03,Creekside,applying,33.6,1.02,94
2026-06-15T15:40:00Z,MR-04,Creekside,charging,58.1,0.00,0
2026-06-15T15:40:00Z,MR-05,Home Quarter,charging,55.1,0.00,0
2026-06-15T15:40:00Z,MR-06,Home Quarter,driving,44.3,0.00,160
2026-06-15T15:45:00Z,MR-01,North 40,driving,37.8,0.00,203
2026-06-15T15:45:00Z,MR-02,North 40,driving,85.6,0.00,150
2026-06-15T15:45:00Z,MR-03,Creekside,applying,33.0,0.98,89
2026-06-15T15:45:00Z,MR-04,Creekside,charging,60.4,0.00,0
2026-06-15T15:45:00Z,MR-05,Home Quarter,charging,57.5,0.00,0
2026-06-15T15:45:00Z,MR-06,Home Quarter,applying,43.7,0.80,93
2026-06-15T15:50:00Z,MR-01,North 40,applying,37.3,0.95,94
2026-06-15T15:50:00Z,MR-02,North 40,driving,85.3,0.00,188
2026-06-15T15:50:00Z,MR-03,Creekside,driving,32.6,0.00,173
2026-06-15T15:50:00Z,MR-04,Creekside,charging,62.5,0.00,0
2026-06-15T15:50:00Z,MR-05,Home Quarter,charging,60.2,0.00,0
2026-06-15T15:50:00Z,MR-06,Home Quarter,applying,43.2,0.86,91
2026-06-15T15:55:00Z,MR-01,North 40,driving,36.9,0.00,198
2026-06-15T15:55:00Z,MR-02,North 40,applying,84.6,0.94,81
2026-06-15T15:55:00Z,MR-03,Creekside,applying,32.0,0.78,82
2026-06-15T15:55:00Z,MR-04,Creekside,charging,64.6,0.00,0
2026-06-15T15:55:00Z,MR-05,Home Quarter,charging,63.0,0.00,0
2026-06-15T15:55:00Z,MR-06,Home Quarter,driving,42.8,0.00,175
2026-06-15T16:00:00Z,MR-01,North 40,applying,36.2,0.75,97
2026-06-15T16:00:00Z,MR-02,North 40,applying,84.0,1.04,86
2026-06-15T16:00:00Z,MR-03,Creekside,applying,31.3,0.93,98
2026-06-15T16:00:00Z,MR-04,Creekside,charging,67.0,0.00,0
2026-06-15T16:00:00Z,MR-05,Home Quarter,charging,65.6,0.00,0
2026-06-15T16:00:00Z,MR-06,Home Quarter,applying,42.3,0.88,82
2026-06-15T16:05:00Z,MR-01,North 40,applying,35.5,0.74,95
2026-06-15T16:05:00Z,MR-02,North 40,applying,83.4,0.97,94
2026-06-15T16:05:00Z,MR-03,Creekside,applying,30.8,0.83,97
2026-06-15T16:05:00Z,MR-04,Creekside,charging,69.0,0.00,0
2026-06-15T16:05:00Z,MR-05,Home Quarter,charging,68.1,0.00,0
2026-06-15T16:05:00Z,MR-06,Home Quarter,applying,41.6,0.98,88
2026-06-15T16:10:00Z,MR-01,North 40,applying,34.9,0.73,98
2026-06-15T16:10:00Z,MR-02,North 40,applying,82.9,0.88,95
2026-06-15T16:10:00Z,MR-03,Creekside,applying,30.1,0.97,89
2026-06-15T16:10:00Z,MR-04,Creekside,charging,71.2,0.00,0
2026-06-15T16:10:00Z,MR-05,Home Quarter,charging,70.6,0.00,0
2026-06-15T16:10:00Z,MR-06,Home Quarter,applying,41.0,0.96,84
2026-06-15T16:15:00Z,MR-01,North 40,applying,34.3,0.90,93
2026-06-15T16:15:00Z,MR-02,North 40,driving,82.5,0.00,188
2026-06-15T16:15:00Z,MR-03,Creekside,applying,29.6,0.73,91
2026-06-15T16:15:00Z,MR-04,Creekside,charging,73.4,0.00,0
2026-06-15T16:15:00Z,MR-05,Home Quarter,charging,73.2,0.00,0
2026-06-15T16:15:00Z,MR-06,Home Quarter,applying,40.5,0.76,96
2026-06-15T16:20:00Z,MR-01,North 40,applying,33.8,0.81,85
2026-06-15T16:20:00Z,MR-02,North 40,applying,81.9,1.07,87
2026-06-15T16:20:00Z,MR-03,Creekside,driving,29.1,0.00,174
2026-06-15T16:20:00Z,MR-04,Creekside,charging,75.7,0.00,0
2026-06-15T16:20:00Z,MR-05,Home Quarter,charging,76.0,0.00,0
2026-06-15T16:20:00Z,MR-06,Home Quarter,applying,39.8,0.91,83
2026-06-15T16:25:00Z,MR-01,North 40,applying,33.2,0.85,92
2026-06-15T16:25:00Z,MR-02,North 40,applying,81.3,0.85,96
2026-06-15T16:25:00Z,MR-03,Creekside,applying,28.5,0.78,95
2026-06-15T16:25:00Z,MR-04,Creekside,charging,77.8,0.00,0
2026-06-15T16:25:00Z,MR-05,Home Quarter,charging,78.4,0.00,0
2026-06-15T16:25:00Z,MR-06,Home Quarter,applying,39.1,0.76,97
2026-06-15T16:30:00Z,MR-01,North 40,applying,32.6,0.94,98
2026-06-15T16:30:00Z,MR-02,North 40,applying,80.8,0.85,85
2026-06-15T16:30:00Z,MR-03,Creekside,applying,27.8,0.79,86
2026-06-15T16:30:00Z,MR-04,Creekside,charging,80.1,0.00,0
2026-06-15T16:30:00Z,MR-05,Home Quarter,charging,80.8,0.00,0
2026-06-15T16:30:00Z,MR-06,Home Quarter,applying,38.4,1.02,100
2026-06-15T16:35:00Z,MR-01,North 40,applying,32.0,0.94,92
2026-06-15T16:35:00Z,MR-02,North 40,applying,80.1,1.00,82
2026-06-15T16:35:00Z,MR-03,Creekside,applying,27.1,1.00,95
2026-06-15T16:35:00Z,MR-04,Creekside,charging,82.4,0.00,0
2026-06-15T16:35:00Z,MR-05,Home Quarter,charging,83.6,0.00,0
2026-06-15T16:35:00Z,MR-06,Home Quarter,applying,37.9,1.04,81
2026-06-15T16:40:00Z,MR-01,North 40,applying,31.4,1.01,96
2026-06-15T16:40:00Z,MR-02,North 40,applying,79.5,1.03,82
2026-06-15T16:40:00Z,MR-03,Creekside,applying,26.5,0.79,83
2026-06-15T16:40:00Z,MR-04,Creekside,charging,84.5,0.00,0
2026-06-15T16:40:00Z,MR-05,Home Quarter,charging,85.9,0.00,0
2026-06-15T16:40:00Z,MR-06,Home Quarter,applying,37.2,1.01,82
2026-06-15T16:45:00Z,MR-01,North 40,applying,30.8,0.91,81
2026-06-15T16:45:00Z,MR-02,North 40,applying,78.8,1.05,84
2026-06-15T16:45:00Z,MR-03,Creekside,applying,26.0,0.70,90
2026-06-15T16:45:00Z,MR-04,Creekside,charging,86.4,0.00,0
2026-06-15T16:45:00Z,MR-05,Home Quarter,charging,88.7,0.00,0
2026-06-15T16:45:00Z,MR-06,Home Quarter,driving,36.8,0.00,202
2026-06-15T16:50:00Z,MR-01,North 40,applying,30.3,0.75,96
2026-06-15T16:50:00Z,MR-02,North 40,applying,78.3,1.13,85
2026-06-15T16:50:00Z,MR-03,Creekside,applying,25.3,0.93,81
2026-06-15T16:50:00Z,MR-04,Creekside,charging,88.6,0.00,0
2026-06-15T16:50:00Z,MR-05,Home Quarter,charging,91.4,0.00,0
2026-06-15T16:50:00Z,MR-06,Home Quarter,applying,36.2,0.85,93
2026-06-15T16:55:00Z,MR-01,North 40,applying,29.7,0.85,89
2026-06-15T16:55:00Z,MR-02,North 40,applying,77.7,0.90,98
2026-06-15T16:55:00Z,MR-03,Creekside,applying,24.8,1.00,81
2026-06-15T16:55:00Z,MR-04,Creekside,charging,90.9,0.00,0
2026-06-15T16:55:00Z,MR-05,Home Quarter,charging,94.2,0.00,0
2026-06-15T16:55:00Z,MR-06,Home Quarter,applying,35.6,0.84,88
2026-06-15T17:00:00Z,MR-01,North 40,driving,29.2,0.00,204
2026-06-15T17:00:00Z,MR-02,North 40,applying,77.2,1.05,82
2026-06-15T17:00:00Z,MR-03,Creekside,applying,24.2,0.83,81
2026-06-15T17:00:00Z,MR-04,Creekside,charging,93.1,0.00,0
2026-06-15T17:00:00Z,MR-05,Home Quarter,applying,93.6,0.98,83
2026-06-15T17:00:00Z,MR-06,Home Quarter,applying,35.0,0.71,97
2026-06-15T17:05:00Z,MR-01,North 40,applying,28.7,0.94,94
2026-06-15T17:05:00Z,MR-02,North 40,applying,76.6,0.92,97
2026-06-15T17:05:00Z,MR-03,Creekside,driving,23.9,0.00,154
2026-06-15T17:05:00Z,MR-04,Creekside,applying,92.6,1.13,95
2026-06-15T17:05:00Z,MR-05,Home Quarter,applying,93.1,0.81,88
2026-06-15T17:05:00Z,MR-06,Home Quarter,driving,34.6,0.00,182
2026-06-15T17:10:00Z,MR-01,North 40,applying,28.1,0.94,91
2026-06-15T17:10:00Z,MR-02,North 40,applying,75.9,1.01,83
2026-06-15T17:10:00Z,MR-03,Creekside,applying,23.3,0.97,81
2026-06-15T17:10:00Z,MR-04,Creekside,applying,92.0,0.99,99
2026-06-15T17:10:00Z,MR-05,Home Quarter,driving,92.6,0.00,157
2026-06-15T17:10:00Z,MR-06,Home Quarter,applying,33.9,0.71,93
2026-06-15T17:15:00Z,MR-01,North 40,applying,27.4,0.79,86
2026-06-15T17:15:00Z,MR-02,North 40,applying,75.3,0.95,80
2026-06-15T17:15:00Z,MR-03,Creekside,applying,22.8,0.88,97
2026-06-15T17:15:00Z,MR-04,Creekside,applying,91.4,1.06,94
2026-06-15T17:15:00Z,MR-05,Home Quarter,applying,91.9,0.82,90
2026-06-15T17:15:00Z,MR-06,Home Quarter,applying,33.3,1.00,95
2026-06-15T17:20:00Z,MR-01,North 40,applying,26.9,0.72,96
2026-06-15T17:20:00Z,MR-02,North 40,applying,74.7,1.06,95
2026-06-15T17:20:00Z,MR-03,Creekside,applying,22.2,0.71,91
2026-06-15T17:20:00Z,MR-04,Creekside,applying,90.8,0.97,98
2026-06-15T17:20:00Z,MR-05,Home Quarter,applying,91.3,0.97,94
2026-06-15T17:20:00Z,MR-06,Home Quarter,driving,32.9,0.00,162
2026-06-15T17:25:00Z,MR-01,North 40,applying,26.2,0.73,90
2026-06-15T17:25:00Z,MR-02,North 40,applying,74.1,0.79,86
2026-06-15T17:25:00Z,MR-03,Creekside,applying,21.6,0.95,85
2026-06-15T17:25:00Z,MR-04,Creekside,applying,90.1,1.26,90
2026-06-15T17:25:00Z,MR-05,Home Quarter,applying,90.7,0.87,93
2026-06-15T17:25:00Z,MR-06,Home Quarter,applying,32.4,1.00,94
2026-06-15T17:30:00Z,MR-01,North 40,applying,25.5,0.85,98
2026-06-15T17:30:00Z,MR-02,North 40,applying,73.5,0.98,94
2026-06-15T17:30:00Z,MR-03,Creekside,applying,21.0,0.78,80
2026-06-15T17:30:00Z,MR-04,Creekside,driving,89.8,0.00,187
2026-06-15T17:30:00Z,MR-05,Home Quarter,driving,90.3,0.00,197
2026-06-15T17:30:00Z,MR-06,Home Quarter,applying,31.8,0.77,97
2026-06-15T17:35:00Z,MR-01,North 40,applying,25.0,0.93,96
2026-06-15T17:35:00Z,MR-02,North 40,applying,72.9,0.96,87
2026-06-15T17:35:00Z,MR-03,Creekside,applying,20.3,0.72,80
2026-06-15T17:35:00Z,MR-04,Creekside,applying,89.2,1.24,95
2026-06-15T17:35:00Z,MR-05,Home Quarter,driving,89.9,0.00,209
2026-06-15T17:35:00Z,MR-06,Home Quarter,applying,31.1,0.79,82
2026-06-15T17:40:00Z,MR-01,North 40,applying,24.4,1.08,90
2026-06-15T17:40:00Z,MR-02,North 40,applying,72.3,0.79,82
2026-06-15T17:40:00Z,MR-03,Creekside,applying,19.8,0.78,82
2026-06-15T17:40:00Z,MR-04,Creekside,applying,88.7,1.15,88
2026-06-15T17:40:00Z,MR-05,Home Quarter,applying,89.2,0.80,89
2026-06-15T17:40:00Z,MR-06,Home Quarter,driving,30.8,0.00,170
2026-06-15T17:45:00Z,MR-01,North 40,applying,23.8,0.82,88
2026-06-15T17:45:00Z,MR-02,North 40,applying,71.8,1.02,87
2026-06-15T17:45:00Z,MR-03,Creekside,charging,22.6,0.00,0
2026-06-15T17:45:00Z,MR-04,Creekside,driving,88.3,0.00,200
2026-06-15T17:45:00Z,MR-05,Home Quarter,applying,88.6,1.12,91
2026-06-15T17:45:00Z,MR-06,Home Quarter,applying,30.2,0.89,100
2026-06-15T17:50:00Z,MR-01,North 40,driving,23.3,0.00,186
2026-06-15T17:50:00Z,MR-02,North 40,applying,71.1,0.94,83
2026-06-15T17:50:00Z,MR-03,Creekside,charging,25.4,0.00,0
2026-06-15T17:50:00Z,MR-04,Creekside,applying,87.8,0.93,89
2026-06-15T17:50:00Z,MR-05,Home Quarter,applying,88.0,1.18,98
2026-06-15T17:50:00Z,MR-06,Home Quarter,applying,29.7,0.83,86
2026-06-15T17:55:00Z,MR-01,North 40,applying,22.7,0.79,87
2026-06-15T17:55:00Z,MR-02,North 40,applying,70.5,1.10,91
2026-06-15T17:55:00Z,MR-03,Creekside,charging,28.2,0.00,0
2026-06-15T17:55:00Z,MR-04,Creekside,applying,87.1,1.37,91
2026-06-15T17:55:00Z,MR-05,Home Quarter,applying,87.5,0.88,93
2026-06-15T17:55:00Z,MR-06,Home Quarter,applying,29.1,1.02,99
2026-06-15T18:00:00Z,MR-01,North 40,applying,22.1,0.87,87
2026-06-15T18:00:00Z,MR-02,North 40,applying,69.8,1.08,93
2026-06-15T18:00:00Z,MR-03,Creekside,charging,30.8,0.00,0
2026-06-15T18:00:00Z,MR-04,Creekside,applying,86.6,1.33,97
2026-06-15T18:00:00Z,MR-05,Home Quarter,applying,86.9,1.16,80
2026-06-15T18:00:00Z,MR-06,Home Quarter,applying,28.5,0.91,89
2026-06-15T18:05:00Z,MR-01,North 40,applying,21.5,1.00,82
2026-06-15T18:05:00Z,MR-02,North 40,applying,69.2,1.10,82
2026-06-15T18:05:00Z,MR-03,Creekside,charging,33.6,0.00,0
2026-06-15T18:05:00Z,MR-04,Creekside,applying,85.9,1.04,81
2026-06-15T18:05:00Z,MR-05,Home Quarter,applying,86.3,1.18,99
2026-06-15T18:05:00Z,MR-06,Home Quarter,driving,28.0,0.00,164
2026-06-15T18:10:00Z,MR-01,North 40,applying,20.8,0.87,93
2026-06-15T18:10:00Z,MR-02,North 40,applying,68.6,1.01,98
2026-06-15T18:10:00Z,MR-03,Creekside,charging,36.3,0.00,0
2026-06-15T18:10:00Z,MR-04,Creekside,applying,85.3,1.33,92
2026-06-15T18:10:00Z,MR-05,Home Quarter,applying,85.7,1.14,80
2026-06-15T18:10:00Z,MR-06,Home Quarter,applying,27.4,0.80,84
2026-06-15T18:15:00Z,MR-01,North 40,applying,20.2,0.77,95
2026-06-15T18:15:00Z,MR-02,North 40,applying,68.0,0.89,84
2026-06-15T18:15:00Z,MR-03,Creekside,charging,39.3,0.00,0
2026-06-15T18:15:00Z,MR-04,Creekside,applying,84.7,0.98,85
2026-06-15T18:15:00Z,MR-05,Home Quarter,applying,85.1,1.11,87
2026-06-15T18:15:00Z,MR-06,Home Quarter,applying,26.8,1.00,80
2026-06-15T18:20:00Z,MR-01,North 40,applying,19.7,0.94,94
2026-06-15T18:20:00Z,MR-02,North 40,applying,67.5,0.79,80
2026-06-15T18:20:00Z,MR-03,Creekside,charging,42.5,0.00,0
2026-06-15T18:20:00Z,MR-04,Creekside,driving,,0.00,182
2026-06-15T18:20:00Z,MR-05,Home Quarter,applying,84.5,1.02,87
2026-06-15T18:20:00Z,MR-06,Home Quarter,applying,26.2,0.95,86
2026-06-15T18:25:00Z,MR-01,North 40,charging,21.7,0.00,0
2026-06-15T18:25:00Z,MR-02,North 40,applying,66.9,1.12,98
2026-06-15T18:25:00Z,MR-03,Creekside,charging,45.6,0.00,0
2026-06-15T18:25:00Z,MR-04,Creekside,applying,83.7,1.28,88
2026-06-15T18:25:00Z,MR-05,Home Quarter,applying,83.8,1.07,97
2026-06-15T18:25:00Z,MR-06,Home Quarter,applying,25.7,1.02,82
2026-06-15T18:30:00Z,MR-01,North 40,charging,23.9,0.00,0
2026-06-15T18:30:00Z,MR-02,North 40,applying,66.4,1.02,96
2026-06-15T18:30:00Z,MR-03,Creekside,charging,48.5,0.00,0
2026-06-15T18:30:00Z,MR-04,Creekside,applying,83.2,1.09,84
2026-06-15T18:30:00Z,MR-05,Home Quarter,applying,83.1,0.93,81
2026-06-15T18:30:00Z,MR-06,Home Quarter,applying,25.1,0.86,94
2026-06-15T18:35:00Z,MR-01,North 40,charging,26.1,0.00,0
2026-06-15T18:35:00Z,MR-02,North 40,applying,65.7,1.13,97
2026-06-15T18:35:00Z,MR-03,Creekside,charging,51.4,0.00,0
2026-06-15T18:35:00Z,MR-04,Creekside,applying,82.6,1.07,83
2026-06-15T18:35:00Z,MR-05,Home Quarter,applying,82.5,0.90,98
2026-06-15T18:35:00Z,MR-06,Home Quarter,applying,24.5,0.78,91
2026-06-15T18:40:00Z,MR-01,North 40,charging,28.2,0.00,0
2026-06-15T18:40:00Z,MR-02,North 40,applying,65.2,0.85,98
2026-06-15T18:40:00Z,MR-03,Creekside,charging,54.1,0.00,0
2026-06-15T18:40:00Z,MR-04,Creekside,applying,82.0,1.25,89
2026-06-15T18:40:00Z,MR-05,Home Quarter,applying,81.9,1.17,80
2026-06-15T18:40:00Z,MR-06,Home Quarter,applying,23.9,0.79,98
2026-06-15T18:45:00Z,MR-01,North 40,charging,30.5,0.00,0
2026-06-15T18:45:00Z,MR-02,North 40,applying,64.6,0.78,87
2026-06-15T18:45:00Z,MR-03,Creekside,charging,56.8,0.00,0
2026-06-15T18:45:00Z,MR-04,Creekside,applying,81.4,1.19,95
2026-06-15T18:45:00Z,MR-05,Home Quarter,applying,81.3,0.81,87
2026-06-15T18:45:00Z,MR-06,Home Quarter,applying,23.4,0.85,84
2026-06-15T18:50:00Z,MR-01,North 40,charging,32.4,0.00,0
2026-06-15T18:50:00Z,MR-02,North 40,driving,64.3,0.00,162
2026-06-15T18:50:00Z,MR-03,Creekside,charging,60.0,0.00,0
2026-06-15T18:50:00Z,MR-04,Creekside,applying,80.8,1.27,83
2026-06-15T18:50:00Z,MR-05,Home Quarter,driving,81.0,0.00,176
2026-06-15T18:50:00Z,MR-06,Home Quarter,applying,22.8,0.95,98
2026-06-15T18:55:00Z,MR-01,North 40,charging,34.7,0.00,0
2026-06-15T18:55:00Z,MR-02,North 40,applying,63.6,1.03,84
2026-06-15T18:55:00Z,MR-03,Creekside,charging,63.2,0.00,0
2026-06-15T18:55:00Z,MR-04,Creekside,applying,80.3,1.08,82
2026-06-15T18:55:00Z,MR-05,Home Quarter,applying,80.3,1.00,91
2026-06-15T18:55:00Z,MR-06,Home Quarter,applying,22.2,0.99,99
2026-06-15T19:00:00Z,MR-01,North 40,charging,37.0,0.00,0
2026-06-15T19:00:00Z,MR-02,North 40,applying,63.0,0.88,96
2026-06-15T19:00:00Z,MR-03,Creekside,charging,66.0,0.00,0
2026-06-15T19:00:00Z,MR-04,Creekside,applying,79.6,1.24,99
2026-06-15T19:00:00Z,MR-05,Home Quarter,applying,79.8,1.13,90
2026-06-15T19:00:00Z,MR-06,Home Quarter,applying,21.5,0.71,99
2026-06-15T19:05:00Z,MR-01,North 40,charging,39.2,0.00,0
2026-06-15T19:05:00Z,MR-02,North 40,applying,62.4,0.79,89
2026-06-15T19:05:00Z,MR-03,Creekside,charging,68.9,0.00,0
2026-06-15T19:05:00Z,MR-04,Creekside,applying,78.9,0.92,92
2026-06-15T19:05:00Z,MR-05,Home Quarter,applying,79.3,1.13,99
2026-06-15T19:05:00Z,MR-06,Home Quarter,applying,20.9,0.79,95
2026-06-15T19:10:00Z,MR-01,North 40,charging,41.3,0.00,0
2026-06-15T19:10:00Z,MR-02,North 40,applying,61.7,0.97,98
2026-06-15T19:10:00Z,MR-03,Creekside,charging,72.1,0.00,0
2026-06-15T19:10:00Z,MR-04,Creekside,applying,78.3,0.97,81
2026-06-15T19:10:00Z,MR-05,Home Quarter,driving,78.9,0.00,170
2026-06-15T19:10:00Z,MR-06,Home Quarter,applying,20.2,0.71,95
2026-06-15T19:15:00Z,MR-01,North 40,charging,43.3,0.00,0
2026-06-15T19:15:00Z,MR-02,North 40,applying,61.1,1.05,97
2026-06-15T19:15:00Z,MR-03,Creekside,charging,75.0,0.00,0
2026-06-15T19:15:00Z,MR-04,Creekside,applying,77.8,0.93,100
2026-06-15T19:15:00Z,MR-05,Home Quarter,applying,78.4,1.09,84
2026-06-15T19:15:00Z,MR-06,Home Quarter,applying,19.6,1.04,99
2026-06-15T19:20:00Z,MR-01,North 40,charging,45.5,0.00,0
2026-06-15T19:20:00Z,MR-02,North 40,applying,60.5,0.80,82
2026-06-15T19:20:00Z,MR-03,Creekside,charging,78.1,0.00,0
2026-06-15T19:20:00Z,MR-04,Creekside,applying,77.2,1.14,93
2026-06-15T19:20:00Z,MR-05,Home Quarter,applying,77.8,1.11,89
2026-06-15T19:20:00Z,MR-06,Home Quarter,charging,21.7,0.00,0
2026-06-15T19:25:00Z,MR-01,North 40,charging,47.7,0.00,0
2026-06-15T19:25:00Z,MR-02,North 40,applying,59.9,1.02,92
2026-06-15T19:25:00Z,MR-03,Creekside,charging,81.2,0.00,0
2026-06-15T19:25:00Z,MR-04,Creekside,driving,76.8,0.00,193
2026-06-15T19:25:00Z,MR-05,Home Quarter,applying,77.2,1.10,81
2026-06-15T19:25:00Z,MR-06,Home Quarter,charging,24.1,0.00,0
2026-06-15T19:30:00Z,MR-01,North 40,charging,50.0,0.00,0
2026-06-15T19:30:00Z,MR-02,North 40,driving,59.5,0.00,158
2026-06-15T19:30:00Z,MR-03,Creekside,charging,83.9,0.00,0
2026-06-15T19:30:00Z,MR-04,Creekside,applying,76.2,1.38,100
2026-06-15T19:30:00Z,MR-05,Home Quarter,applying,76.6,0.86,91
2026-06-15T19:30:00Z,MR-06,Home Quarter,charging,26.5,0.00,0
2026-06-15T19:35:00Z,MR-01,North 40,charging,52.1,0.00,0
2026-06-15T19:35:00Z,MR-02,North 40,applying,59.0,0.81,98
2026-06-15T19:35:00Z,MR-03,Creekside,charging,87.1,0.00,0
2026-06-15T19:35:00Z,MR-04,Creekside,driving,75.8,0.00,204
2026-06-15T19:35:00Z,MR-05,Home Quarter,applying,76.0,1.15,91
2026-06-15T19:35:00Z,MR-06,Home Quarter,charging,28.6,0.00,0
2026-06-15T19:40:00Z,MR-01,North 40,charging,54.2,0.00,0
2026-06-15T19:40:00Z,MR-02,North 40,applying,58.4,1.03,99
2026-06-15T19:40:00Z,MR-03,Creekside,charging,89.9,0.00,0
2026-06-15T19:40:00Z,MR-04,Creekside,applying,75.3,1.15,95
2026-06-15T19:40:00Z,MR-05,Home Quarter,applying,75.4,0.95,92
2026-06-15T19:40:00Z,MR-06,Home Quarter,charging,30.9,0.00,0
2026-06-15T19:45:00Z,MR-01,North 40,charging,56.5,0.00,0
2026-06-15T19:45:00Z,MR-02,North 40,applying,57.7,1.11,91
2026-06-15T19:45:00Z,MR-03,Creekside,charging,92.9,0.00,0
2026-06-15T19:45:00Z,MR-04,Creekside,applying,74.7,0.99,100
2026-06-15T19:45:00Z,MR-05,Home Quarter,applying,74.8,0.86,96
2026-06-15T19:45:00Z,MR-06,Home Quarter,charging,33.0,0.00,0
2026-06-15T19:50:00Z,MR-01,North 40,charging,58.7,0.00,0
2026-06-15T19:50:00Z,MR-02,North 40,applying,57.0,1.11,99
2026-06-15T19:50:00Z,MR-03,Creekside,applying,92.3,0.69,81
2026-06-15T19:50:00Z,MR-04,Creekside,driving,74.3,0.00,202
2026-06-15T19:50:00Z,MR-05,Home Quarter,applying,74.1,1.06,87
2026-06-15T19:50:00Z,MR-06,Home Quarter,charging,35.1,0.00,0
2026-06-15T19:55:00Z,MR-01,North 40,charging,60.7,0.00,0
2026-06-15T19:55:00Z,MR-02,North 40,applying,56.5,0.91,99
2026-06-15T19:55:00Z,MR-03,Creekside,applying,91.6,0.99,99
2026-06-15T19:55:00Z,MR-04,Creekside,applying,73.7,1.31,89
2026-06-15T19:55:00Z,MR-05,Home Quarter,applying,73.6,0.84,83
2026-06-15T19:55:00Z,MR-06,Home Quarter,charging,37.5,0.00,0
2026-06-15T20:00:00Z,MR-01,North 40,charging,62.8,0.00,0
2026-06-15T20:00:00Z,MR-02,North 40,driving,56.0,0.00,156
2026-06-15T20:00:00Z,MR-03,Creekside,applying,91.0,0.88,82
2026-06-15T20:00:00Z,MR-04,Creekside,driving,73.2,0.00,154
2026-06-15T20:00:00Z,MR-05,Home Quarter,driving,73.2,0.00,205
2026-06-15T20:00:00Z,MR-06,Home Quarter,charging,39.6,0.00,0
2026-06-15T20:05:00Z,MR-01,North 40,charging,64.9,0.00,0
2026-06-15T20:05:00Z,MR-02,North 40,driving,55.6,0.00,180
2026-06-15T20:05:00Z,MR-03,Creekside,applying,90.3,0.76,88
2026-06-15T20:05:00Z,MR-04,Creekside,driving,72.9,0.00,167
2026-06-15T20:05:00Z,MR-05,Home Quarter,applying,72.6,0.91,95
2026-06-15T20:05:00Z,MR-06,Home Quarter,charging,42.0,0.00,0
2026-06-15T20:10:00Z,MR-01,North 40,charging,66.9,0.00,0
2026-06-15T20:10:00Z,MR-02,North 40,applying,55.1,1.00,98
2026-06-15T20:10:00Z,MR-03,Creekside,driving,89.9,0.00,188
2026-06-15T20:10:00Z,MR-04,Creekside,applying,72.3,1.22,96
2026-06-15T20:10:00Z,MR-05,Home Quarter,applying,72.0,1.08,86
2026-06-15T20:10:00Z,MR-06,Home Quarter,charging,44.5,0.00,0
2026-06-15T20:15:00Z,MR-01,North 40,charging,69.1,0.00,0
2026-06-15T20:15:00Z,MR-02,North 40,applying,54.5,0.78,96
2026-06-15T20:15:00Z,MR-03,Creekside,applying,89.3,0.86,99
2026-06-15T20:15:00Z,MR-04,Creekside,applying,71.7,1.05,81
2026-06-15T20:15:00Z,MR-05,Home Quarter,driving,71.6,0.00,203
2026-06-15T20:15:00Z,MR-06,Home Quarter,charging,46.8,0.00,0
2026-06-15T20:20:00Z,MR-01,North 40,charging,71.1,0.00,0
2026-06-15T20:20:00Z,MR-02,North 40,applying,54.0,0.97,97
2026-06-15T20:20:00Z,MR-03,Creekside,driving,88.8,0.00,187
2026-06-15T20:20:00Z,MR-04,Creekside,applying,71.0,1.33,90
2026-06-15T20:20:00Z,MR-05,Home Quarter,applying,71.1,0.82,82
2026-06-15T20:20:00Z,MR-06,Home Quarter,charging,49.2,0.00,0
2026-06-15T20:25:00Z,MR-01,North 40,charging,73.2,0.00,0
2026-06-15T20:25:00Z,MR-02,North 40,applying,53.3,0.91,93
2026-06-15T20:25:00Z,MR-03,Creekside,applying,88.3,0.76,90
2026-06-15T20:25:00Z,MR-04,Creekside,applying,70.4,1.19,93
2026-06-15T20:25:00Z,MR-05,Home Quarter,applying,70.5,0.92,84
2026-06-15T20:25:00Z,MR-06,Home Quarter,charging,51.6,0.00,0
2026-06-15T20:30:00Z,MR-01,North 40,charging,75.4,0.00,0
2026-06-15T20:30:00Z,MR-02,North 40,applying,52.6,1.14,91
2026-06-15T20:30:00Z,MR-03,Creekside,applying,87.7,0.87,98
2026-06-15T20:30:00Z,MR-04,Creekside,applying,69.8,1.18,100
2026-06-15T20:30:00Z,MR-05,Home Quarter,applying,69.8,0.88,95
2026-06-15T20:30:00Z,MR-06,Home Quarter,charging,53.9,0.00,0
2026-06-15T20:35:00Z,MR-01,North 40,charging,77.5,0.00,0
2026-06-15T20:35:00Z,MR-02,North 40,driving,52.2,0.00,205
2026-06-15T20:35:00Z,MR-03,Creekside,driving,87.3,0.00,197
2026-06-15T20:35:00Z,MR-04,Creekside,applying,69.1,0.97,81
2026-06-15T20:35:00Z,MR-05,Home Quarter,applying,69.3,0.96,80
2026-06-15T20:35:00Z,MR-06,Home Quarter,charging,56.0,0.00,0
2026-06-15T20:40:00Z,MR-01,North 40,charging,79.7,0.00,0
2026-06-15T20:40:00Z,MR-02,North 40,applying,51.7,1.00,99
2026-06-15T20:40:00Z,MR-03,Creekside,applying,86.7,0.77,96
2026-06-15T20:40:00Z,MR-04,Creekside,applying,68.5,1.37,91
2026-06-15T20:40:00Z,MR-05,Home Quarter,applying,68.7,1.14,83
2026-06-15T20:40:00Z,MR-06,Home Quarter,charging,58.1,0.00,0
2026-06-15T20:45:00Z,MR-01,North 40,charging,81.9,0.00,0
2026-06-15T20:45:00Z,MR-02,North 40,applying,51.1,1.04,87
2026-06-15T20:45:00Z,MR-03,Creekside,applying,86.2,0.79,87
2026-06-15T20:45:00Z,MR-04,Creekside,driving,68.2,0.00,178
2026-06-15T20:45:00Z,MR-05,Home Quarter,applying,68.1,1.07,93
2026-06-15T20:45:00Z,MR-06,Home Quarter,charging,60.2,0.00,0
2026-06-15T20:50:00Z,MR-01,North 40,charging,83.8,0.00,0
2026-06-15T20:50:00Z,MR-02,North 40,applying,50.6,1.07,85
2026-06-15T20:50:00Z,MR-03,Creekside,applying,85.6,0.89,87
2026-06-15T20:50:00Z,MR-04,Creekside,applying,67.6,1.14,84
2026-06-15T20:50:00Z,MR-05,Home Quarter,applying,67.4,0.83,95
2026-06-15T20:50:00Z,MR-06,Home Quarter,charging,62.3,0.00,0
2026-06-15T20:55:00Z,MR-01,North 40,charging,86.0,0.00,0
2026-06-15T20:55:00Z,MR-02,North 40,applying,49.9,1.10,94
2026-06-15T20:55:00Z,MR-03,Creekside,applying,85.0,0.83,95
2026-06-15T20:55:00Z,MR-04,Creekside,applying,67.1,1.08,98
2026-06-15T20:55:00Z,MR-05,Home Quarter,applying,66.9,1.07,82
2026-06-15T20:55:00Z,MR-06,Home Quarter,charging,64.5,0.00,0
2026-06-15T21:00:00Z,MR-01,North 40,charging,88.2,0.00,0
2026-06-15T21:00:00Z,MR-02,North 40,applying,49.3,0.99,94
2026-06-15T21:00:00Z,MR-03,Creekside,applying,84.3,0.72,84
2026-06-15T21:00:00Z,MR-04,Creekside,applying,66.4,1.32,86
2026-06-15T21:00:00Z,MR-05,Home Quarter,applying,66.3,0.96,100
2026-06-15T21:00:00Z,MR-06,Home Quarter,charging,66.6,0.00,0
2026-06-15T21:05:00Z,MR-01,North 40,charging,90.2,0.00,0
2026-06-15T21:05:00Z,MR-02,North 40,applying,48.7,0.76,80
2026-06-15T21:05:00Z,MR-03,Creekside,applying,83.7,0.91,91
2026-06-15T21:05:00Z,MR-04,Creekside,applying,65.8,1.16,82
2026-06-15T21:05:00Z,MR-05,Home Quarter,applying,65.7,1.02,94
2026-06-15T21:05:00Z,MR-06,Home Quarter,charging,68.6,0.00,0
2026-06-15T21:10:00Z,MR-01,North 40,charging,92.3,0.00,0
2026-06-15T21:10:00Z,MR-02,North 40,applying,48.1,0.78,93
2026-06-15T21:10:00Z,MR-03,Creekside,driving,83.2,0.00,189
2026-06-15T21:10:00Z,MR-04,Creekside,applying,65.2,1.19,97
2026-06-15T21:10:00Z,MR-05,Home Quarter,applying,65.1,0.93,88
2026-06-15T21:10:00Z,MR-06,Home Quarter,charging,70.6,0.00,0
2026-06-15T21:15:00Z,MR-01,North 40,applying,91.7,0.98,81
2026-06-15T21:15:00Z,MR-02,North 40,applying,47.5,0.92,96
2026-06-15T21:15:00Z,MR-03,Creekside,applying,82.6,0.93,96
2026-06-15T21:15:00Z,MR-04,Creekside,applying,64.5,1.20,91
2026-06-15T21:15:00Z,MR-05,Home Quarter,applying,64.6,0.95,93
2026-06-15T21:15:00Z,MR-06,Home Quarter,charging,72.7,0.00,0
2026-06-15T21:20:00Z,MR-01,North 40,applying,91.2,1.01,92
2026-06-15T21:20:00Z,MR-02,North 40,applying,47.0,0.84,85
2026-06-15T21:20:00Z,MR-03,Creekside,applying,82.1,0.68,98
2026-06-15T21:20:00Z,MR-04,Creekside,applying,63.9,1.17,97
2026-06-15T21:20:00Z,MR-05,Home Quarter,fault,64.5,0.00,0
2026-06-15T21:20:00Z,MR-06,Home Quarter,charging,74.9,0.00,0
2026-06-15T21:25:00Z,MR-01,North 40,applying,90.7,0.87,96
2026-06-15T21:25:00Z,MR-02,North 40,applying,46.5,1.07,96
2026-06-15T21:25:00Z,MR-03,Creekside,applying,81.6,0.81,88
2026-06-15T21:25:00Z,MR-04,Creekside,applying,63.3,1.27,86
2026-06-15T21:25:00Z,MR-05,Home Quarter,fault,64.5,0.00,0
2026-06-15T21:25:00Z,MR-06,Home Quarter,charging,77.1,0.00,0
2026-06-15T21:30:00Z,MR-01,North 40,applying,90.0,0.86,91
2026-06-15T21:30:00Z,MR-02,North 40,applying,45.9,1.06,96
2026-06-15T21:30:00Z,MR-03,Creekside,applying,81.0,0.99,95
2026-06-15T21:30:00Z,MR-04,Creekside,applying,62.7,1.22,82
2026-06-15T21:30:00Z,MR-05,Home Quarter,fault,64.4,0.00,0
2026-06-15T21:30:00Z,MR-06,Home Quarter,charging,79.2,0.00,0
2026-06-15T21:35:00Z,MR-01,North 40,applying,89.3,0.89,94
2026-06-15T21:35:00Z,MR-02,North 40,applying,45.2,1.08,93
2026-06-15T21:35:00Z,MR-03,Creekside,applying,80.4,0.84,88
2026-06-15T21:35:00Z,MR-04,Creekside,applying,62.1,1.28,85
2026-06-15T21:35:00Z,MR-05,Home Quarter,applying,63.9,1.12,95
2026-06-15T21:35:00Z,MR-06,Home Quarter,charging,81.6,0.00,0
2026-06-15T21:40:00Z,MR-01,North 40,applying,88.8,0.79,80
2026-06-15T21:40:00Z,MR-02,North 40,applying,44.7,0.80,96
2026-06-15T21:40:00Z,MR-03,Creekside,applying,79.9,0.77,92
2026-06-15T21:40:00Z,MR-04,Creekside,applying,61.5,1.08,96
2026-06-15T21:40:00Z,MR-05,Home Quarter,applying,63.2,0.99,83
2026-06-15T21:40:00Z,MR-06,Home Quarter,charging,83.7,0.00,0
2026-06-15T21:45:00Z,MR-01,North 40,applying,88.2,0.96,96
2026-06-15T21:45:00Z,MR-02,North 40,applying,44.0,1.06,87
2026-06-15T21:45:00Z,MR-03,Creekside,applying,79.3,0.98,97
2026-06-15T21:45:00Z,MR-04,Creekside,driving,61.1,0.00,179
2026-06-15T21:45:00Z,MR-05,Home Quarter,applying,62.5,0.95,96
2026-06-15T21:45:00Z,MR-06,Home Quarter,charging,86.0,0.00,0
2026-06-15T21:50:00Z,MR-01,North 40,applying,87.6,0.98,97
2026-06-15T21:50:00Z,MR-02,North 40,applying,43.4,1.13,93
2026-06-15T21:50:00Z,MR-03,Creekside,applying,78.7,0.86,93
2026-06-15T21:50:00Z,MR-04,Creekside,driving,60.8,0.00,155
2026-06-15T21:50:00Z,MR-05,Home Quarter,applying,61.9,1.12,96
2026-06-15T21:50:00Z,MR-06,Home Quarter,charging,88.2,0.00,0
2026-06-15T21:55:00Z,MR-01,North 40,driving,87.2,0.00,166
2026-06-15T21:55:00Z,MR-02,North 40,applying,42.7,1.10,83
2026-06-15T21:55:00Z,MR-03,Creekside,applying,78.1,0.84,84
2026-06-15T21:55:00Z,MR-04,Creekside,applying,60.3,1.22,93
2026-06-15T21:55:00Z,MR-05,Home Quarter,applying,61.3,1.01,96
2026-06-15T21:55:00Z,MR-06,Home Quarter,charging,90.4,0.00,0
2026-06-15T22:00:00Z,MR-01,North 40,driving,86.9,0.00,193
2026-06-15T22:00:00Z,MR-02,North 40,applying,42.2,1.01,100
2026-06-15T22:00:00Z,MR-03,Creekside,applying,77.6,0.99,96
2026-06-15T22:00:00Z,MR-04,Creekside,applying,59.6,0.96,92
2026-06-15T22:00:00Z,MR-05,Home Quarter,applying,60.6,1.13,82
2026-06-15T22:00:00Z,MR-06,Home Quarter,charging,92.6,0.00,0
2026-06-15T22:05:00Z,MR-01,North 40,applying,86.3,0.91,82
2026-06-15T22:05:00Z,MR-02,North 40,driving,41.7,0.00,161
2026-06-15T22:05:00Z,MR-03,Creekside,applying,76.9,0.84,83
2026-06-15T22:05:00Z,MR-04,Creekside,applying,59.1,1.01,88
2026-06-15T22:05:00Z,MR-05,Home Quarter,applying,59.9,1.19,89
2026-06-15T22:05:00Z,MR-06,Home Quarter,applying,92.0,0.87,95
2026-06-15T22:10:00Z,MR-01,North 40,applying,85.6,1.02,95
2026-06-15T22:10:00Z,MR-02,North 40,applying,41.2,1.03,100
2026-06-15T22:10:00Z,MR-03,Creekside,driving,76.6,0.00,154
2026-06-15T22:10:00Z,MR-04,Creekside,applying,58.5,1.20,94
2026-06-15T22:10:00Z,MR-05,Home Quarter,applying,59.3,1.02,94
2026-06-15T22:10:00Z,MR-06,Home Quarter,applying,91.5,0.71,95
2026-06-15T22:15:00Z,MR-01,North 40,applying,84.9,0.75,83
2026-06-15T22:15:00Z,MR-02,North 40,applying,40.5,1.05,99
2026-06-15T22:15:00Z,MR-03,Creekside,applying,76.0,0.92,80
2026-06-15T22:15:00Z,MR-04,Creekside,applying,57.9,1.27,85
2026-06-15T22:15:00Z,MR-05,Home Quarter,applying,58.6,1.19,86
2026-06-15T22:15:00Z,MR-06,Home Quarter,applying,91.0,0.71,93
2026-06-15T22:20:00Z,MR-01,North 40,driving,84.6,0.00,195
2026-06-15T22:20:00Z,MR-02,North 40,applying,39.9,1.10,92
2026-06-15T22:20:00Z,MR-03,Creekside,applying,75.4,0.96,91
2026-06-15T22:20:00Z,MR-04,Creekside,applying,57.4,1.35,91
2026-06-15T22:20:00Z,MR-05,Home Quarter,driving,58.2,0.00,196
2026-06-15T22:20:00Z,MR-06,Home Quarter,driving,90.5,0.00,208
2026-06-15T22:25:00Z,MR-01,North 40,applying,84.0,1.04,87
2026-06-15T22:25:00Z,MR-02,North 40,applying,39.2,0.90,85
2026-06-15T22:25:00Z,MR-03,Creekside,applying,74.7,0.86,87
2026-06-15T22:25:00Z,MR-04,Creekside,applying,56.8,1.03,92
2026-06-15T22:25:00Z,MR-05,Home Quarter,applying,57.6,1.17,94
2026-06-15T22:25:00Z,MR-06,Home Quarter,applying,90.0,0.72,85
2026-06-15T22:30:00Z,MR-01,North 40,applying,83.4,0.99,81
2026-06-15T22:30:00Z,MR-02,North 40,applying,38.6,1.04,95
2026-06-15T22:30:00Z,MR-03,Creekside,applying,74.2,1.00,97
2026-06-15T22:30:00Z,MR-04,Creekside,applying,56.1,1.25,82
2026-06-15T22:30:00Z,MR-05,Home Quarter,applying,57.1,1.07,99
2026-06-15T22:30:00Z,MR-06,Home Quarter,applying,89.3,0.75,95
2026-06-15T22:35:00Z,MR-01,North 40,applying,82.7,0.94,83
2026-06-15T22:35:00Z,MR-02,North 40,applying,38.0,0.98,81
2026-06-15T22:35:00Z,MR-03,Creekside,applying,73.6,0.77,88
2026-06-15T22:35:00Z,MR-04,Creekside,applying,55.5,1.34,91
2026-06-15T22:35:00Z,MR-05,Home Quarter,applying,56.4,1.19,87
2026-06-15T22:35:00Z,MR-06,Home Quarter,applying,88.6,0.73,84
2026-06-15T22:40:00Z,MR-01,North 40,applying,82.2,0.84,98
2026-06-15T22:40:00Z,MR-02,North 40,applying,37.4,0.84,100
2026-06-15T22:40:00Z,MR-03,Creekside,applying,73.1,0.90,83
2026-06-15T22:40:00Z,MR-04,Creekside,applying,54.9,1.22,97
2026-06-15T22:40:00Z,MR-05,Home Quarter,applying,55.8,0.83,90
2026-06-15T22:40:00Z,MR-06,Home Quarter,driving,88.2,0.00,190
2026-06-15T22:45:00Z,MR-01,North 40,driving,81.8,0.00,168
2026-06-15T22:45:00Z,MR-02,North 40,applying,36.9,0.84,89
2026-06-15T22:45:00Z,MR-03,Creekside,applying,72.4,1.01,88
2026-06-15T22:45:00Z,MR-04,Creekside,applying,54.2,1.23,94
2026-06-15T22:45:00Z,MR-05,Home Quarter,applying,55.1,1.04,85
2026-06-15T22:45:00Z,MR-06,Home Quarter,applying,87.6,0.93,85
2026-06-15T22:50:00Z,MR-01,North 40,applying,81.3,1.05,83
2026-06-15T22:50:00Z,MR-02,North 40,applying,36.3,0.96,95
2026-06-15T22:50:00Z,MR-03,Creekside,driving,72.1,0.00,177
2026-06-15T22:50:00Z,MR-04,Creekside,applying,53.6,1.35,90
2026-06-15T22:50:00Z,MR-05,Home Quarter,applying,54.6,0.93,87
2026-06-15T22:50:00Z,MR-06,Home Quarter,applying,87.0,0.90,94
2026-06-15T22:55:00Z,MR-01,North 40,applying,80.7,0.81,89
2026-06-15T22:55:00Z,MR-02,North 40,driving,36.0,0.00,198
2026-06-15T22:55:00Z,MR-03,Creekside,applying,71.6,0.98,91
2026-06-15T22:55:00Z,MR-04,Creekside,applying,53.1,1.33,86
2026-06-15T22:55:00Z,MR-05,Home Quarter,applying,54.0,0.95,84
2026-06-15T22:55:00Z,MR-06,Home Quarter,applying,86.3,0.92,89
2026-06-15T23:00:00Z,MR-01,North 40,applying,80.1,0.89,85
2026-06-15T23:00:00Z,MR-02,North 40,applying,35.4,1.12,84
2026-06-15T23:00:00Z,MR-03,Creekside,applying,71.0,0.88,100
2026-06-15T23:00:00Z,MR-04,Creekside,driving,52.8,0.00,151
2026-06-15T23:00:00Z,MR-05,Home Quarter,applying,53.5,1.08,84
2026-06-15T23:00:00Z,MR-06,Home Quarter,applying,85.8,0.84,90
2026-06-15T23:05:00Z,MR-01,North 40,applying,79.5,0.98,85
2026-06-15T23:05:00Z,MR-02,North 40,applying,34.8,1.02,100
2026-06-15T23:05:00Z,MR-03,Creekside,applying,70.5,0.83,98
2026-06-15T23:05:00Z,MR-04,Creekside,applying,52.2,1.06,98
2026-06-15T23:05:00Z,MR-05,Home Quarter,applying,52.8,0.97,99
2026-06-15T23:05:00Z,MR-06,Home Quarter,applying,85.2,0.90,85
2026-06-15T23:10:00Z,MR-01,North 40,applying,79.0,0.89,87
2026-06-15T23:10:00Z,MR-02,North 40,applying,34.2,1.13,91
2026-06-15T23:10:00Z,MR-03,Creekside,applying,69.9,0.77,91
2026-06-15T23:10:00Z,MR-04,Creekside,applying,51.5,0.95,91
2026-06-15T23:10:00Z,MR-05,Home Quarter,applying,52.3,1.16,81
2026-06-15T23:10:00Z,MR-06,Home Quarter,applying,84.7,0.71,88
2026-06-15T23:15:00Z,MR-01,North 40,applying,78.3,0.85,92
2026-06-15T23:15:00Z,MR-02,North 40,driving,33.7,0.00,176
2026-06-15T23:15:00Z,MR-03,Creekside,applying,69.4,0.99,81
2026-06-15T23:15:00Z,MR-04,Creekside,applying,51.0,1.01,84
2026-06-15T23:15:00Z,MR-05,Home Quarter,driving,51.9,0.00,151
2026-06-15T23:15:00Z,MR-06,Home Quarter,applying,84.1,0.72,99
2026-06-15T23:20:00Z,MR-01,North 40,applying,77.8,0.97,88
2026-06-15T23:20:00Z,MR-02,North 40,applying,33.2,1.08,95
2026-06-15T23:20:00Z,MR-03,Creekside,applying,68.7,0.78,91
2026-06-15T23:20:00Z,MR-04,Creekside,applying,50.4,0.94,98
2026-06-15T23:20:00Z,MR-05,Home Quarter,applying,51.3,1.07,88
2026-06-15T23:20:00Z,MR-06,Home Quarter,driving,83.6,0.00,154
2026-06-15T23:25:00Z,MR-01,North 40,driving,77.4,0.00,187
2026-06-15T23:25:00Z,MR-02,North 40,applying,32.6,1.13,94
2026-06-15T23:25:00Z,MR-03,Creekside,applying,68.1,0.75,92
2026-06-15T23:25:00Z,MR-04,Creekside,driving,50.1,0.00,204
2026-06-15T23:25:00Z,MR-05,Home Quarter,applying,50.6,0.84,97
2026-06-15T23:25:00Z,MR-06,Home Quarter,applying,83.0,0.89,97
2026-06-15T23:30:00Z,MR-01,North 40,applying,76.9,0.98,85
2026-06-15T23:30:00Z,MR-02,North 40,applying,31.9,0.78,94
2026-06-15T23:30:00Z,MR-03,Creekside,applying,67.5,0.71,83
2026-06-15T23:30:00Z,MR-04,Creekside,applying,49.4,1.20,87
2026-06-15T23:30:00Z,MR-05,Home Quarter,driving,50.2,0.00,163
2026-06-15T23:30:00Z,MR-06,Home Quarter,applying,82.4,0.73,83
2026-06-15T23:35:00Z,MR-01,North 40,applying,76.3,0.90,93
2026-06-15T23:35:00Z,MR-02,North 40,applying,31.2,1.04,92
2026-06-15T23:35:00Z,MR-03,Creekside,applying,66.9,0.71,95
2026-06-15T23:35:00Z,MR-04,Creekside,applying,48.9,0.99,95
2026-06-15T23:35:00Z,MR-05,Home Quarter,applying,49.6,0.88,82
2026-06-15T23:35:00Z,MR-06,Home Quarter,applying,81.8,0.78,84
2026-06-15T23:40:00Z,MR-01,North 40,applying,75.7,0.95,83
2026-06-15T23:40:00Z,MR-02,North 40,applying,30.6,0.91,89
2026-06-15T23:40:00Z,MR-03,Creekside,applying,66.2,0.96,89
2026-06-15T23:40:00Z,MR-04,Creekside,applying,48.2,1.29,95
2026-06-15T23:40:00Z,MR-05,Home Quarter,applying,49.1,1.13,82
2026-06-15T23:40:00Z,MR-06,Home Quarter,applying,81.3,0.88,84
2026-06-15T23:45:00Z,MR-01,North 40,applying,75.1,0.88,86
2026-06-15T23:45:00Z,MR-02,North 40,applying,30.0,1.01,92
2026-06-15T23:45:00Z,MR-03,Creekside,applying,65.5,0.91,92
2026-06-15T23:45:00Z,MR-04,Creekside,applying,47.5,1.28,97
2026-06-15T23:45:00Z,MR-05,Home Quarter,applying,48.5,0.88,97
2026-06-15T23:45:00Z,MR-06,Home Quarter,driving,80.9,0.00,151
2026-06-15T23:50:00Z,MR-01,North 40,applying,74.4,0.84,93
2026-06-15T23:50:00Z,MR-02,North 40,applying,29.4,1.12,81
2026-06-15T23:50:00Z,MR-03,Creekside,applying,64.9,0.84,87
2026-06-15T23:50:00Z,MR-04,Creekside,applying,46.9,1.09,91
2026-06-15T23:50:00Z,MR-05,Home Quarter,applying,47.8,0.85,96
2026-06-15T23:50:00Z,MR-06,Home Quarter,driving,80.6,0.00,154
2026-06-15T23:55:00Z,MR-01,North 40,applying,73.7,0.77,95
2026-06-15T23:55:00Z,MR-02,North 40,applying,28.7,0.83,97
2026-06-15T23:55:00Z,MR-03,Creekside,applying,64.2,0.71,93
2026-06-15T23:55:00Z,MR-04,Creekside,driving,46.4,0.00,156
2026-06-15T23:55:00Z,MR-05,Home Quarter,applying,47.3,1.02,88
2026-06-15T23:55:00Z,MR-06,Home Quarter,applying,80.1,0.94,94
2026-06-16T00:00:00Z,MR-01,North 40,applying,73.2,0.94,92
2026-06-16T00:00:00Z,MR-02,Creekside,applying,28.1,0.85,87
2026-06-16T00:00:00Z,MR-03,Creekside,applying,63.6,0.78,82
2026-06-16T00:00:00Z,MR-04,Creekside,applying,45.9,0.95,100
2026-06-16T00:00:00Z,MR-05,Home Quarter,applying,46.8,1.10,97
2026-06-16T00:00:00Z,MR-06,Home Quarter,driving,79.7,0.00,167
2026-06-16T00:05:00Z,MR-01,North 40,applying,72.6,0.73,84
2026-06-16T00:05:00Z,MR-02,Creekside,applying,27.4,0.96,81
2026-06-16T00:05:00Z,MR-03,Creekside,applying,63.1,0.76,93
2026-06-16T00:05:00Z,MR-04,Creekside,applying,45.3,1.17,82
2026-06-16T00:05:00Z,MR-05,Home Quarter,applying,46.1,0.97,88
2026-06-16T00:05:00Z,MR-06,Home Quarter,applying,79.1,0.91,97
2026-06-16T00:10:00Z,MR-01,North 40,driving,72.3,0.00,182
2026-06-16T00:10:00Z,MR-02,Creekside,applying,26.8,0.97,95
2026-06-16T00:10:00Z,MR-03,Creekside,applying,62.4,0.84,85
2026-06-16T00:10:00Z,MR-04,Creekside,applying,44.6,1.14,100
2026-06-16T00:10:00Z,MR-05,Home Quarter,applying,45.6,1.19,84
2026-06-16T00:10:00Z,MR-06,Home Quarter,applying,78.5,0.94,92
2026-06-16T00:15:00Z,MR-01,North 40,applying,71.6,0.87,83
2026-06-16T00:15:00Z,MR-02,Creekside,driving,26.3,0.00,196
2026-06-16T00:15:00Z,MR-03,Creekside,applying,61.8,0.93,95
2026-06-16T00:15:00Z,MR-04,Creekside,driving,44.2,0.00,198
2026-06-16T00:15:00Z,MR-05,Home Quarter,applying,44.9,1.14,84
2026-06-16T00:15:00Z,MR-06,Home Quarter,driving,78.1,0.00,189
2026-06-16T00:20:00Z,MR-01,North 40,applying,71.0,0.91,81
2026-06-16T00:20:00Z,MR-02,Creekside,applying,25.8,1.04,98
2026-06-16T00:20:00Z,MR-03,Creekside,applying,61.1,0.68,91
2026-06-16T00:20:00Z,MR-04,Creekside,applying,43.5,1.15,91
2026-06-16T00:20:00Z,MR-05,Home Quarter,applying,44.3,1.09,96
2026-06-16T00:20:00Z,MR-06,Home Quarter,applying,77.5,0.71,90
2026-06-16T00:25:00Z,MR-01,North 40,applying,70.5,0.91,95
2026-06-16T00:25:00Z,MR-02,Creekside,applying,25.2,0.87,96
2026-06-16T00:25:00Z,MR-03,Creekside,applying,60.4,0.83,80
2026-06-16T00:25:00Z,MR-04,Creekside,applying,43.0,1.10,91
2026-06-16T00:25:00Z,MR-05,Home Quarter,applying,43.7,0.93,95
2026-06-16T00:25:00Z,MR-06,Home Quarter,applying,77.0,0.78,95
2026-06-16T00:30:00Z,MR-01,North 40,applying,69.9,0.90,90
2026-06-16T00:30:00Z,MR-02,Creekside,applying,24.5,0.78,98
2026-06-16T00:30:00Z,MR-03,Creekside,driving,60.1,0.00,182
2026-06-16T00:30:00Z,MR-04,Creekside,driving,42.6,0.00,210
2026-06-16T00:30:00Z,MR-05,Home Quarter,applying,43.1,1.06,94
2026-06-16T00:30:00Z,MR-06,Home Quarter,applying,76.5,0.97,99
2026-06-16T00:35:00Z,MR-01,North 40,applying,69.3,1.02,84
2026-06-16T00:35:00Z,MR-02,Creekside,driving,24.1,0.00,186
2026-06-16T00:35:00Z,MR-03,Creekside,applying,59.6,0.96,86
2026-06-16T00:35:00Z,MR-04,Creekside,applying,41.9,0.98,87
2026-06-16T00:35:00Z,MR-05,Home Quarter,applying,42.6,1.08,83
2026-06-16T00:35:00Z,MR-06,Home Quarter,applying,75.9,1.05,84
2026-06-16T00:40:00Z,MR-01,North 40,applying,68.7,0.98,94
2026-06-16T00:40:00Z,MR-02,Creekside,applying,23.5,1.04,97
2026-06-16T00:40:00Z,MR-03,Creekside,applying,59.0,0.89,89
2026-06-16T00:40:00Z,MR-04,Creekside,applying,41.3,1.05,99
2026-06-16T00:40:00Z,MR-05,Home Quarter,applying,42.0,0.84,89
2026-06-16T00:40:00Z,MR-06,Home Quarter,applying,75.3,0.85,93
2026-06-16T00:45:00Z,MR-01,North 40,applying,68.1,0.74,100
2026-06-16T00:45:00Z,MR-02,Creekside,applying,22.9,0.80,95
2026-06-16T00:45:00Z,MR-03,Creekside,applying,58.4,1.01,93
2026-06-16T00:45:00Z,MR-04,Creekside,applying,40.6,1.11,96
2026-06-16T00:45:00Z,MR-05,Home Quarter,applying,41.5,1.13,90
2026-06-16T00:45:00Z,MR-06,Home Quarter,driving,75.0,0.00,193
2026-06-16T00:50:00Z,MR-01,North 40,applying,67.6,0.81,87
2026-06-16T00:50:00Z,MR-02,Creekside,applying,22.3,0.93,84
2026-06-16T00:50:00Z,MR-03,Creekside,applying,57.8,0.81,90
2026-06-16T00:50:00Z,MR-04,Creekside,applying,40.0,0.92,82
2026-06-16T00:50:00Z,MR-05,Home Quarter,driving,41.2,0.00,201
2026-06-16T00:50:00Z,MR-06,Home Quarter,applying,74.3,0.88,97
2026-06-16T00:55:00Z,MR-01,North 40,applying,66.9,1.02,100
2026-06-16T00:55:00Z,MR-02,Creekside,applying,21.6,1.06,93
2026-06-16T00:55:00Z,MR-03,Creekside,applying,57.2,0.78,96
2026-06-16T00:55:00Z,MR-04,Creekside,applying,39.4,1.37,83
2026-06-16T00:55:00Z,MR-05,Home Quarter,applying,40.6,1.09,90
2026-06-16T00:55:00Z,MR-06,Home Quarter,applying,73.7,1.02,99
2026-06-16T01:00:00Z,MR-01,North 40,applying,66.4,0.74,98
2026-06-16T01:00:00Z,MR-02,Creekside,applying,21.1,0.83,89
2026-06-16T01:00:00Z,MR-03,Creekside,applying,56.6,0.75,94
2026-06-16T01:00:00Z,MR-04,Creekside,applying,38.8,1.07,95
2026-06-16T01:00:00Z,MR-05,Home Quarter,driving,40.2,0.00,165
2026-06-16T01:00:00Z,MR-06,Home Quarter,driving,73.2,0.00,193
2026-06-16T01:05:00Z,MR-01,North 40,applying,65.9,1.07,84
2026-06-16T01:05:00Z,MR-02,Creekside,applying,20.5,1.07,97
2026-06-16T01:05:00Z,MR-03,Creekside,applying,56.0,0.82,99
2026-06-16T01:05:00Z,MR-04,Creekside,applying,38.3,0.97,86
2026-06-16T01:05:00Z,MR-05,Home Quarter,applying,39.6,0.91,81
2026-06-16T01:05:00Z,MR-06,Home Quarter,applying,72.6,1.05,94
2026-06-16T01:10:00Z,MR-01,North 40,driving,65.5,0.00,190
2026-06-16T01:10:00Z,MR-02,Creekside,applying,19.8,1.01,90
2026-06-16T01:10:00Z,MR-03,Creekside,applying,55.3,0.79,84
2026-06-16T01:10:00Z,MR-04,Creekside,applying,37.6,1.31,90
2026-06-16T01:10:00Z,MR-05,Home Quarter,applying,38.9,0.91,89
2026-06-16T01:10:00Z,MR-06,Home Quarter,applying,72.0,0.93,90
2026-06-16T01:15:00Z,MR-01,North 40,applying,64.9,0.77,90
2026-06-16T01:15:00Z,MR-02,Creekside,charging,22.5,0.00,0
2026-06-16T01:15:00Z,MR-03,Creekside,applying,54.7,1.00,84
2026-06-16T01:15:00Z,MR-04,Creekside,applying,37.0,1.27,88
2026-06-16T01:15:00Z,MR-05,Home Quarter,applying,38.4,0.92,89
2026-06-16T01:15:00Z,MR-06,Home Quarter,applying,71.4,0.96,99
2026-06-16T01:20:00Z,MR-01,North 40,applying,64.3,0.95,94
2026-06-16T01:20:00Z,MR-02,Creekside,charging,25.1,0.00,0
2026-06-16T01:20:00Z,MR-03,Creekside,applying,54.1,0.92,97
2026-06-16T01:20:00Z,MR-04,Creekside,applying,36.3,1.15,87
2026-06-16T01:20:00Z,MR-05,Home Quarter,applying,37.9,0.89,96
2026-06-16T01:20:00Z,MR-06,Home Quarter,applying,70.9,0.99,90
2026-06-16T01:25:00Z,MR-01,North 40,applying,63.7,0.91,85
2026-06-16T01:25:00Z,MR-02,Creekside,charging,27.6,0.00,0
2026-06-16T01:25:00Z,MR-03,Creekside,driving,53.7,0.00,153
2026-06-16T01:25:00Z,MR-04,Creekside,applying,35.8,1.35,82
2026-06-16T01:25:00Z,MR-05,Home Quarter,applying,37.3,0.97,81
2026-06-16T01:25:00Z,MR-06,Home Quarter,applying,70.3,0.81,93
2026-06-16T01:30:00Z,MR-01,North 40,applying,63.1,0.74,87
2026-06-16T01:30:00Z,MR-02,Creekside,charging,30.1,0.00,0
2026-06-16T01:30:00Z,MR-03,Creekside,applying,53.1,0.68,94
2026-06-16T01:30:00Z,MR-04,Creekside,applying,35.2,1.06,86
2026-06-16T01:30:00Z,MR-05,Home Quarter,driving,36.9,0.00,176
2026-06-16T01:30:00Z,MR-06,Home Quarter,applying,69.6,0.83,83
2026-06-16T01:35:00Z,MR-01,North 40,applying,62.4,0.83,94
2026-06-16T01:35:00Z,MR-02,Creekside,charging,33.0,0.00,0
2026-06-16T01:35:00Z,MR-03,Creekside,applying,52.5,0.73,84
2026-06-16T01:35:00Z,MR-04,Creekside,applying,34.6,1.32,97
2026-06-16T01:35:00Z,MR-05,Home Quarter,applying,36.2,1.02,95
2026-06-16T01:35:00Z,MR-06,Home Quarter,applying,69.1,0.73,89
2026-06-16T01:40:00Z,MR-01,North 40,applying,61.7,0.88,100
2026-06-16T01:40:00Z,MR-02,Creekside,charging,35.6,0.00,0
2026-06-16T01:40:00Z,MR-03,Creekside,applying,51.8,0.89,96
2026-06-16T01:40:00Z,MR-04,Creekside,applying,34.0,1.07,94
2026-06-16T01:40:00Z,MR-05,Home Quarter,applying,35.6,0.85,91
2026-06-16T01:40:00Z,MR-06,Home Quarter,applying,68.4,0.77,80
2026-06-16T01:45:00Z,MR-01,North 40,driving,61.3,0.00,153
2026-06-16T01:45:00Z,MR-02,Creekside,charging,38.5,0.00,0
2026-06-16T01:45:00Z,MR-03,Creekside,applying,51.2,0.87,82
2026-06-16T01:45:00Z,MR-04,Creekside,applying,33.4,0.98,96
2026-06-16T01:45:00Z,MR-05,Home Quarter,applying,35.1,1.17,84
2026-06-16T01:45:00Z,MR-06,Home Quarter,applying,67.8,0.80,95
2026-06-16T01:50:00Z,MR-01,North 40,driving,60.9,0.00,155
2026-06-16T01:50:00Z,MR-02,Creekside,charging,41.2,0.00,0
2026-06-16T01:50:00Z,MR-03,Creekside,driving,50.8,0.00,179
2026-06-16T01:50:00Z,MR-04,Creekside,applying,32.8,1.34,84
2026-06-16T01:50:00Z,MR-05,Home Quarter,driving,34.6,0.00,165
2026-06-16T01:50:00Z,MR-06,Home Quarter,applying,67.1,0.96,80
2026-06-16T01:55:00Z,MR-01,North 40,applying,60.3,0.98,92
2026-06-16T01:55:00Z,MR-02,Creekside,charging,43.9,0.00,0
2026-06-16T01:55:00Z,MR-03,Creekside,applying,50.2,0.86,96
2026-06-16T01:55:00Z,MR-04,Creekside,applying,32.2,1.04,94
2026-06-16T01:55:00Z,MR-05,Home Quarter,applying,34.0,1.14,97
2026-06-16T01:55:00Z,MR-06,Home Quarter,applying,66.5,0.77,92
2026-06-16T02:00:00Z,MR-01,North 40,driving,59.8,0.00,204
2026-06-16T02:00:00Z,MR-02,Creekside,charging,46.6,0.00,0
2026-06-16T02:00:00Z,MR-03,Creekside,applying,49.6,1.01,98
2026-06-16T02:00:00Z,MR-04,Creekside,applying,31.7,1.04,89
2026-06-16T02:00:00Z,MR-05,Home Quarter,applying,33.3,0.92,85
2026-06-16T02:00:00Z,MR-06,Home Quarter,applying,66.0,1.04,96
2026-06-16T02:05:00Z,MR-01,North 40,driving,59.4,0.00,199
2026-06-16T02:05:00Z,MR-02,Creekside,charging,49.3,0.00,0
2026-06-16T02:05:00Z,MR-03,Creekside,applying,49.0,0.84,98
2026-06-16T02:05:00Z,MR-04,Creekside,applying,31.1,0.96,88
2026-06-16T02:05:00Z,MR-05,Home Quarter,applying,32.8,1.09,93
2026-06-16T02:05:00Z,MR-06,Home Quarter,applying,65.5,0.73,95
2026-06-16T02:10:00Z,MR-01,North 40,applying,58.7,0.73,83
2026-06-16T02:10:00Z,MR-02,Creekside,charging,51.7,0.00,0
2026-06-16T02:10:00Z,MR-03,Creekside,applying,48.5,0.90,93
2026-06-16T02:10:00Z,MR-04,Creekside,driving,30.8,0.00,164
2026-06-16T02:10:00Z,MR-05,Home Quarter,applying,32.1,1.02,83
2026-06-16T02:10:00Z,MR-06,Home Quarter,driving,65.0,0.00,154
2026-06-16T02:15:00Z,MR-01,North 40,applying,58.1,1.05,86
2026-06-16T02:15:00Z,MR-02,Creekside,charging,54.7,0.00,0
2026-06-16T02:15:00Z,MR-03,Creekside,applying,48.0,0.75,97
2026-06-16T02:15:00Z,MR-04,Creekside,applying,30.2,1.14,90
2026-06-16T02:15:00Z,MR-05,Home Quarter,driving,31.7,0.00,196
2026-06-16T02:15:00Z,MR-06,Home Quarter,applying,64.4,0.71,86
2026-06-16T02:20:00Z,MR-01,North 40,applying,57.5,0.85,95
2026-06-16T02:20:00Z,MR-02,Creekside,charging,57.4,0.00,0
2026-06-16T02:20:00Z,MR-03,Creekside,applying,47.4,0.74,84
2026-06-16T02:20:00Z,MR-04,Creekside,applying,29.7,0.96,93
2026-06-16T02:20:00Z,MR-05,Home Quarter,applying,31.2,1.08,86
2026-06-16T02:20:00Z,MR-06,Home Quarter,applying,63.9,0.98,85
2026-06-16T02:25:00Z,MR-01,North 40,applying,56.8,1.03,91
2026-06-16T02:25:00Z,MR-02,Creekside,charging,60.3,0.00,0
2026-06-16T02:25:00Z,MR-03,Creekside,applying,46.8,0.96,83
2026-06-16T02:25:00Z,MR-04,Creekside,applying,29.1,1.09,84
2026-06-16T02:25:00Z,MR-05,Home Quarter,applying,30.5,0.83,88
2026-06-16T02:25:00Z,MR-06,Home Quarter,driving,63.5,0.00,187
2026-06-16T02:30:00Z,MR-01,North 40,applying,56.3,0.74,97
2026-06-16T02:30:00Z,MR-02,Creekside,charging,62.8,0.00,0
2026-06-16T02:30:00Z,MR-03,Creekside,applying,46.2,0.92,82
2026-06-16T02:30:00Z,MR-04,Creekside,applying,28.5,1.37,86
2026-06-16T02:30:00Z,MR-05,Home Quarter,driving,30.2,0.00,184
2026-06-16T02:30:00Z,MR-06,Home Quarter,applying,62.8,0.70,95
2026-06-16T02:35:00Z,MR-01,North 40,driving,55.9,0.00,171
2026-06-16T02:35:00Z,MR-02,Creekside,charging,65.7,0.00,0
2026-06-16T02:35:00Z,MR-03,Creekside,applying,45.7,1.01,87
2026-06-16T02:35:00Z,MR-04,Creekside,applying,27.9,1.30,95
2026-06-16T02:35:00Z,MR-05,Home Quarter,applying,29.6,1.10,92
2026-06-16T02:35:00Z,MR-06,Home Quarter,applying,62.2,0.95,94
2026-06-16T02:40:00Z,MR-01,North 40,applying,55.3,0.84,86
2026-06-16T02:40:00Z,MR-02,Creekside,charging,68.2,0.00,0
2026-06-16T02:40:00Z,MR-03,Creekside,applying,45.1,1.01,94
2026-06-16T02:40:00Z,MR-04,Creekside,applying,27.3,1.34,85
2026-06-16T02:40:00Z,MR-05,Home Quarter,applying,29.1,0.85,82
2026-06-16T02:40:00Z,MR-06,Home Quarter,applying,61.7,0.80,90
2026-06-16T02:45:00Z,MR-01,North 40,applying,54.7,0.76,98
2026-06-16T02:45:00Z,MR-02,Creekside,charging,70.7,0.00,0
2026-06-16T02:45:00Z,MR-03,Creekside,fault,45.1,0.00,0
2026-06-16T02:45:00Z,MR-04,Creekside,applying,26.7,1.35,88
2026-06-16T02:45:00Z,MR-05,Home Quarter,applying,28.4,0.96,90
2026-06-16T02:45:00Z,MR-06,Home Quarter,applying,61.0,0.84,81
2026-06-16T02:50:00Z,MR-01,North 40,applying,54.1,0.85,82
2026-06-16T02:50:00Z,MR-02,Creekside,charging,73.4,0.00,0
2026-06-16T02:50:00Z,MR-03,Creekside,driving,44.6,0.00,191
2026-06-16T02:50:00Z,MR-04,Creekside,applying,26.2,1.03,86
2026-06-16T02:50:00Z,MR-05,Home Quarter,applying,27.7,1.09,86
2026-06-16T02:50:00Z,MR-06,Home Quarter,applying,60.5,0.74,96
2026-06-16T02:55:00Z,MR-01,North 40,driving,53.8,0.00,200
2026-06-16T02:55:00Z,MR-02,Creekside,charging,76.2,0.00,0
2026-06-16T02:55:00Z,MR-03,Creekside,applying,44.1,0.79,96
2026-06-16T02:55:00Z,MR-04,Creekside,applying,25.6,1.06,84
2026-06-16T02:55:00Z,MR-05,Home Quarter,applying,27.2,1.01,84
2026-06-16T02:55:00Z,MR-06,Home Quarter,applying,59.8,1.02,97
2026-06-16T03:00:00Z,MR-01,North 40,applying,53.3,1.05,98
2026-06-16T03:00:00Z,MR-02,Creekside,charging,78.7,0.00,0
2026-06-16T03:00:00Z,MR-03,Creekside,applying,43.5,0.82,84
2026-06-16T03:00:00Z,MR-04,Creekside,driving,25.2,0.00,175
2026-06-16T03:00:00Z,MR-05,Home Quarter,applying,26.7,0.80,96
2026-06-16T03:00:00Z,MR-06,Home Quarter,applying,59.1,0.83,93
2026-06-16T03:05:00Z,MR-01,North 40,applying,52.6,1.00,83
2026-06-16T03:05:00Z,MR-02,Creekside,charging,81.4,0.00,0
2026-06-16T03:05:00Z,MR-03,Creekside,applying,42.9,1.01,85
2026-06-16T03:05:00Z,MR-04,Creekside,applying,24.6,1.32,94
2026-06-16T03:05:00Z,MR-05,Home Quarter,driving,26.3,0.00,169
2026-06-16T03:05:00Z,MR-06,Home Quarter,applying,58.5,0.90,92
2026-06-16T03:10:00Z,MR-01,North 40,applying,52.1,0.85,98
2026-06-16T03:10:00Z,MR-02,Creekside,charging,83.9,0.00,0
2026-06-16T03:10:00Z,MR-03,Creekside,applying,42.3,0.71,87
2026-06-16T03:10:00Z,MR-04,Creekside,applying,24.0,1.07,91
2026-06-16T03:10:00Z,MR-05,Home Quarter,driving,25.8,0.00,155
2026-06-16T03:10:00Z,MR-06,Home Quarter,applying,58.0,1.03,94
2026-06-16T03:15:00Z,MR-01,North 40,driving,51.7,0.00,204
2026-06-16T03:15:00Z,MR-02,Creekside,charging,86.9,0.00,0
2026-06-16T03:15:00Z,MR-03,Creekside,applying,41.8,0.85,81
2026-06-16T03:15:00Z,MR-04,Creekside,applying,23.4,0.92,99
2026-06-16T03:15:00Z,MR-05,Home Quarter,applying,25.2,0.93,90
2026-06-16T03:15:00Z,MR-06,Home Quarter,applying,57.3,0.89,95
2026-06-16T03:20:00Z,MR-01,North 40,applying,51.0,1.01,88
2026-06-16T03:20:00Z,MR-02,Creekside,charging,89.8,0.00,0
2026-06-16T03:20:00Z,MR-03,Creekside,applying,41.2,0.72,94
2026-06-16T03:20:00Z,MR-04,Creekside,applying,22.7,1.20,99
2026-06-16T03:20:00Z,MR-05,Home Quarter,applying,24.7,1.17,86
2026-06-16T03:20:00Z,MR-06,Home Quarter,driving,57.0,0.00,183
2026-06-16T03:25:00Z,MR-01,North 40,applying,50.4,0.92,82
2026-06-16T03:25:00Z,MR-02,Creekside,charging,92.7,0.00,0
2026-06-16T03:25:00Z,MR-03,Creekside,applying,40.5,0.79,88
2026-06-16T03:25:00Z,MR-04,Creekside,applying,22.1,1.15,87
2026-06-16T03:25:00Z,MR-05,Home Quarter,applying,24.1,0.96,84
2026-06-16T03:25:00Z,MR-06,Home Quarter,applying,56.4,0.82,85
2026-06-16T03:30:00Z,MR-01,North 40,applying,49.9,1.07,85
2026-06-16T03:30:00Z,MR-02,Creekside,applying,92.2,0.95,86
2026-06-16T03:30:00Z,MR-03,Creekside,applying,39.9,0.71,81
2026-06-16T03:30:00Z,MR-04,Creekside,applying,21.6,1.35,89
2026-06-16T03:30:00Z,MR-05,Home Quarter,applying,23.5,0.83,88
2026-06-16T03:30:00Z,MR-06,Home Quarter,applying,55.8,1.05,87
2026-06-16T03:35:00Z,MR-01,North 40,applying,49.3,0.78,97
2026-06-16T03:35:00Z,MR-02,Creekside,applying,91.6,0.99,87
2026-06-16T03:35:00Z,MR-03,Creekside,applying,39.3,0.78,88
2026-06-16T03:35:00Z,MR-04,Creekside,driving,21.2,0.00,151
2026-06-16T03:35:00Z,MR-05,Home Quarter,applying,22.9,0.84,99
2026-06-16T03:35:00Z,MR-06,Home Quarter,applying,55.2,0.80,81
2026-06-16T03:40:00Z,MR-01,North 40,applying,48.7,0.75,93
2026-06-16T03:40:00Z,MR-02,Creekside,applying,91.1,0.98,87
2026-06-16T03:40:00Z,MR-03,Creekside,driving,38.8,0.00,205
2026-06-16T03:40:00Z,MR-04,Creekside,driving,20.7,0.00,175
2026-06-16T03:40:00Z,MR-05,Home Quarter,applying,22.4,1.16,86
2026-06-16T03:40:00Z,MR-06,Home Quarter,applying,54.6,0.95,97
2026-06-16T03:45:00Z,MR-01,North 40,applying,48.1,0.91,91
2026-06-16T03:45:00Z,MR-02,Creekside,applying,90.5,1.00,81
2026-06-16T03:45:00Z,MR-03,Creekside,applying,38.1,0.76,90
2026-06-16T03:45:00Z,MR-04,Creekside,applying,20.2,1.17,88
2026-06-16T03:45:00Z,MR-05,Home Quarter,applying,21.8,0.85,93
2026-06-16T03:45:00Z,MR-06,Home Quarter,driving,54.2,0.00,167
2026-06-16T03:50:00Z,MR-01,North 40,applying,47.5,0.82,81
2026-06-16T03:50:00Z,MR-02,Creekside,applying,89.9,0.91,87
2026-06-16T03:50:00Z,MR-03,Creekside,applying,37.5,0.99,80
2026-06-16T03:50:00Z,MR-04,Creekside,applying,19.5,0.99,99
2026-06-16T03:50:00Z,MR-05,Home Quarter,applying,21.2,1.08,95
2026-06-16T03:50:00Z,MR-06,Home Quarter,applying,53.5,0.76,87
2026-06-16T03:55:00Z,MR-01,North 40,applying,46.8,0.91,86
2026-06-16T03:55:00Z,MR-02,Creekside,applying,89.3,0.97,87
2026-06-16T03:55:00Z,MR-03,Creekside,applying,37.0,0.92,91
2026-06-16T03:55:00Z,MR-04,Creekside,charging,21.9,0.00,0
2026-06-16T03:55:00Z,MR-05,Home Quarter,applying,20.5,1.10,82
2026-06-16T03:55:00Z,MR-06,Home Quarter,applying,52.8,0.87,91
2026-06-16T04:00:00Z,MR-01,North 40,applying,46.3,0.91,97
2026-06-16T04:00:00Z,MR-02,Creekside,idle,89.3,0.00,0
2026-06-16T04:00:00Z,MR-03,Creekside,applying,36.4,0.97,96
2026-06-16T04:00:00Z,MR-04,Creekside,charging,23.9,0.00,0
2026-06-16T04:00:00Z,MR-05,Home Quarter,applying,19.9,1.08,93
2026-06-16T04:00:00Z,MR-06,Home Quarter,applying,52.2,0.91,93
2026-06-16T04:05:00Z,MR-01,North 40,applying,45.6,0.77,97
2026-06-16T04:05:00Z,MR-02,Creekside,idle,89.3,0.00,0
2026-06-16T04:05:00Z,MR-03,Creekside,applying,35.9,0.76,95
2026-06-16T04:05:00Z,MR-04,Creekside,charging,26.0,0.00,0
2026-06-16T04:05:00Z,MR-05,Home Quarter,charging,22.3,0.00,0
2026-06-16T04:05:00Z,MR-06,Home Quarter,applying,51.6,0.92,99
2026-06-16T04:10:00Z,MR-01,North 40,applying,45.1,1.07,86
2026-06-16T04:10:00Z,MR-02,Creekside,idle,89.2,0.00,0
2026-06-16T04:10:00Z,MR-03,Creekside,applying,35.2,0.92,87
2026-06-16T04:10:00Z,MR-04,Creekside,charging,28.0,0.00,0
2026-06-16T04:10:00Z,MR-05,Home Quarter,charging,24.6,0.00,0
2026-06-16T04:10:00Z,MR-06,Home Quarter,applying,51.1,0.96,100
2026-06-16T04:15:00Z,MR-01,North 40,applying,44.6,0.89,81
2026-06-16T04:15:00Z,MR-02,Creekside,idle,89.2,0.00,0
2026-06-16T04:15:00Z,MR-03,Creekside,driving,34.8,0.00,196
2026-06-16T04:15:00Z,MR-04,Creekside,charging,30.0,0.00,0
2026-06-16T04:15:00Z,MR-05,Home Quarter,charging,27.4,0.00,0
2026-06-16T04:15:00Z,MR-06,Home Quarter,driving,50.6,0.00,179
2026-06-16T04:20:00Z,MR-01,North 40,applying,43.9,0.90,95
2026-06-16T04:20:00Z,MR-02,Creekside,idle,89.2,0.00,0
2026-06-16T04:20:00Z,MR-03,Creekside,applying,34.2,0.97,87
2026-06-16T04:20:00Z,MR-04,Creekside,charging,32.3,0.00,0
2026-06-16T04:20:00Z,MR-05,Home Quarter,charging,29.8,0.00,0
2026-06-16T04:20:00Z,MR-06,Home Quarter,applying,50.0,0.98,94
2026-06-16T04:25:00Z,MR-01,North 40,applying,43.2,0.94,84
2026-06-16T04:25:00Z,MR-02,Creekside,idle,89.2,0.00,0
2026-06-16T04:25:00Z,MR-03,Creekside,applying,33.5,0.92,86
2026-06-16T04:25:00Z,MR-04,Creekside,charging,34.3,0.00,0
2026-06-16T04:25:00Z,MR-05,Home Quarter,charging,32.3,0.00,0
2026-06-16T04:25:00Z,MR-06,Home Quarter,applying,49.3,1.04,86
2026-06-16T04:30:00Z,MR-01,North 40,driving,42.8,0.00,207
2026-06-16T04:30:00Z,MR-02,Creekside,idle,89.2,0.00,0
2026-06-16T04:30:00Z,MR-03,Creekside,applying,33.0,0.87,85
2026-06-16T04:30:00Z,MR-04,Creekside,charging,36.5,0.00,0
2026-06-16T04:30:00Z,MR-05,Home Quarter,charging,35.1,0.00,0
2026-06-16T04:30:00Z,MR-06,Home Quarter,applying,48.8,0.76,90
2026-06-16T04:35:00Z,MR-01,North 40,driving,42.3,0.00,153
2026-06-16T04:35:00Z,MR-02,Creekside,idle,89.1,0.00,0
2026-06-16T04:35:00Z,MR-03,Creekside,applying,32.4,0.91,89
2026-06-16T04:35:00Z,MR-04,Creekside,charging,38.8,0.00,0
2026-06-16T04:35:00Z,MR-05,Home Quarter,charging,37.6,0.00,0
2026-06-16T04:35:00Z,MR-06,Home Quarter,applying,48.2,0.71,84
2026-06-16T04:40:00Z,MR-01,North 40,applying,41.7,1.06,99
2026-06-16T04:40:00Z,MR-02,Creekside,idle,89.1,0.00,0
2026-06-16T04:40:00Z,MR-03,Creekside,applying,31.8,0.89,90
2026-06-16T04:40:00Z,MR-04,Creekside,charging,40.9,0.00,0
2026-06-16T04:40:00Z,MR-05,Home Quarter,charging,39.9,0.00,0
2026-06-16T04:40:00Z,MR-06,Home Quarter,applying,47.5,1.02,97
2026-06-16T04:45:00Z,MR-01,North 40,driving,41.2,0.00,156
2026-06-16T04:45:00Z,MR-02,Creekside,idle,89.1,0.00,0
2026-06-16T04:45:00Z,MR-03,Creekside,driving,31.5,0.00,182
2026-06-16T04:45:00Z,MR-04,Creekside,charging,43.2,0.00,0
2026-06-16T04:45:00Z,MR-05,Home Quarter,charging,42.7,0.00,0
2026-06-16T04:45:00Z,MR-06,Home Quarter,applying,47.0,0.74,86
2026-06-16T04:50:00Z,MR-01,North 40,applying,40.6,1.05,88
2026-06-16T04:50:00Z,MR-02,Creekside,idle,89.1,0.00,0
2026-06-16T04:50:00Z,MR-03,Creekside,driving,31.1,0.00,199
2026-06-16T04:50:00Z,MR-04,Creekside,charging,45.3,0.00,0
2026-06-16T04:50:00Z,MR-05,Home Quarter,charging,45.2,0.00,0
2026-06-16T04:50:00Z,MR-06,Home Quarter,applying,46.4,0.77,96
2026-06-16T04:55:00Z,MR-01,North 40,applying,40.0,0.95,94
2026-06-16T04:55:00Z,MR-02,Creekside,idle,89.1,0.00,0
2026-06-16T04:55:00Z,MR-03,Creekside,applying,30.5,0.84,94
2026-06-16T04:55:00Z,MR-04,Creekside,charging,47.5,0.00,0
2026-06-16T04:55:00Z,MR-05,Home Quarter,charging,48.0,0.00,0
2026-06-16T04:55:00Z,MR-06,Home Quarter,driving,46.1,0.00,172
2026-06-16T05:00:00Z,MR-01,North 40,idle,39.9,0.00,0
2026-06-16T05:00:00Z,MR-02,Creekside,idle,89.0,0.00,0
2026-06-16T05:00:00Z,MR-03,Creekside,idle,30.5,0.00,0
2026-06-16T05:00:00Z,MR-04,Creekside,charging,49.5,0.00,0
2026-06-16T05:00:00Z,MR-05,Home Quarter,charging,50.7,0.00,0
2026-06-16T05:00:00Z,MR-06,Home Quarter,applying,45.4,0.75,82
2026-06-16T05:05:00Z,MR-01,North 40,idle,39.9,0.00,0
2026-06-16T05:05:00Z,MR-02,Creekside,idle,89.0,0.00,0
2026-06-16T05:05:00Z,MR-03,Creekside,idle,30.5,0.00,0
2026-06-16T05:05:00Z,MR-04,Creekside,charging,51.6,0.00,0
2026-06-16T05:05:00Z,MR-05,Home Quarter,charging,53.5,0.00,0
2026-06-16T05:05:00Z,MR-06,Home Quarter,applying,44.7,0.89,85
2026-06-16T05:10:00Z,MR-01,North 40,idle,39.9,0.00,0
2026-06-16T05:10:00Z,MR-02,Creekside,idle,89.0,0.00,
2026-06-16T05:10:00Z,MR-03,Creekside,idle,30.4,0.00,0
2026-06-16T05:10:00Z,MR-04,Creekside,charging,53.9,0.00,0
2026-06-16T05:10:00Z,MR-05,Home Quarter,charging,56.3,0.00,0
2026-06-16T05:10:00Z,MR-06,Home Quarter,applying,44.2,0.90,94
2026-06-16T05:15:00Z,MR-01,North 40,idle,39.9,0.00,0
2026-06-16T05:15:00Z,MR-02,Creekside,idle,89.0,0.00,0
2026-06-16T05:15:00Z,MR-03,Creekside,idle,30.4,0.00,0
2026-06-16T05:15:00Z,MR-04,Creekside,charging,56.3,0.00,0
2026-06-16T05:15:00Z,MR-05,Home Quarter,charging,58.7,0.00,0
2026-06-16T05:15:00Z,MR-06,Home Quarter,applying,43.5,0.77,93
2026-06-16T05:20:00Z,MR-01,North 40,idle,39.9,0.00,0
2026-06-16T05:20:00Z,MR-02,Creekside,idle,89.0,0.00,0
2026-06-16T05:20:00Z,MR-03,Creekside,idle,30.4,0.00,0
2026-06-16T05:20:00Z,MR-04,Creekside,charging,58.5,0.00,0
2026-06-16T05:20:00Z,MR-05,Home Quarter,charging,61.2,0.00,0
2026-06-16T05:20:00Z,MR-06,Home Quarter,applying,43.0,0.71,86
2026-06-16T05:25:00Z,MR-01,North 40,idle,39.8,0.00,0
2026-06-16T05:25:00Z,MR-02,Creekside,idle,88.9,0.00,0
2026-06-16T05:25:00Z,MR-03,Creekside,idle,30.4,0.00,0
2026-06-16T05:25:00Z,MR-04,Creekside,charging,60.6,0.00,0
2026-06-16T05:25:00Z,MR-05,Home Quarter,charging,64.1,0.00,0
2026-06-16T05:25:00Z,MR-06,Home Quarter,applying,42.3,0.92,81
2026-06-16T05:30:00Z,MR-01,North 40,idle,39.8,0.00,0
2026-06-16T05:30:00Z,MR-02,Creekside,idle,88.9,0.00,0
2026-06-16T05:30:00Z,MR-03,Creekside,idle,30.4,0.00,0
2026-06-16T05:30:00Z,MR-04,Creekside,charging,62.7,0.00,0
2026-06-16T05:30:00Z,MR-05,Home Quarter,charging,66.6,0.00,0
2026-06-16T05:30:00Z,MR-06,Home Quarter,driving,42.0,0.00,191
2026-06-16T05:35:00Z,MR-01,North 40,idle,39.8,0.00,0
2026-06-16T05:35:00Z,MR-02,Creekside,idle,88.9,0.00,0
2026-06-16T05:35:00Z,MR-03,Creekside,idle,30.3,0.00,0
2026-06-16T05:35:00Z,MR-04,Creekside,charging,64.6,0.00,0
2026-06-16T05:35:00Z,MR-05,Home Quarter,charging,69.3,0.00,0
2026-06-16T05:35:00Z,MR-06,Home Quarter,applying,41.4,1.04,85
2026-06-16T05:40:00Z,MR-01,North 40,idle,39.8,0.00,0
2026-06-16T05:40:00Z,MR-02,Creekside,idle,88.9,0.00,0
2026-06-16T05:40:00Z,MR-03,Creekside,idle,30.3,0.00,0
2026-06-16T05:40:00Z,MR-04,Creekside,charging,66.9,0.00,0
2026-06-16T05:40:00Z,MR-05,Home Quarter,charging,71.6,0.00,0
2026-06-16T05:40:00Z,MR-06,Home Quarter,applying,40.7,0.87,80
2026-06-16T05:45:00Z,MR-01,North 40,idle,39.8,0.00,0
2026-06-16T05:45:00Z,MR-02,Creekside,idle,88.9,0.00,0
2026-06-16T05:45:00Z,MR-03,Creekside,idle,30.3,0.00,0
2026-06-16T05:45:00Z,MR-04,Creekside,charging,69.1,0.00,0
2026-06-16T05:45:00Z,MR-05,Home Quarter,charging,74.4,0.00,0
2026-06-16T05:45:00Z,MR-06,Home Quarter,applying,40.0,0.97,88
2026-06-16T05:50:00Z,MR-01,North 40,idle,39.7,0.00,0
2026-06-16T05:50:00Z,MR-02,Creekside,idle,88.8,0.00,0
2026-06-16T05:50:00Z,MR-03,Creekside,idle,30.3,0.00,0
2026-06-16T05:50:00Z,MR-04,Creekside,charging,71.3,0.00,0
2026-06-16T05:50:00Z,MR-05,Home Quarter,charging,76.8,0.00,0
2026-06-16T05:50:00Z,MR-06,Home Quarter,applying,39.5,0.96,93
2026-06-16T05:55:00Z,MR-01,North 40,idle,39.7,0.00,0
2026-06-16T05:55:00Z,MR-02,Creekside,idle,88.8,0.00,0
2026-06-16T05:55:00Z,MR-03,Creekside,idle,30.3,0.00,0
2026-06-16T05:55:00Z,MR-04,Creekside,charging,73.2,0.00,0
2026-06-16T05:55:00Z,MR-05,Home Quarter,charging,79.4,0.00,0
2026-06-16T05:55:00Z,MR-06,Home Quarter,driving,39.0,0.00,205
2026-06-16T06:00:00Z,MR-01,North 40,idle,39.7,0.00,0
2026-06-16T06:00:00Z,MR-02,Creekside,idle,88.8,0.00,0
2026-06-16T06:00:00Z,MR-03,Creekside,idle,30.2,0.00,0
2026-06-16T06:00:00Z,MR-04,Creekside,charging,75.3,0.00,0
2026-06-16T06:00:00Z,MR-05,Home Quarter,charging,82.1,0.00,0
2026-06-16T06:00:00Z,MR-06,Home Quarter,idle,39.0,0.00,0
2026-06-16T06:05:00Z,MR-01,North 40,idle,39.7,0.00,0
2026-06-16T06:05:00Z,MR-02,Creekside,idle,88.8,0.00,0
2026-06-16T06:05:00Z,MR-03,Creekside,idle,30.2,0.00,0
2026-06-16T06:05:00Z,MR-04,Creekside,charging,77.4,0.00,0
2026-06-16T06:05:00Z,MR-05,Home Quarter,charging,84.9,0.00,0
2026-06-16T06:05:00Z,MR-06,Home Quarter,idle,39.0,0.00,0
2026-06-16T06:10:00Z,MR-01,North 40,idle,39.7,0.00,0
2026-06-16T06:10:00Z,MR-02,Creekside,idle,88.8,0.00,0
2026-06-16T06:10:00Z,MR-03,Creekside,idle,30.2,0.00,0
2026-06-16T06:10:00Z,MR-04,Creekside,charging,79.4,0.00,0
2026-06-16T06:10:00Z,MR-05,Home Quarter,charging,87.3,0.00,0
2026-06-16T06:10:00Z,MR-06,Home Quarter,idle,38.9,0.00,0
2026-06-16T06:15:00Z,MR-01,North 40,idle,39.6,0.00,0
2026-06-16T06:15:00Z,MR-02,Creekside,idle,88.7,0.00,0
2026-06-16T06:15:00Z,MR-03,Creekside,idle,30.2,0.00,0
2026-06-16T06:15:00Z,MR-04,Creekside,charging,81.6,0.00,0
2026-06-16T06:15:00Z,MR-05,Home Quarter,charging,90.0,0.00,0
2026-06-16T06:15:00Z,MR-06,Home Quarter,idle,38.9,0.00,0
2026-06-16T06:20:00Z,MR-01,North 40,idle,39.6,0.00,0
2026-06-16T06:20:00Z,MR-02,Creekside,idle,88.7,0.00,0
2026-06-16T06:20:00Z,MR-03,Creekside,idle,30.2,0.00,0
2026-06-16T06:20:00Z,MR-04,Creekside,charging,83.8,0.00,0
2026-06-16T06:20:00Z,MR-05,Home Quarter,charging,92.7,0.00,0
2026-06-16T06:20:00Z,MR-06,Home Quarter,idle,38.9,0.00,0
2026-06-16T06:25:00Z,MR-01,North 40,idle,39.6,0.00,0
2026-06-16T06:25:00Z,MR-02,Creekside,idle,88.7,0.00,0
2026-06-16T06:25:00Z,MR-03,Creekside,idle,30.1,0.00,0
2026-06-16T06:25:00Z,MR-04,Creekside,charging,86.0,0.00,0
2026-06-16T06:25:00Z,MR-05,Home Quarter,idle,92.7,0.00,0
2026-06-16T06:25:00Z,MR-06,Home Quarter,idle,38.9,0.00,0
2026-06-16T06:30:00Z,MR-01,North 40,idle,39.6,0.00,0
2026-06-16T06:30:00Z,MR-02,Creekside,idle,88.7,0.00,0
2026-06-16T06:30:00Z,MR-03,Creekside,idle,30.1,0.00,0
2026-06-16T06:30:00Z,MR-04,Creekside,charging,88.3,0.00,0
2026-06-16T06:30:00Z,MR-05,Home Quarter,idle,92.7,0.00,0
2026-06-16T06:30:00Z,MR-06,Home Quarter,idle,38.9,0.00,0
2026-06-16T06:35:00Z,MR-01,North 40,idle,39.6,0.00,0
2026-06-16T06:35:00Z,MR-02,Creekside,idle,88.7,0.00,0
2026-06-16T06:35:00Z,MR-03,Creekside,idle,30.1,0.00,0
2026-06-16T06:35:00Z,MR-04,Creekside,charging,90.2,0.00,0
2026-06-16T06:35:00Z,MR-05,Home Quarter,idle,92.7,0.00,0
2026-06-16T06:35:00Z,MR-06,Home Quarter,idle,38.8,0.00,0
2026-06-16T06:40:00Z,MR-01,North 40,idle,39.5,0.00,0
2026-06-16T06:40:00Z,MR-02,Creekside,idle,88.6,0.00,0
2026-06-16T06:40:00Z,MR-03,Creekside,idle,30.1,0.00,0
2026-06-16T06:40:00Z,MR-04,Creekside,charging,92.5,0.00,0
2026-06-16T06:40:00Z,MR-05,Home Quarter,idle,92.6,0.00,0
2026-06-16T06:40:00Z,MR-06,Home Quarter,idle,38.8,0.00,0
2026-06-16T06:45:00Z,MR-01,North 40,idle,39.5,0.00,0
2026-06-16T06:45:00Z,MR-02,Creekside,idle,88.6,0.00,0
2026-06-16T06:45:00Z,MR-03,Creekside,idle,30.1,0.00,0
2026-06-16T06:45:00Z,MR-04,Creekside,idle,92.4,0.00,0
2026-06-16T06:45:00Z,MR-05,Home Quarter,idle,92.6,0.00,0
2026-06-16T06:45:00Z,MR-06,Home Quarter,idle,38.8,0.00,0
2026-06-16T06:50:00Z,MR-01,North 40,idle,39.5,0.00,0
2026-06-16T06:50:00Z,MR-02,Creekside,idle,88.6,0.00,0
2026-06-16T06:50:00Z,MR-03,Creekside,idle,30.0,0.00,0
2026-06-16T06:50:00Z,MR-04,Creekside,idle,92.4,0.00,0
2026-06-16T06:50:00Z,MR-05,Home Quarter,idle,92.6,0.00,
2026-06-16T06:50:00Z,MR-06,Home Quarter,idle,38.8,0.00,0
2026-06-16T06:55:00Z,MR-01,North 40,idle,39.5,0.00,0
2026-06-16T06:55:00Z,MR-02,Creekside,idle,88.6,0.00,0
2026-06-16T06:55:00Z,MR-03,Creekside,idle,30.0,0.00,0
2026-06-16T06:55:00Z,MR-04,Creekside,idle,92.4,0.00,0
2026-06-16T06:55:00Z,MR-05,Home Quarter,idle,92.6,0.00,0
2026-06-16T06:55:00Z,MR-06,Home Quarter,idle,38.8,0.00,0
2026-06-16T07:00:00Z,MR-01,North 40,idle,39.5,0.00,0
2026-06-16T07:00:00Z,MR-02,Creekside,applying,88.0,0.85,89
2026-06-16T07:00:00Z,MR-03,Creekside,idle,30.0,0.00,0
2026-06-16T07:00:00Z,MR-04,Creekside,idle,92.4,0.00,0
2026-06-16T07:00:00Z,MR-05,Home Quarter,idle,92.6,0.00,0
2026-06-16T07:00:00Z,MR-06,Home Quarter,idle,38.7,0.00,0
2026-06-16T07:05:00Z,MR-01,North 40,idle,39.4,0.00,0
2026-06-16T07:05:00Z,MR-02,Creekside,applying,87.3,0.91,92
2026-06-16T07:05:00Z,MR-03,Creekside,idle,30.0,0.00,0
2026-06-16T07:05:00Z,MR-04,Creekside,idle,92.4,0.00,0
2026-06-16T07:05:00Z,MR-05,Home Quarter,idle,92.5,0.00,0
2026-06-16T07:05:00Z,MR-06,Home Quarter,idle,38.7,0.00,0
2026-06-16T07:10:00Z,MR-01,North 40,idle,39.4,0.00,0
2026-06-16T07:10:00Z,MR-02,Creekside,applying,86.6,0.94,99
2026-06-16T07:10:00Z,MR-03,Creekside,idle,30.0,0.00,0
2026-06-16T07:10:00Z,MR-04,Creekside,idle,92.3,0.00,0
2026-06-16T07:10:00Z,MR-05,Home Quarter,idle,92.5,0.00,0
2026-06-16T07:10:00Z,MR-06,Home Quarter,idle,38.7,0.00,0
2026-06-16T07:15:00Z,MR-01,North 40,idle,39.4,0.00,0
2026-06-16T07:15:00Z,MR-02,Creekside,applying,86.0,1.08,93
2026-06-16T07:15:00Z,MR-03,Creekside,idle,29.9,0.00,0
2026-06-16T07:15:00Z,MR-04,Creekside,idle,92.3,0.00,0
2026-06-16T07:15:00Z,MR-05,Home Quarter,idle,92.5,0.00,0
2026-06-16T07:15:00Z,MR-06,Home Quarter,idle,38.7,0.00,0
2026-06-16T07:20:00Z,MR-01,North 40,idle,39.4,0.00,0
2026-06-16T07:20:00Z,MR-02,Creekside,driving,85.6,0.00,152
2026-06-16T07:20:00Z,MR-03,Creekside,idle,29.9,0.00,0
2026-06-16T07:20:00Z,MR-04,Creekside,idle,92.3,0.00,0
2026-06-16T07:20:00Z,MR-05,Home Quarter,idle,92.5,0.00,0
2026-06-16T07:20:00Z,MR-06,Home Quarter,idle,38.7,0.00,0
2026-06-16T07:25:00Z,MR-01,North 40,idle,39.4,0.00,0
2026-06-16T07:25:00Z,MR-02,Creekside,driving,85.2,0.00,183
2026-06-16T07:25:00Z,MR-03,Creekside,idle,29.9,0.00,0
2026-06-16T07:25:00Z,MR-04,Creekside,idle,92.3,0.00,0
2026-06-16T07:25:00Z,MR-05,Home Quarter,idle,92.5,0.00,0
2026-06-16T07:25:00Z,MR-06,Home Quarter,idle,38.6,0.00,0
2026-06-16T07:30:00Z,MR-01,North 40,idle,39.3,0.00,0
2026-06-16T07:30:00Z,MR-02,Creekside,driving,84.8,0.00,195
2026-06-16T07:30:00Z,MR-03,Creekside,idle,29.9,0.00,0
2026-06-16T07:30:00Z,MR-04,Creekside,idle,92.3,0.00,0
2026-06-16T07:30:00Z,MR-05,Home Quarter,idle,92.4,0.00,0
2026-06-16T07:30:00Z,MR-06,Home Quarter,idle,38.6,0.00,0
2026-06-16T07:35:00Z,MR-01,North 40,idle,39.3,0.00,0
2026-06-16T07:35:00Z,MR-02,Creekside,applying,84.1,1.01,84
2026-06-16T07:35:00Z,MR-03,Creekside,idle,29.9,0.00,0
2026-06-16T07:35:00Z,MR-04,Creekside,idle,92.2,0.00,0
2026-06-16T07:35:00Z,MR-05,Home Quarter,idle,92.4,0.00,0
2026-06-16T07:35:00Z,MR-06,Home Quarter,idle,38.6,0.00,0
2026-06-16T07:40:00Z,MR-01,North 40,idle,39.3,0.00,0
2026-06-16T07:40:00Z,MR-02,Creekside,applying,83.5,0.83,82
2026-06-16T07:40:00Z,MR-03,Creekside,idle,29.8,0.00,0
2026-06-16T07:40:00Z,MR-04,Creekside,idle,92.2,0.00,0
2026-06-16T07:40:00Z,MR-05,Home Quarter,idle,92.4,0.00,0
2026-06-16T07:40:00Z,MR-06,Home Quarter,idle,38.6,0.00,0
2026-06-16T07:45:00Z,MR-01,North 40,idle,39.3,0.00,0
2026-06-16T07:45:00Z,MR-02,Creekside,applying,83.0,0.82,82
2026-06-16T07:45:00Z,MR-03,Creekside,idle,29.8,0.00,0
2026-06-16T07:45:00Z,MR-04,Creekside,idle,92.2,0.00,0
2026-06-16T07:45:00Z,MR-05,Home Quarter,idle,92.4,0.00,0
2026-06-16T07:45:00Z,MR-06,Home Quarter,idle,38.6,0.00,0
2026-06-16T07:50:00Z,MR-01,North 40,idle,39.3,0.00,0
2026-06-16T07:50:00Z,MR-02,Creekside,applying,82.3,1.08,96
2026-06-16T07:50:00Z,MR-03,Creekside,idle,29.8,0.00,0
2026-06-16T07:50:00Z,MR-04,Creekside,idle,92.2,0.00,0
2026-06-16T07:50:00Z,MR-05,Home Quarter,idle,92.4,0.00,0
2026-06-16T07:50:00Z,MR-06,Home Quarter,idle,38.5,0.00,0
2026-06-16T07:55:00Z,MR-01,North 40,idle,39.2,0.00,0
2026-06-16T07:55:00Z,MR-02,Creekside,applying,81.7,0.90,88
2026-06-16T07:55:00Z,MR-03,Creekside,idle,29.8,0.00,0
2026-06-16T07:55:00Z,MR-04,Creekside,idle,92.2,0.00,0
2026-06-16T07:55:00Z,MR-05,Home Quarter,idle,92.3,0.00,0
2026-06-16T07:55:00Z,MR-06,Home Quarter,idle,38.5,0.00,0
2026-06-16T08:00:00Z,MR-01,North 40,applying,38.6,0.84,85
2026-06-16T08:00:00Z,MR-02,Creekside,applying,81.0,0.82,93
2026-06-16T08:00:00Z,MR-03,Creekside,applying,29.2,0.76,85
2026-06-16T08:00:00Z,MR-04,Creekside,applying,91.5,1.34,85
2026-06-16T08:00:00Z,MR-05,Home Quarter,driving,91.9,0.00,151
2026-06-16T08:00:00Z,MR-06,Home Quarter,idle,38.5,0.00,0
2026-06-16T08:05:00Z,MR-01,North 40,applying,38.1,0.97,94
2026-06-16T08:05:00Z,MR-02,Creekside,applying,80.5,0.80,94
2026-06-16T08:05:00Z,MR-03,Creekside,applying,28.7,0.98,95
2026-06-16T08:05:00Z,MR-04,Creekside,applying,90.9,1.24,98
2026-06-16T08:05:00Z,MR-05,Home Quarter,applying,91.2,1.14,95
2026-06-16T08:05:00Z,MR-06,Home Quarter,idle,38.5,0.00,0
2026-06-16T08:10:00Z,MR-01,North 40,applying,37.5,0.75,82
2026-06-16T08:10:00Z,MR-02,Creekside,applying,80.0,0.94,95
2026-06-16T08:10:00Z,MR-03,Creekside,applying,28.0,1.01,91
2026-06-16T08:10:00Z,MR-04,Creekside,applying,90.3,1.36,91
2026-06-16T08:10:00Z,MR-05,Home Quarter,applying,90.7,1.10,93
2026-06-16T08:10:00Z,MR-06,Home Quarter,idle,38.5,0.00,0
2026-06-16T08:15:00Z,MR-01,North 40,applying,36.9,0.99,99
2026-06-16T08:15:00Z,MR-02,Creekside,applying,79.3,1.05,85
2026-06-16T08:15:00Z,MR-03,Creekside,applying,27.4,1.01,100
2026-06-16T08:15:00Z,MR-04,Creekside,driving,89.9,0.00,156
2026-06-16T08:15:00Z,MR-05,Home Quarter,applying,90.1,1.16,82
2026-06-16T08:15:00Z,MR-06,Home Quarter,idle,38.4,0.00,0
2026-06-16T08:20:00Z,MR-01,North 40,applying,36.3,1.07,91
2026-06-16T08:20:00Z,MR-02,Creekside,applying,78.7,1.06,97
2026-06-16T08:20:00Z,MR-03,Creekside,applying,26.8,0.96,91
2026-06-16T08:20:00Z,MR-04,Creekside,applying,89.3,1.10,98
2026-06-16T08:20:00Z,MR-05,Home Quarter,applying,89.6,0.87,83
2026-06-16T08:20:00Z,MR-06,Home Quarter,idle,38.4,0.00,0
2026-06-16T08:25:00Z,MR-01,North 40,driving,35.8,0.00,168
2026-06-16T08:25:00Z,MR-02,Creekside,driving,78.3,0.00,162
2026-06-16T08:25:00Z,MR-03,Creekside,applying,26.1,0.83,96
2026-06-16T08:25:00Z,MR-04,Creekside,applying,88.6,1.02,84
2026-06-16T08:25:00Z,MR-05,Home Quarter,applying,89.0,0.86,92
2026-06-16T08:25:00Z,MR-06,Home Quarter,idle,38.4,0.00,0
2026-06-16T08:30:00Z,MR-01,North 40,applying,35.2,0.96,84
2026-06-16T08:30:00Z,MR-02,Creekside,applying,77.7,1.05,88
2026-06-16T08:30:00Z,MR-03,Creekside,applying,25.6,0.68,93
2026-06-16T08:30:00Z,MR-04,Creekside,applying,88.1,1.16,99
2026-06-16T08:30:00Z,MR-05,Home Quarter,applying,88.4,0.88,90
2026-06-16T08:30:00Z,MR-06,Home Quarter,idle,38.4,0.00,0
2026-06-16T08:35:00Z,MR-01,North 40,applying,34.7,0.74,96
2026-06-16T08:35:00Z,MR-02,Creekside,applying,77.2,0.87,98
2026-06-16T08:35:00Z,MR-03,Creekside,applying,24.9,0.90,99
2026-06-16T08:35:00Z,MR-04,Creekside,applying,87.5,1.28,93
2026-06-16T08:35:00Z,MR-05,Home Quarter,applying,87.8,1.19,99
2026-06-16T08:35:00Z,MR-06,Home Quarter,idle,38.4,0.00,0
2026-06-16T08:40:00Z,MR-01,North 40,applying,34.1,0.87,90
2026-06-16T08:40:00Z,MR-02,Creekside,applying,76.6,1.03,87
2026-06-16T08:40:00Z,MR-03,Creekside,applying,24.2,0.87,88
2026-06-16T08:40:00Z,MR-04,Creekside,applying,86.8,1.22,81
2026-06-16T08:40:00Z,MR-05,Home Quarter,applying,87.3,0.92,80
2026-06-16T08:40:00Z,MR-06,Home Quarter,idle,38.3,0.00,0
2026-06-16T08:45:00Z,MR-01,North 40,driving,33.7,0.00,202
2026-06-16T08:45:00Z,MR-02,Creekside,applying,76.0,0.84,97
2026-06-16T08:45:00Z,MR-03,Creekside,applying,23.7,0.97,92
2026-06-16T08:45:00Z,MR-04,Creekside,applying,86.2,1.05,85
2026-06-16T08:45:00Z,MR-05,Home Quarter,applying,86.7,1.18,99
2026-06-16T08:45:00Z,MR-06,Home Quarter,idle,38.3,0.00,0
2026-06-16T08:50:00Z,MR-01,North 40,applying,33.1,0.73,84
2026-06-16T08:50:00Z,MR-02,Creekside,applying,75.3,1.11,87
2026-06-16T08:50:00Z,MR-03,Creekside,applying,23.1,0.73,95
2026-06-16T08:50:00Z,MR-04,Creekside,applying,85.6,1.02,93
2026-06-16T08:50:00Z,MR-05,Home Quarter,driving,86.4,0.00,189
2026-06-16T08:50:00Z,MR-06,Home Quarter,idle,38.3,0.00,0
2026-06-16T08:55:00Z,MR-01,North 40,applying,32.5,0.76,90
2026-06-16T08:55:00Z,MR-02,Creekside,applying,74.7,1.02,95
2026-06-16T08:55:00Z,MR-03,Creekside,applying,22.5,1.01,87
2026-06-16T08:55:00Z,MR-04,Creekside,applying,85.0,1.06,94
2026-06-16T08:55:00Z,MR-05,Home Quarter,applying,85.7,1.10,96
2026-06-16T08:55:00Z,MR-06,Home Quarter,idle,38.3,0.00,0
2026-06-16T09:00:00Z,MR-01,North 40,driving,32.1,0.00,202
2026-06-16T09:00:00Z,MR-02,Creekside,applying,74.0,0.90,96
2026-06-16T09:00:00Z,MR-03,Creekside,applying,21.9,0.88,81
2026-06-16T09:00:00Z,MR-04,Creekside,driving,84.7,0.00,187
2026-06-16T09:00:00Z,MR-05,Home Quarter,applying,85.2,0.85,85
2026-06-16T09:00:00Z,MR-06,Home Quarter,driving,37.9,0.00,175
2026-06-16T09:05:00Z,MR-01,North 40,applying,31.5,0.77,80
2026-06-16T09:05:00Z,MR-02,Creekside,applying,73.4,0.85,90
2026-06-16T09:05:00Z,MR-03,Creekside,applying,21.3,0.87,96
2026-06-16T09:05:00Z,MR-04,Creekside,applying,84.0,1.29,96
2026-06-16T09:05:00Z,MR-05,Home Quarter,applying,84.5,0.83,82
2026-06-16T09:05:00Z,MR-06,Home Quarter,applying,37.3,0.78,91
2026-06-16T09:10:00Z,MR-01,North 40,applying,30.9,0.77,82
2026-06-16T09:10:00Z,MR-02,Creekside,applying,72.8,0.98,94
2026-06-16T09:10:00Z,MR-03,Creekside,applying,20.7,0.73,86
2026-06-16T09:10:00Z,MR-04,Creekside,applying,83.4,1.37,82
2026-06-16T09:10:00Z,MR-05,Home Quarter,applying,83.9,1.10,96
2026-06-16T09:10:00Z,MR-06,Home Quarter,applying,36.6,0.90,86
2026-06-16T09:15:00Z,MR-01,North 40,applying,30.3,0.97,98
2026-06-16T09:15:00Z,MR-02,Creekside,applying,72.2,1.03,90
2026-06-16T09:15:00Z,MR-03,Creekside,applying,20.1,0.93,97
2026-06-16T09:15:00Z,MR-04,Creekside,applying,82.9,1.25,86
2026-06-16T09:15:00Z,MR-05,Home Quarter,driving,83.4,0.00,189
2026-06-16T09:15:00Z,MR-06,Home Quarter,applying,36.1,0.79,86
2026-06-16T09:20:00Z,MR-01,North 40,applying,29.6,0.76,89
2026-06-16T09:20:00Z,MR-02,Creekside,driving,71.8,0.00,208
2026-06-16T09:20:00Z,MR-03,Creekside,applying,19.5,0.97,98
2026-06-16T09:20:00Z,MR-04,Creekside,applying,82.2,1.00,88
2026-06-16T09:20:00Z,MR-05,Home Quarter,applying,82.8,1.09,88
2026-06-16T09:20:00Z,MR-06,Home Quarter,applying,35.5,0.78,85
2026-06-16T09:25:00Z,MR-01,North 40,driving,29.2,0.00,196
2026-06-16T09:25:00Z,MR-02,Creekside,applying,71.1,1.01,80
2026-06-16T09:25:00Z,MR-03,Creekside,charging,22.7,0.00,0
2026-06-16T09:25:00Z,MR-04,Creekside,applying,81.6,0.94,92
2026-06-16T09:25:00Z,MR-05,Home Quarter,driving,82.5,0.00,204
2026-06-16T09:25:00Z,MR-06,Home Quarter,applying,34.8,0.83,93
2026-06-16T09:30:00Z,MR-01,North 40,applying,28.6,0.94,99
2026-06-16T09:30:00Z,MR-02,Creekside,applying,70.5,0.97,80
2026-06-16T09:30:00Z,MR-03,Creekside,charging,25.8,0.00,0
2026-06-16T09:30:00Z,MR-04,Creekside,applying,81.0,1.05,100
2026-06-16T09:30:00Z,MR-05,Home Quarter,applying,81.9,1.11,85
2026-06-16T09:30:00Z,MR-06,Home Quarter,applying,34.2,0.79,94
2026-06-16T09:35:00Z,MR-01,North 40,applying,28.0,0.90,96
2026-06-16T09:35:00Z,MR-02,Creekside,applying,69.9,1.01,83
2026-06-16T09:35:00Z,MR-03,Creekside,charging,28.5,0.00,0
2026-06-16T09:35:00Z,MR-04,Creekside,applying,80.3,1.14,88
2026-06-16T09:35:00Z,MR-05,Home Quarter,applying,81.3,1.13,92
2026-06-16T09:35:00Z,MR-06,Home Quarter,applying,33.6,0.77,91
2026-06-16T09:40:00Z,MR-01,North 40,applying,27.5,1.02,85
2026-06-16T09:40:00Z,MR-02,Creekside,applying,69.2,0.80,96
2026-06-16T09:40:00Z,MR-03,Creekside,charging,31.2,0.00,0
2026-06-16T09:40:00Z,MR-04,Creekside,driving,79.9,0.00,184
2026-06-16T09:40:00Z,MR-05,Home Quarter,applying,80.7,1.05,91
2026-06-16T09:40:00Z,MR-06,Home Quarter,applying,33.0,0.96,99
2026-06-16T09:45:00Z,MR-01,North 40,applying,26.8,1.05,89
2026-06-16T09:45:00Z,MR-02,Creekside,applying,68.6,1.06,96
2026-06-16T09:45:00Z,MR-03,Creekside,charging,34.1,0.00,0
2026-06-16T09:45:00Z,MR-04,Creekside,applying,79.2,1.27,90
2026-06-16T09:45:00Z,MR-05,Home Quarter,applying,80.1,1.03,98
2026-06-16T09:45:00Z,MR-06,Home Quarter,applying,32.5,0.92,
2026-06-16T09:50:00Z,MR-01,North 40,applying,26.2,0.94,88
2026-06-16T09:50:00Z,MR-02,Creekside,applying,68.1,0.77,99
2026-06-16T09:50:00Z,MR-03,Creekside,charging,37.3,0.00,0
2026-06-16T09:50:00Z,MR-04,Creekside,applying,78.5,1.28,89
2026-06-16T09:50:00Z,MR-05,Home Quarter,applying,79.5,0.86,94
2026-06-16T09:50:00Z,MR-06,Home Quarter,applying,31.9,1.00,82
2026-06-16T09:55:00Z,MR-01,North 40,applying,25.6,0.75,88
2026-06-16T09:55:00Z,MR-02,Creekside,applying,67.6,0.78,99
2026-06-16T09:55:00Z,MR-03,Creekside,charging,40.5,0.00,0
2026-06-16T09:55:00Z,MR-04,Creekside,applying,78.0,1.33,99
2026-06-16T09:55:00Z,MR-05,Home Quarter,applying,78.9,1.16,94
2026-06-16T09:55:00Z,MR-06,Home Quarter,driving,31.4,0.00,163
2026-06-16T10:00:00Z,MR-01,North 40,applying,25.0,0.80,83
2026-06-16T10:00:00Z,MR-02,Creekside,driving,67.1,0.00,189
2026-06-16T10:00:00Z,MR-03,Creekside,charging,43.5,0.00,0
2026-06-16T10:00:00Z,MR-04,Creekside,applying,77.3,1.26,83
2026-06-16T10:00:00Z,MR-05,Home Quarter,applying,78.2,0.83,88
2026-06-16T10:00:00Z,MR-06,Home Quarter,applying,30.9,0.77,83
2026-06-16T10:05:00Z,MR-01,North 40,applying,24.5,1.05,85
2026-06-16T10:05:00Z,MR-02,Creekside,applying,66.5,1.05,86
2026-06-16T10:05:00Z,MR-03,Creekside,charging,46.5,0.00,0
2026-06-16T10:05:00Z,MR-04,Creekside,applying,76.6,1.33,92
2026-06-16T10:05:00Z,MR-05,Home Quarter,applying,77.6,1.01,98
2026-06-16T10:05:00Z,MR-06,Home Quarter,driving,30.6,0.00,183
2026-06-16T10:10:00Z,MR-01,North 40,applying,23.9,0.80,89
2026-06-16T10:10:00Z,MR-02,Creekside,applying,66.0,0.91,87
2026-06-16T10:10:00Z,MR-03,Creekside,charging,49.3,0.00,0
2026-06-16T10:10:00Z,MR-04,Creekside,applying,76.0,1.24,98
2026-06-16T10:10:00Z,MR-05,Home Quarter,applying,77.0,0.91,97
2026-06-16T10:10:00Z,MR-06,Home Quarter,driving,30.2,0.00,154
2026-06-16T10:15:00Z,MR-01,North 40,applying,23.4,0.89,83
2026-06-16T10:15:00Z,MR-02,Creekside,driving,65.5,0.00,196
2026-06-16T10:15:00Z,MR-03,Creekside,charging,52.4,0.00,0
2026-06-16T10:15:00Z,MR-04,Creekside,driving,75.6,0.00,204
2026-06-16T10:15:00Z,MR-05,Home Quarter,applying,76.4,1.01,91
2026-06-16T10:15:00Z,MR-06,Home Quarter,applying,29.5,0.89,91
2026-06-16T10:20:00Z,MR-01,North 40,applying,22.9,0.83,94
2026-06-16T10:20:00Z,MR-02,Creekside,applying,64.9,0.80,88
2026-06-16T10:20:00Z,MR-03,Creekside,charging,55.4,0.00,0
2026-06-16T10:20:00Z,MR-04,Creekside,applying,74.9,0.98,93
2026-06-16T10:20:00Z,MR-05,Home Quarter,applying,75.7,1.15,95
2026-06-16T10:20:00Z,MR-06,Home Quarter,applying,28.8,1.05,84
2026-06-16T10:25:00Z,MR-01,North 40,applying,22.2,1.02,99
2026-06-16T10:25:00Z,MR-02,Creekside,applying,64.2,1.00,93
2026-06-16T10:25:00Z,MR-03,Creekside,charging,58.2,0.00,0
2026-06-16T10:25:00Z,MR-04,Creekside,driving,74.5,0.00,188
2026-06-16T10:25:00Z,MR-05,Home Quarter,applying,75.1,1.04,87
2026-06-16T10:25:00Z,MR-06,Home Quarter,applying,28.2,0.99,96
2026-06-16T10:30:00Z,MR-01,North 40,applying,21.7,0.97,96
2026-06-16T10:30:00Z,MR-02,Creekside,applying,63.5,1.06,97
2026-06-16T10:30:00Z,MR-03,Creekside,charging,61.3,0.00,0
2026-06-16T10:30:00Z,MR-04,Creekside,driving,74.1,0.00,176
2026-06-16T10:30:00Z,MR-05,Home Quarter,applying,74.4,0.84,85
2026-06-16T10:30:00Z,MR-06,Home Quarter,applying,27.5,0.73,93
2026-06-16T10:35:00Z,MR-01,North 40,applying,21.1,0.78,82
2026-06-16T10:35:00Z,MR-02,Creekside,applying,63.0,1.02,89
2026-06-16T10:35:00Z,MR-03,Creekside,charging,64.1,0.00,0
2026-06-16T10:35:00Z,MR-04,Creekside,applying,73.5,1.30,90
2026-06-16T10:35:00Z,MR-05,Home Quarter,applying,73.8,0.99,82
2026-06-16T10:35:00Z,MR-06,Home Quarter,applying,26.9,0.79,95
2026-06-16T10:40:00Z,MR-01,North 40,applying,20.6,0.99,89
2026-06-16T10:40:00Z,MR-02,Creekside,applying,62.3,0.76,83
2026-06-16T10:40:00Z,MR-03,Creekside,charging,67.3,0.00,0
2026-06-16T10:40:00Z,MR-04,Creekside,applying,72.9,1.29,89
2026-06-16T10:40:00Z,MR-05,Home Quarter,applying,73.3,0.87,100
2026-06-16T10:40:00Z,MR-06,Home Quarter,applying,26.4,1.03,97
2026-06-16T10:45:00Z,MR-01,North 40,driving,20.2,0.00,187
2026-06-16T10:45:00Z,MR-02,Creekside,applying,61.8,0.94,97
2026-06-16T10:45:00Z,MR-03,Creekside,charging,70.5,0.00,0
2026-06-16T10:45:00Z,MR-04,Creekside,applying,72.3,1.09,95
2026-06-16T10:45:00Z,MR-05,Home Quarter,applying,72.6,0.99,84
2026-06-16T10:45:00Z,MR-06,Home Quarter,driving,26.0,0.00,179
2026-06-16T10:50:00Z,MR-01,North 40,applying,19.7,0.87,84
2026-06-16T10:50:00Z,MR-02,Creekside,applying,61.3,0.88,83
2026-06-16T10:50:00Z,MR-03,Creekside,charging,73.4,0.00,0
2026-06-16T10:50:00Z,MR-04,Creekside,applying,71.6,1.23,83
2026-06-16T10:50:00Z,MR-05,Home Quarter,applying,72.1,1.19,96
2026-06-16T10:50:00Z,MR-06,Home Quarter,driving,25.6,0.00,194
2026-06-16T10:55:00Z,MR-01,North 40,charging,21.9,0.00,0
2026-06-16T10:55:00Z,MR-02,Creekside,driving,60.9,0.00,209
2026-06-16T10:55:00Z,MR-03,Creekside,charging,76.2,0.00,0
2026-06-16T10:55:00Z,MR-04,Creekside,applying,71.1,1.18,81
2026-06-16T10:55:00Z,MR-05,Home Quarter,driving,71.6,0.00,210
2026-06-16T10:55:00Z,MR-06,Home Quarter,applying,25.0,0.83,84
2026-06-16T11:00:00Z,MR-01,North 40,charging,23.8,0.00,0
2026-06-16T11:00:00Z,MR-02,Creekside,applying,60.3,0.99,83
2026-06-16T11:00:00Z,MR-03,Creekside,charging,79.0,0.00,0
2026-06-16T11:00:00Z,MR-04,Creekside,applying,70.5,1.29,99
2026-06-16T11:00:00Z,MR-05,Home Quarter,applying,71.1,1.02,94
2026-06-16T11:00:00Z,MR-06,Home Quarter,applying,24.4,0.87,98
2026-06-16T11:05:00Z,MR-01,North 40,charging,25.9,0.00,0
2026-06-16T11:05:00Z,MR-02,Creekside,driving,59.9,0.00,204
2026-06-16T11:05:00Z,MR-03,Creekside,charging,82.0,0.00,0
2026-06-16T11:05:00Z,MR-04,Creekside,applying,69.9,1.18,81
2026-06-16T11:05:00Z,MR-05,Home Quarter,applying,70.4,1.04,94
2026-06-16T11:05:00Z,MR-06,Home Quarter,applying,23.8,0.91,87
2026-06-16T11:10:00Z,MR-01,North 40,charging,28.1,0.00,0
2026-06-16T11:10:00Z,MR-02,Creekside,applying,59.3,0.82,95
2026-06-16T11:10:00Z,MR-03,Creekside,charging,84.9,0.00,0
2026-06-16T11:10:00Z,MR-04,Creekside,driving,69.6,0.00,209
2026-06-16T11:10:00Z,MR-05,Home Quarter,applying,69.9,0.95,82
2026-06-16T11:10:00Z,MR-06,Home Quarter,applying,23.2,0.71,84
2026-06-16T11:15:00Z,MR-01,North 40,charging,30.0,0.00,0
2026-06-16T11:15:00Z,MR-02,Creekside,applying,58.6,0.76,83
2026-06-16T11:15:00Z,MR-03,Creekside,charging,88.0,0.00,0
2026-06-16T11:15:00Z,MR-04,Creekside,applying,69.1,1.14,99
2026-06-16T11:15:00Z,MR-05,Home Quarter,applying,69.4,0.93,93
2026-06-16T11:15:00Z,MR-06,Home Quarter,applying,22.6,0.84,85
2026-06-16T11:20:00Z,MR-01,North 40,charging,32.1,0.00,0
2026-06-16T11:20:00Z,MR-02,Creekside,applying,57.9,1.10,91
2026-06-16T11:20:00Z,MR-03,Creekside,charging,90.7,0.00,0
2026-06-16T11:20:00Z,MR-04,Creekside,applying,68.5,1.03,86
2026-06-16T11:20:00Z,MR-05,Home Quarter,applying,68.8,0.89,92
2026-06-16T11:20:00Z,MR-06,Home Quarter,driving,22.2,0.00,196
2026-06-16T11:25:00Z,MR-01,North 40,charging,34.0,0.00,0
2026-06-16T11:25:00Z,MR-02,Creekside,driving,57.5,0.00,169
2026-06-16T11:25:00Z,MR-03,Creekside,charging,93.9,0.00,0
2026-06-16T11:25:00Z,MR-04,Creekside,applying,67.9,1.23,88
2026-06-16T11:25:00Z,MR-05,Home Quarter,applying,68.3,0.86,88
2026-06-16T11:25:00Z,MR-06,Home Quarter,driving,21.8,0.00,198
2026-06-16T11:30:00Z,MR-01,North 40,charging,36.3,0.00,0
2026-06-16T11:30:00Z,MR-02,Creekside,applying,56.9,0.87,92
2026-06-16T11:30:00Z,MR-03,Creekside,applying,93.2,0.97,97
2026-06-16T11:30:00Z,MR-04,Creekside,applying,67.2,1.14,93
2026-06-16T11:30:00Z,MR-05,Home Quarter,applying,67.8,1.02,81
2026-06-16T11:30:00Z,MR-06,Home Quarter,applying,21.1,0.89,94
2026-06-16T11:35:00Z,MR-01,North 40,charging,38.2,0.00,0
2026-06-16T11:35:00Z,MR-02,Creekside,applying,56.4,0.96,88
2026-06-16T11:35:00Z,MR-03,Creekside,applying,92.7,1.01,97
2026-06-16T11:35:00Z,MR-04,Creekside,applying,66.6,1.19,91
2026-06-16T11:35:00Z,MR-05,Home Quarter,applying,67.1,1.06,83
2026-06-16T11:35:00Z,MR-06,Home Quarter,applying,20.4,0.89,83
2026-06-16T11:40:00Z,MR-01,North 40,charging,40.3,0.00,0
2026-06-16T11:40:00Z,MR-02,Creekside,applying,55.7,1.13,96
2026-06-16T11:40:00Z,MR-03,Creekside,applying,92.2,0.80,96
2026-06-16T11:40:00Z,MR-04,Creekside,applying,65.9,1.15,93
2026-06-16T11:40:00Z,MR-05,Home Quarter,applying,66.5,0.98,99
2026-06-16T11:40:00Z,MR-06,Home Quarter,applying,19.8,0.78,93
2026-06-16T11:45:00Z,MR-01,North 40,charging,42.3,0.00,0
2026-06-16T11:45:00Z,MR-02,Creekside,applying,55.1,0.92,88
2026-06-16T11:45:00Z,MR-03,Creekside,applying,91.5,0.88,81
2026-06-16T11:45:00Z,MR-04,Creekside,applying,65.3,1.08,87
2026-06-16T11:45:00Z,MR-05,Home Quarter,applying,66.0,0.92,94
2026-06-16T11:45:00Z,MR-06,Home Quarter,charging,22.0,0.00,0
2026-06-16T11:50:00Z,MR-01,North 40,charging,44.6,0.00,0
2026-06-16T11:50:00Z,MR-02,Creekside,driving,54.6,0.00,167
2026-06-16T11:50:00Z,MR-03,Creekside,applying,90.9,0.81,81
2026-06-16T11:50:00Z,MR-04,Creekside,applying,64.7,1.06,91
2026-06-16T11:50:00Z,MR-05,Home Quarter,applying,65.4,0.92,92
2026-06-16T11:50:00Z,MR-06,Home Quarter,charging,24.2,0.00,0
2026-06-16T11:55:00Z,MR-01,North 40,charging,46.8,0.00,0
2026-06-16T11:55:00Z,MR-02,Creekside,applying,54.0,1.04,83
2026-06-16T11:55:00Z,MR-03,Creekside,applying,90.4,0.74,98
2026-06-16T11:55:00Z,MR-04,Creekside,applying,64.1,1.05,
2026-06-16T11:55:00Z,MR-05,Home Quarter,applying,64.8,1.15,95
2026-06-16T11:55:00Z,MR-06,Home Quarter,charging,26.5,0.00,0
2026-06-16T12:00:00Z,MR-01,North 40,charging,48.9,0.00,0
2026-06-16T12:00:00Z,MR-02,Creekside,applying,53.4,0.87,94
2026-06-16T12:00:00Z,MR-03,Creekside,applying,89.7,0.97,83
2026-06-16T12:00:00Z,MR-04,Creekside,applying,63.5,0.99,80
2026-06-16T12:00:00Z,MR-05,Home Quarter,applying,64.1,0.95,99
2026-06-16T12:00:00Z,MR-06,Home Quarter,charging,28.9,0.00,0
2026-06-16T12:05:00Z,MR-01,North 40,charging,51.0,0.00,0
2026-06-16T12:05:00Z,MR-02,Creekside,applying,52.8,0.96,91
2026-06-16T12:05:00Z,MR-03,Creekside,applying,89.2,0.79,87
2026-06-16T12:05:00Z,MR-04,Creekside,applying,63.0,1.05,85
2026-06-16T12:05:00Z,MR-05,Home Quarter,applying,63.5,1.14,89
2026-06-16T12:05:00Z,MR-06,Home Quarter,charging,31.3,0.00,0
2026-06-16T12:10:00Z,MR-01,North 40,charging,53.2,0.00,0
2026-06-16T12:10:00Z,MR-02,Creekside,applying,52.3,0.84,86
2026-06-16T12:10:00Z,MR-03,Creekside,applying,88.5,0.85,81
2026-06-16T12:10:00Z,MR-04,Creekside,applying,62.3,0.97,88
2026-06-16T12:10:00Z,MR-05,Home Quarter,applying,62.9,1.16,88
2026-06-16T12:10:00Z,MR-06,Home Quarter,charging,33.6,0.00,0
2026-06-16T12:15:00Z,MR-01,North 40,charging,55.3,0.00,0
2026-06-16T12:15:00Z,MR-02,Creekside,driving,52.0,0.00,180
2026-06-16T12:15:00Z,MR-03,Creekside,applying,88.0,0.89,96
2026-06-16T12:15:00Z,MR-04,Creekside,applying,61.7,1.30,92
2026-06-16T12:15:00Z,MR-05,Home Quarter,applying,62.3,0.94,99
2026-06-16T12:15:00Z,MR-06,Home Quarter,charging,35.7,0.00,0
2026-06-16T12:20:00Z,MR-01,North 40,charging,57.3,0.00,0
2026-06-16T12:20:00Z,MR-02,Creekside,applying,51.4,1.03,84
2026-06-16T12:20:00Z,MR-03,Creekside,applying,87.5,0.77,84
2026-06-16T12:20:00Z,MR-04,Creekside,applying,61.0,1.12,93
2026-06-16T12:20:00Z,MR-05,Home Quarter,driving,62.0,0.00,194
2026-06-16T12:20:00Z,MR-06,Home Quarter,charging,37.8,0.00,0
2026-06-16T12:25:00Z,MR-01,North 40,charging,59.4,0.00,0
2026-06-16T12:25:00Z,MR-02,Creekside,applying,50.7,1.03,90
2026-06-16T12:25:00Z,MR-03,Creekside,applying,86.9,0.76,83
2026-06-16T12:25:00Z,MR-04,Creekside,applying,60.4,0.99,88
2026-06-16T12:25:00Z,MR-05,Home Quarter,driving,61.6,0.00,160
2026-06-16T12:25:00Z,MR-06,Home Quarter,charging,40.2,0.00,0
2026-06-16T12:30:00Z,MR-01,North 40,charging,61.4,0.00,0
2026-06-16T12:30:00Z,MR-02,Creekside,applying,50.2,1.07,84
2026-06-16T12:30:00Z,MR-03,Creekside,applying,86.2,0.77,92
2026-06-16T12:30:00Z,MR-04,Creekside,applying,59.8,1.34,89
2026-06-16T12:30:00Z,MR-05,Home Quarter,applying,61.1,1.05,83
2026-06-16T12:30:00Z,MR-06,Home Quarter,charging,42.4,0.00,0
2026-06-16T12:35:00Z,MR-01,North 40,charging,63.6,0.00,0
2026-06-16T12:35:00Z,MR-02,Creekside,applying,49.6,0.85,94
2026-06-16T12:35:00Z,MR-03,Creekside,driving,85.9,0.00,180
2026-06-16T12:35:00Z,MR-04,Creekside,applying,59.2,1.21,83
2026-06-16T12:35:00Z,MR-05,Home Quarter,applying,60.4,1.02,82
2026-06-16T12:35:00Z,MR-06,Home Quarter,charging,44.8,0.00,0
2026-06-16T12:40:00Z,MR-01,North 40,charging,65.9,0.00,0
2026-06-16T12:40:00Z,MR-02,Creekside,applying,49.0,0.95,82
2026-06-16T12:40:00Z,MR-03,Creekside,applying,85.2,0.81,92
2026-06-16T12:40:00Z,MR-04,Creekside,applying,58.5,1.16,98
2026-06-16T12:40:00Z,MR-05,Home Quarter,applying,59.9,0.86,90
2026-06-16T12:40:00Z,MR-06,Home Quarter,charging,46.9,0.00,0
2026-06-16T12:45:00Z,MR-01,North 40,charging,67.9,0.00,0
2026-06-16T12:45:00Z,MR-02,Creekside,applying,48.4,0.95,94
2026-06-16T12:45:00Z,MR-03,Creekside,applying,84.6,0.89,97
2026-06-16T12:45:00Z,MR-04,Creekside,applying,57.8,0.96,100
2026-06-16T12:45:00Z,MR-05,Home Quarter,driving,59.6,0.00,200
2026-06-16T12:45:00Z,MR-06,Home Quarter,charging,49.2,0.00,0
2026-06-16T12:50:00Z,MR-01,North 40,charging,69.8,0.00,0
2026-06-16T12:50:00Z,MR-02,Creekside,applying,47.8,0.80,86
2026-06-16T12:50:00Z,MR-03,Creekside,applying,84.0,0.78,85
2026-06-16T12:50:00Z,MR-04,Creekside,applying,57.2,1.11,84
2026-06-16T12:50:00Z,MR-05,Home Quarter,applying,59.0,0.97,80
2026-06-16T12:50:00Z,MR-06,Home Quarter,charging,51.3,0.00,0
2026-06-16T12:55:00Z,MR-01,North 40,charging,71.7,0.00,0
2026-06-16T12:55:00Z,MR-02,Creekside,applying,47.3,0.88,98
2026-06-16T12:55:00Z,MR-03,Creekside,applying,83.4,1.00,96
2026-06-16T12:55:00Z,MR-04,Creekside,applying,56.6,1.01,84
2026-06-16T12:55:00Z,MR-05,Home Quarter,applying,58.4,0.85,82
2026-06-16T12:55:00Z,MR-06,Home Quarter,charging,53.4,0.00,0
2026-06-16T13:00:00Z,MR-01,North 40,charging,73.7,0.00,0
2026-06-16T13:00:00Z,MR-02,Creekside,applying,46.6,0.98,83
2026-06-16T13:00:00Z,MR-03,Creekside,applying,82.7,0.82,81
2026-06-16T13:00:00Z,MR-04,Creekside,driving,56.2,0.00,194
2026-06-16T13:00:00Z,MR-05,Home Quarter,applying,57.7,0.86,84
2026-06-16T13:00:00Z,MR-06,Home Quarter,charging,55.7,0.00,0
2026-06-16T13:05:00Z,MR-01,North 40,charging,75.7,0.00,0
2026-06-16T13:05:00Z,MR-02,Creekside,applying,45.9,1.13,97
2026-06-16T13:05:00Z,MR-03,Creekside,driving,82.3,0.00,181
2026-06-16T13:05:00Z,MR-04,Creekside,applying,55.6,1.36,88
2026-06-16T13:05:00Z,MR-05,Home Quarter,applying,57.2,0.93,96
2026-06-16T13:05:00Z,MR-06,Home Quarter,charging,57.8,0.00,0
2026-06-16T13:10:00Z,MR-01,North 40,charging,77.7,0.00,0
2026-06-16T13:10:00Z,MR-02,Creekside,applying,45.4,0.84,88
2026-06-16T13:10:00Z,MR-03,Creekside,driving,82.0,0.00,204
2026-06-16T13:10:00Z,MR-04,Creekside,driving,55.2,0.00,201
2026-06-16T13:10:00Z,MR-05,Home Quarter,applying,56.6,1.02,98
2026-06-16T13:10:00Z,MR-06,Home Quarter,charging,59.9,0.00,0
2026-06-16T13:15:00Z,MR-01,North 40,charging,79.9,0.00,0
2026-06-16T13:15:00Z,MR-02,Creekside,applying,44.7,0.92,89
2026-06-16T13:15:00Z,MR-03,Creekside,driving,81.6,0.00,181
2026-06-16T13:15:00Z,MR-04,Creekside,applying,54.7,0.99,97
2026-06-16T13:15:00Z,MR-05,Home Quarter,driving,56.1,0.00,160
2026-06-16T13:15:00Z,MR-06,Home Quarter,charging,62.2,0.00,0
2026-06-16T13:20:00Z,MR-01,North 40,charging,81.8,0.00,0
2026-06-16T13:20:00Z,MR-02,Creekside,applying,44.2,0.89,99
2026-06-16T13:20:00Z,MR-03,Creekside,applying,81.0,1.01,85
2026-06-16T13:20:00Z,MR-04,Creekside,applying,54.0,1.07,85
2026-06-16T13:20:00Z,MR-05,Home Quarter,applying,55.5,0.97,91
2026-06-16T13:20:00Z,MR-06,Home Quarter,charging,64.3,0.00,0
2026-06-16T13:25:00Z,MR-01,North 40,charging,84.0,0.00,0
2026-06-16T13:25:00Z,MR-02,Creekside,applying,43.7,1.04,92
2026-06-16T13:25:00Z,MR-03,Creekside,applying,80.4,0.87,82
2026-06-16T13:25:00Z,MR-04,Creekside,applying,53.4,1.09,89
2026-06-16T13:25:00Z,MR-05,Home Quarter,applying,55.0,0.85,90
2026-06-16T13:25:00Z,MR-06,Home Quarter,charging,66.6,0.00,0
2026-06-16T13:30:00Z,MR-01,North 40,charging,86.1,0.00,0
2026-06-16T13:30:00Z,MR-02,Creekside,applying,43.0,0.85,80
2026-06-16T13:30:00Z,MR-03,Creekside,applying,79.8,0.68,84
2026-06-16T13:30:00Z,MR-04,Creekside,applying,52.9,1.31,91
2026-06-16T13:30:00Z,MR-05,Home Quarter,applying,54.4,0.90,84
2026-06-16T13:30:00Z,MR-06,Home Quarter,charging,68.8,0.00,0
2026-06-16T13:35:00Z,MR-01,North 40,charging,88.0,0.00,0
2026-06-16T13:35:00Z,MR-02,Creekside,applying,42.5,1.11,86
2026-06-16T13:35:00Z,MR-03,Creekside,applying,79.2,0.91,86
2026-06-16T13:35:00Z,MR-04,Creekside,applying,52.2,1.25,100
2026-06-16T13:35:00Z,MR-05,Home Quarter,applying,53.8,1.12,98
2026-06-16T13:35:00Z,MR-06,Home Quarter,charging,70.9,0.00,0
2026-06-16T13:40:00Z,MR-01,North 40,charging,90.2,0.00,0
2026-06-16T13:40:00Z,MR-02,Creekside,applying,41.9,1.04,91
2026-06-16T13:40:00Z,MR-03,Creekside,driving,78.9,0.00,185
2026-06-16T13:40:00Z,MR-04,Creekside,applying,51.6,1.06,80
2026-06-16T13:40:00Z,MR-05,Home Quarter,applying,53.3,1.20,83
2026-06-16T13:40:00Z,MR-06,Home Quarter,charging,73.2,0.00,0
2026-06-16T13:45:00Z,MR-01,North 40,charging,92.4,0.00,0
2026-06-16T13:45:00Z,MR-02,Creekside,applying,41.3,1.12,86
2026-06-16T13:45:00Z,MR-03,Creekside,applying,78.2,0.83,81
2026-06-16T13:45:00Z,MR-04,Creekside,applying,51.0,1.15,96
2026-06-16T13:45:00Z,MR-05,Home Quarter,applying,52.7,1.16,81
2026-06-16T13:45:00Z,MR-06,Home Quarter,charging,75.4,0.00,0
2026-06-16T13:50:00Z,MR-01,North 40,applying,91.9,1.04,80
2026-06-16T13:50:00Z,MR-02,Creekside,applying,40.8,0.96,84
2026-06-16T13:50:00Z,MR-03,Creekside,applying,77.6,0.98,94
2026-06-16T13:50:00Z,MR-04,Creekside,applying,50.5,1.09,91
2026-06-16T13:50:00Z,MR-05,Home Quarter,applying,52.1,1.17,98
2026-06-16T13:50:00Z,MR-06,Home Quarter,charging,77.6,0.00,0
2026-06-16T13:55:00Z,MR-01,North 40,applying,91.4,1.03,99
2026-06-16T13:55:00Z,MR-02,Creekside,applying,40.2,0.95,93
2026-06-16T13:55:00Z,MR-03,Creekside,applying,77.0,0.97,88
2026-06-16T13:55:00Z,MR-04,Creekside,applying,50.0,1.06,82
2026-06-16T13:55:00Z,MR-05,Home Quarter,applying,51.6,1.16,95
2026-06-16T13:55:00Z,MR-06,Home Quarter,charging,79.7,0.00,0
2026-06-16T14:00:00Z,MR-01,North 40,applying,90.8,0.90,81
2026-06-16T14:00:00Z,MR-02,Creekside,applying,39.7,1.01,100
2026-06-16T14:00:00Z,MR-03,Creekside,applying,76.4,0.90,91
2026-06-16T14:00:00Z,MR-04,Creekside,applying,49.5,1.17,98
2026-06-16T14:00:00Z,MR-05,Home Quarter,applying,51.0,0.83,96
2026-06-16T14:00:00Z,MR-06,Home Quarter,charging,81.9,0.00,0
2026-06-16T14:05:00Z,MR-01,North 40,applying,90.2,0.86,88
2026-06-16T14:05:00Z,MR-02,Creekside,applying,39.1,0.76,93
2026-06-16T14:05:00Z,MR-03,Creekside,applying,75.7,0.85,95
2026-06-16T14:05:00Z,MR-04,Creekside,applying,48.9,1.30,83
2026-06-16T14:05:00Z,MR-05,Home Quarter,applying,50.3,1.06,90
2026-06-16T14:05:00Z,MR-06,Home Quarter,charging,84.3,0.00,0
2026-06-16T14:10:00Z,MR-01,North 40,applying,89.6,0.81,80
2026-06-16T14:10:00Z,MR-02,Creekside,applying,38.5,1.05,94
2026-06-16T14:10:00Z,MR-03,Creekside,driving,75.2,0.00,188
2026-06-16T14:10:00Z,MR-04,Creekside,applying,48.3,1.10,92
2026-06-16T14:10:00Z,MR-05,Home Quarter,applying,49.8,1.12,88
2026-06-16T14:10:00Z,MR-06,Home Quarter,charging,86.4,0.00,0
2026-06-16T14:15:00Z,MR-01,North 40,applying,89.0,1.08,87
2026-06-16T14:15:00Z,MR-02,Creekside,applying,37.9,0.99,84
2026-06-16T14:15:00Z,MR-03,Creekside,driving,74.8,0.00,189
2026-06-16T14:15:00Z,MR-04,Creekside,applying,47.7,1.07,82
2026-06-16T14:15:00Z,MR-05,Home Quarter,applying,49.2,0.99,81
2026-06-16T14:15:00Z,MR-06,Home Quarter,charging,88.5,0.00,0
2026-06-16T14:20:00Z,MR-01,North 40,applying,88.5,0.86,86
2026-06-16T14:20:00Z,MR-02,Creekside,applying,37.4,0.88,84
2026-06-16T14:20:00Z,MR-03,Creekside,applying,74.2,0.78,93
2026-06-16T14:20:00Z,MR-04,Creekside,applying,47.1,1.25,99
2026-06-16T14:20:00Z,MR-05,Home Quarter,applying,48.5,1.09,86
2026-06-16T14:20:00Z,MR-06,Home Quarter,charging,90.5,0.00,0
2026-06-16T14:25:00Z,MR-01,North 40,driving,88.1,0.00,207
2026-06-16T14:25:00Z,MR-02,Creekside,applying,36.8,1.12,85
2026-06-16T14:25:00Z,MR-03,Creekside,applying,73.6,1.01,93
2026-06-16T14:25:00Z,MR-04,Creekside,applying,46.6,1.37,82
2026-06-16T14:25:00Z,MR-05,Home Quarter,applying,47.9,1.07,82
2026-06-16T14:25:00Z,MR-06,Home Quarter,charging,92.8,0.00,0
2026-06-16T14:30:00Z,MR-01,North 40,driving,87.7,0.00,200
2026-06-16T14:30:00Z,MR-02,Creekside,driving,36.3,0.00,152
2026-06-16T14:30:00Z,MR-03,Creekside,driving,73.1,0.00,167
2026-06-16T14:30:00Z,MR-04,Creekside,applying,46.0,1.11,98
2026-06-16T14:30:00Z,MR-05,Home Quarter,applying,47.2,1.20,81
2026-06-16T14:30:00Z,MR-06,Home Quarter,driving,92.5,0.00,159
2026-06-16T14:35:00Z,MR-01,North 40,applying,87.1,0.78,93
2026-06-16T14:35:00Z,MR-02,Creekside,applying,35.7,0.84,90
2026-06-16T14:35:00Z,MR-03,Creekside,applying,72.5,0.85,86
2026-06-16T14:35:00Z,MR-04,Creekside,driving,45.5,0.00,198
2026-06-16T14:35:00Z,MR-05,Home Quarter,applying,46.5,1.01,89
2026-06-16T14:35:00Z,MR-06,Home Quarter,applying,91.9,1.02,96
2026-06-16T14:40:00Z,MR-01,North 40,applying,86.6,1.00,88
2026-06-16T14:40:00Z,MR-02,Creekside,applying,35.1,1.01,81
2026-06-16T14:40:00Z,MR-03,Creekside,applying,72.0,0.99,80
2026-06-16T14:40:00Z,MR-04,Creekside,applying,45.0,1.31,91
2026-06-16T14:40:00Z,MR-05,Home Quarter,driving,46.2,0.00,181
2026-06-16T14:40:00Z,MR-06,Home Quarter,applying,91.3,0.98,89
2026-06-16T14:45:00Z,MR-01,North 40,driving,86.3,0.00,166
2026-06-16T14:45:00Z,MR-02,Creekside,applying,34.5,1.12,98
2026-06-16T14:45:00Z,MR-03,Creekside,driving,71.5,0.00,174
2026-06-16T14:45:00Z,MR-04,Creekside,applying,44.3,1.25,94
2026-06-16T14:45:00Z,MR-05,Home Quarter,applying,45.7,1.05,98
2026-06-16T14:45:00Z,MR-06,Home Quarter,driving,90.9,0.00,198
2026-06-16T14:50:00Z,MR-01,North 40,applying,85.7,0.94,96
2026-06-16T14:50:00Z,MR-02,Creekside,applying,33.9,0.97,84
2026-06-16T14:50:00Z,MR-03,Creekside,applying,71.0,0.80,97
2026-06-16T14:50:00Z,MR-04,Creekside,applying,43.8,1.28,85
2026-06-16T14:50:00Z,MR-05,Home Quarter,applying,45.1,1.01,94
2026-06-16T14:50:00Z,MR-06,Home Quarter,driving,90.4,0.00,165
2026-06-16T14:55:00Z,MR-01,North 40,applying,85.1,0.95,82
2026-06-16T14:55:00Z,MR-02,Creekside,applying,33.3,0.92,92
2026-06-16T14:55:00Z,MR-03,Creekside,applying,70.3,0.93,90
2026-06-16T14:55:00Z,MR-04,Creekside,applying,43.2,1.14,96
2026-06-16T14:55:00Z,MR-05,Home Quarter,applying,44.6,0.86,81
2026-06-16T14:55:00Z,MR-06,Home Quarter,applying,89.8,0.93,84
2026-06-16T15:00:00Z,MR-01,North 40,driving,84.7,0.00,163
2026-06-16T15:00:00Z,MR-02,Creekside,applying,32.7,0.96,82
2026-06-16T15:00:00Z,MR-03,Creekside,applying,69.8,0.75,91
2026-06-16T15:00:00Z,MR-04,Creekside,applying,42.6,1.24,93
2026-06-16T15:00:00Z,MR-05,Home Quarter,applying,44.0,0.90,85
2026-06-16T15:00:00Z,MR-06,Home Quarter,applying,89.1,1.05,89
2026-06-16T15:05:00Z,MR-01,North 40,applying,84.1,0.89,92
2026-06-16T15:05:00Z,MR-02,Creekside,applying,32.1,0.77,90
2026-06-16T15:05:00Z,MR-03,Creekside,applying,69.2,0.92,90
2026-06-16T15:05:00Z,MR-04,Creekside,applying,42.0,1.35,92
2026-06-16T15:05:00Z,MR-05,Home Quarter,driving,43.6,0.00,171
2026-06-16T15:05:00Z,MR-06,Home Quarter,applying,88.6,0.79,91
2026-06-16T15:10:00Z,MR-01,North 40,driving,83.6,0.00,155
2026-06-16T15:10:00Z,MR-02,Creekside,applying,31.4,0.86,82
2026-06-16T15:10:00Z,MR-03,Creekside,applying,68.5,0.81,85
2026-06-16T15:10:00Z,MR-04,Creekside,applying,41.5,1.06,80
2026-06-16T15:10:00Z,MR-05,Home Quarter,applying,43.0,1.01,84
2026-06-16T15:10:00Z,MR-06,Home Quarter,driving,88.1,0.00,183
2026-06-16T15:15:00Z,MR-01,North 40,applying,82.9,0.82,99
2026-06-16T15:15:00Z,MR-02,Creekside,applying,30.9,0.94,98
2026-06-16T15:15:00Z,MR-03,Creekside,applying,68.0,0.97,89
2026-06-16T15:15:00Z,MR-04,Creekside,applying,40.9,1.32,82
2026-06-16T15:15:00Z,MR-05,Home Quarter,applying,42.3,0.93,86
2026-06-16T15:15:00Z,MR-06,Home Quarter,applying,87.6,0.77,84
2026-06-16T15:20:00Z,MR-01,North 40,driving,82.5,0.00,158
2026-06-16T15:20:00Z,MR-02,Creekside,applying,30.3,1.04,95
2026-06-16T15:20:00Z,MR-03,Creekside,applying,67.4,0.68,81
2026-06-16T15:20:00Z,MR-04,Creekside,applying,40.3,0.93,86
2026-06-16T15:20:00Z,MR-05,Home Quarter,applying,41.8,1.00,81
2026-06-16T15:20:00Z,MR-06,Home Quarter,applying,87.0,0.75,90
2026-06-16T15:25:00Z,MR-01,North 40,applying,81.8,0.76,85
2026-06-16T15:25:00Z,MR-02,Creekside,driving,29.9,0.00,196
2026-06-16T15:25:00Z,MR-03,Creekside,driving,67.0,0.00,165
2026-06-16T15:25:00Z,MR-04,Creekside,applying,39.6,0.94,99
2026-06-16T15:25:00Z,MR-05,Home Quarter,applying,41.2,1.00,80
2026-06-16T15:25:00Z,MR-06,Home Quarter,applying,86.4,0.84,93
2026-06-16T15:30:00Z,MR-01,North 40,applying,81.2,1.06,92
2026-06-16T15:30:00Z,MR-02,Creekside,driving,29.5,0.00,202
2026-06-16T15:30:00Z,MR-03,Creekside,driving,66.7,0.00,195
2026-06-16T15:30:00Z,MR-04,Creekside,applying,38.9,1.31,95
2026-06-16T15:30:00Z,MR-05,Home Quarter,applying,40.5,0.88,100
2026-06-16T15:30:00Z,MR-06,Home Quarter,applying,85.8,0.71,86
2026-06-16T15:35:00Z,MR-01,North 40,applying,80.6,1.05,99
2026-06-16T15:35:00Z,MR-02,Creekside,applying,28.9,0.91,96
2026-06-16T15:35:00Z,MR-03,Creekside,applying,66.1,0.77,98
2026-06-16T15:35:00Z,MR-04,Creekside,applying,38.3,0.95,99
2026-06-16T15:35:00Z,MR-05,Home Quarter,applying,40.0,1.18,87
2026-06-16T15:35:00Z,MR-06,Home Quarter,applying,85.3,0.92,82
2026-06-16T15:40:00Z,MR-01,North 40,applying,80.1,0.84,93
2026-06-16T15:40:00Z,MR-02,Creekside,applying,28.4,1.13,85
2026-06-16T15:40:00Z,MR-03,Creekside,applying,65.4,0.80,97
2026-06-16T15:40:00Z,MR-04,Creekside,applying,37.8,1.27,88
2026-06-16T15:40:00Z,MR-05,Home Quarter,applying,39.4,0.94,98
2026-06-16T15:40:00Z,MR-06,Home Quarter,driving,84.9,0.00,199
2026-06-16T15:45:00Z,MR-01,North 40,applying,79.5,0.84,99
2026-06-16T15:45:00Z,MR-02,Creekside,applying,27.8,0.96,87
2026-06-16T15:45:00Z,MR-03,Creekside,applying,64.7,0.96,81
2026-06-16T15:45:00Z,MR-04,Creekside,applying,37.2,1.35,87
2026-06-16T15:45:00Z,MR-05,Home Quarter,applying,38.9,1.07,87
2026-06-16T15:45:00Z,MR-06,Home Quarter,applying,84.2,0.82,88
2026-06-16T15:50:00Z,MR-01,North 40,applying,78.9,0.75,90
2026-06-16T15:50:00Z,MR-02,Creekside,applying,27.2,1.13,93
2026-06-16T15:50:00Z,MR-03,Creekside,applying,64.1,0.70,97
2026-06-16T15:50:00Z,MR-04,Creekside,applying,36.5,1.09,86
2026-06-16T15:50:00Z,MR-05,Home Quarter,applying,38.3,1.15,88
2026-06-16T15:50:00Z,MR-06,Home Quarter,applying,83.7,0.77,87
2026-06-16T15:55:00Z,MR-01,North 40,applying,78.3,0.73,94
2026-06-16T15:55:00Z,MR-02,Creekside,applying,26.6,0.82,86
2026-06-16T15:55:00Z,MR-03,Creekside,applying,63.6,0.72,95
2026-06-16T15:55:00Z,MR-04,Creekside,applying,35.9,1.06,83
2026-06-16T15:55:00Z,MR-05,Home Quarter,applying,37.6,0.95,93
2026-06-16T15:55:00Z,MR-06,Home Quarter,applying,83.2,0.83,87
2026-06-16T16:00:00Z,MR-01,North 40,driving,77.8,0.00,194
2026-06-16T16:00:00Z,MR-02,Creekside,applying,26.0,1.09,100
2026-06-16T16:00:00Z,MR-03,Creekside,applying,62.9,1.00,87
2026-06-16T16:00:00Z,MR-04,Creekside,applying,35.2,1.03,92
2026-06-16T16:00:00Z,MR-05,Home Quarter,driving,37.2,0.00,198
2026-06-16T16:00:00Z,MR-06,Home Quarter,applying,82.6,0.91,80
2026-06-16T16:05:00Z,MR-01,North 40,applying,77.2,0.88,96
2026-06-16T16:05:00Z,MR-02,Creekside,applying,25.4,0.89,97
2026-06-16T16:05:00Z,MR-03,Creekside,applying,62.3,0.72,83
2026-06-16T16:05:00Z,MR-04,Creekside,applying,34.6,1.07,84
2026-06-16T16:05:00Z,MR-05,Home Quarter,applying,36.6,0.89,98
2026-06-16T16:05:00Z,MR-06,Home Quarter,applying,82.1,1.01,81
2026-06-16T16:10:00Z,MR-01,North 40,driving,76.9,0.00,164
2026-06-16T16:10:00Z,MR-02,Creekside,applying,24.8,1.02,94
2026-06-16T16:10:00Z,MR-03,Creekside,applying,61.7,0.85,82
2026-06-16T16:10:00Z,MR-04,Creekside,applying,34.0,1.28,83
2026-06-16T16:10:00Z,MR-05,Home Quarter,applying,36.0,1.16,88
2026-06-16T16:10:00Z,MR-06,Home Quarter,applying,81.5,0.80,92
2026-06-16T16:15:00Z,MR-01,North 40,applying,76.2,0.73,94
2026-06-16T16:15:00Z,MR-02,Creekside,applying,24.2,1.07,84
2026-06-16T16:15:00Z,MR-03,Creekside,driving,61.4,0.00,176
2026-06-16T16:15:00Z,MR-04,Creekside,applying,33.5,1.36,93
2026-06-16T16:15:00Z,MR-05,Home Quarter,applying,35.4,0.92,84
2026-06-16T16:15:00Z,MR-06,Home Quarter,applying,81.0,0.92,80
2026-06-16T16:20:00Z,MR-01,North 40,driving,75.8,0.00,153
2026-06-16T16:20:00Z,MR-02,Creekside,applying,23.6,1.11,83
2026-06-16T16:20:00Z,MR-03,Creekside,applying,60.9,0.94,97
2026-06-16T16:20:00Z,MR-04,Creekside,applying,32.9,1.19,81
2026-06-16T16:20:00Z,MR-05,Home Quarter,applying,34.8,1.14,89
2026-06-16T16:20:00Z,MR-06,Home Quarter,applying,80.4,0.85,84
2026-06-16T16:25:00Z,MR-01,North 40,applying,75.2,1.03,91
2026-06-16T16:25:00Z,MR-02,Creekside,applying,23.0,0.92,83
2026-06-16T16:25:00Z,MR-03,Creekside,applying,60.2,0.97,92
2026-06-16T16:25:00Z,MR-04,Creekside,applying,32.4,1.18,96
2026-06-16T16:25:00Z,MR-05,Home Quarter,applying,34.2,1.13,99
2026-06-16T16:25:00Z,MR-06,Home Quarter,applying,79.8,1.04,86
2026-06-16T16:30:00Z,MR-01,North 40,applying,74.6,0.89,99
2026-06-16T16:30:00Z,MR-02,Creekside,applying,22.5,0.85,97
2026-06-16T16:30:00Z,MR-03,Creekside,applying,59.6,0.98,83
2026-06-16T16:30:00Z,MR-04,Creekside,applying,31.8,1.06,85
2026-06-16T16:30:00Z,MR-05,Home Quarter,applying,33.6,1.18,95
2026-06-16T16:30:00Z,MR-06,Home Quarter,applying,79.3,1.00,96
2026-06-16T16:35:00Z,MR-01,North 40,applying,73.9,0.75,85
2026-06-16T16:35:00Z,MR-02,Creekside,applying,21.8,0.83,98
2026-06-16T16:35:00Z,MR-03,Creekside,applying,59.0,0.69,91
2026-06-16T16:35:00Z,MR-04,Creekside,applying,31.3,1.23,82
2026-06-16T16:35:00Z,MR-05,Home Quarter,applying,33.0,0.81,96
2026-06-16T16:35:00Z,MR-06,Home Quarter,applying,78.6,0.72,89
2026-06-16T16:40:00Z,MR-01,North 40,driving,73.5,0.00,178
2026-06-16T16:40:00Z,MR-02,Creekside,applying,21.3,0.82,99
2026-06-16T16:40:00Z,MR-03,Creekside,applying,58.5,0.72,84
2026-06-16T16:40:00Z,MR-04,Creekside,applying,30.7,1.19,97
2026-06-16T16:40:00Z,MR-05,Home Quarter,driving,32.6,0.00,195
2026-06-16T16:40:00Z,MR-06,Home Quarter,applying,78.0,0.94,87
2026-06-16T16:45:00Z,MR-01,North 40,applying,72.8,0.96,87
2026-06-16T16:45:00Z,MR-02,Creekside,applying,20.8,0.77,95
2026-06-16T16:45:00Z,MR-03,Creekside,driving,58.1,0.00,185
2026-06-16T16:45:00Z,MR-04,Creekside,applying,30.2,1.16,98
2026-06-16T16:45:00Z,MR-05,Home Quarter,applying,31.9,0.92,81
2026-06-16T16:45:00Z,MR-06,Home Quarter,applying,77.3,1.00,83
2026-06-16T16:50:00Z,MR-01,North 40,applying,72.2,1.07,100
2026-06-16T16:50:00Z,MR-02,Creekside,applying,20.1,0.99,89
2026-06-16T16:50:00Z,MR-03,Creekside,applying,57.6,0.81,94
2026-06-16T16:50:00Z,MR-04,Creekside,driving,29.8,0.00,160
2026-06-16T16:50:00Z,MR-05,Home Quarter,applying,31.3,1.00,88
2026-06-16T16:50:00Z,MR-06,Home Quarter,applying,76.8,0.71,85
2026-06-16T16:55:00Z,MR-01,North 40,applying,71.5,0.92,85
2026-06-16T16:55:00Z,MR-02,Creekside,applying,19.6,0.86,99
2026-06-16T16:55:00Z,MR-03,Creekside,applying,57.0,0.84,86
2026-06-16T16:55:00Z,MR-04,Creekside,applying,29.1,1.03,84
2026-06-16T16:55:00Z,MR-05,Home Quarter,applying,30.7,0.89,90
2026-06-16T16:55:00Z,MR-06,Home Quarter,applying,76.2,0.72,88
2026-06-16T17:00:00Z,MR-01,North 40,applying,70.9,1.06,82
2026-06-16T17:00:00Z,MR-02,Creekside,charging,22.4,0.00,0
2026-06-16T17:00:00Z,MR-03,Creekside,applying,56.5,0.72,96
2026-06-16T17:00:00Z,MR-04,Creekside,applying,28.5,1.09,87
2026-06-16T17:00:00Z,MR-05,Home Quarter,applying,30.0,0.97,88
2026-06-16T17:00:00Z,MR-06,Home Quarter,applying,75.6,0.76,82
2026-06-16T17:05:00Z,MR-01,North 40,applying,70.3,0.88,94
2026-06-16T17:05:00Z,MR-02,Creekside,charging,25.4,0.00,0
2026-06-16T17:05:00Z,MR-03,Creekside,applying,55.8,0.73,92
2026-06-16T17:05:00Z,MR-04,Creekside,applying,27.9,1.14,94
2026-06-16T17:05:00Z,MR-05,Home Quarter,applying,29.4,0.88,85
2026-06-16T17:05:00Z,MR-06,Home Quarter,applying,75.0,0.78,92
2026-06-16T17:10:00Z,MR-01,North 40,applying,69.7,0.97,81
2026-06-16T17:10:00Z,MR-02,Creekside,charging,27.9,0.00,0
2026-06-16T17:10:00Z,MR-03,Creekside,applying,55.2,0.80,98
2026-06-16T17:10:00Z,MR-04,Creekside,applying,27.4,0.93,99
2026-06-16T17:10:00Z,MR-05,Home Quarter,applying,28.8,1.06,97
2026-06-16T17:10:00Z,MR-06,Home Quarter,applying,74.5,0.77,92
2026-06-16T17:15:00Z,MR-01,North 40,applying,69.1,0.98,83
2026-06-16T17:15:00Z,MR-02,Creekside,charging,30.6,0.00,0
2026-06-16T17:15:00Z,MR-03,Creekside,applying,54.6,0.92,89
2026-06-16T17:15:00Z,MR-04,Creekside,driving,26.9,0.00,158
2026-06-16T17:15:00Z,MR-05,Home Quarter,applying,28.3,1.12,100
2026-06-16T17:15:00Z,MR-06,Home Quarter,applying,74.0,0.78,96
2026-06-16T17:20:00Z,MR-01,North 40,applying,68.6,0.98,94
2026-06-16T17:20:00Z,MR-02,Creekside,charging,33.1,0.00,0
2026-06-16T17:20:00Z,MR-03,Creekside,driving,54.3,0.00,194
2026-06-16T17:20:00Z,MR-04,Creekside,applying,26.4,1.34,98
2026-06-16T17:20:00Z,MR-05,Home Quarter,applying,27.7,0.87,89
2026-06-16T17:20:00Z,MR-06,Home Quarter,applying,73.4,0.86,87
2026-06-16T17:25:00Z,MR-01,North 40,applying,67.9,0.83,100
2026-06-16T17:25:00Z,MR-02,Creekside,charging,36.0,0.00,0
2026-06-16T17:25:00Z,MR-03,Creekside,applying,53.7,0.98,95
2026-06-16T17:25:00Z,MR-04,Creekside,applying,25.8,1.22,97
2026-06-16T17:25:00Z,MR-05,Home Quarter,applying,27.2,1.15,86
2026-06-16T17:25:00Z,MR-06,Home Quarter,applying,72.7,0.92,84
2026-06-16T17:30:00Z,MR-01,North 40,applying,67.3,0.74,91
2026-06-16T17:30:00Z,MR-02,Creekside,charging,38.7,0.00,0
2026-06-16T17:30:00Z,MR-03,Creekside,applying,53.1,0.86,99
2026-06-16T17:30:00Z,MR-04,Creekside,applying,25.1,0.94,93
2026-06-16T17:30:00Z,MR-05,Home Quarter,driving,26.7,0.00,188
2026-06-16T17:30:00Z,MR-06,Home Quarter,applying,72.1,0.88,86
2026-06-16T17:35:00Z,MR-01,North 40,applying,66.8,0.83,83
2026-06-16T17:35:00Z,MR-02,Creekside,charging,41.4,0.00,0
2026-06-16T17:35:00Z,MR-03,Creekside,driving,52.7,0.00,194
2026-06-16T17:35:00Z,MR-04,Creekside,applying,24.5,1.34,81
2026-06-16T17:35:00Z,MR-05,Home Quarter,applying,26.2,0.84,82
2026-06-16T17:35:00Z,MR-06,Home Quarter,applying,71.5,0.93,91
2026-06-16T17:40:00Z,MR-01,North 40,applying,66.1,0.99,93
2026-06-16T17:40:00Z,MR-02,Creekside,charging,44.4,0.00,0
2026-06-16T17:40:00Z,MR-03,Creekside,driving,52.4,0.00,186
2026-06-16T17:40:00Z,MR-04,Creekside,applying,23.9,0.95,93
2026-06-16T17:40:00Z,MR-05,Home Quarter,applying,25.6,1.00,89
2026-06-16T17:40:00Z,MR-06,Home Quarter,applying,70.8,0.80,99
2026-06-16T17:45:00Z,MR-01,North 40,applying,65.5,0.87,81
2026-06-16T17:45:00Z,MR-02,Creekside,charging,47.2,0.00,0
2026-06-16T17:45:00Z,MR-03,Creekside,applying,51.7,0.81,91
2026-06-16T17:45:00Z,MR-04,Creekside,driving,,0.00,194
2026-06-16T17:45:00Z,MR-05,Home Quarter,applying,25.0,0.82,97
2026-06-16T17:45:00Z,MR-06,Home Quarter,applying,70.2,0.96,93
2026-06-16T17:50:00Z,MR-01,North 40,applying,64.9,0.89,81
2026-06-16T17:50:00Z,MR-02,Creekside,charging,49.9,0.00,0
2026-06-16T17:50:00Z,MR-03,Creekside,applying,51.0,0.98,84
2026-06-16T17:50:00Z,MR-04,Creekside,driving,23.2,0.00,158
2026-06-16T17:50:00Z,MR-05,Home Quarter,driving,24.6,0.00,206
2026-06-16T17:50:00Z,MR-06,Home Quarter,applying,69.7,0.79,81
2026-06-16T17:55:00Z,MR-01,North 40,applying,64.3,0.81,92
2026-06-16T17:55:00Z,MR-02,Creekside,charging,52.6,0.00,0
2026-06-16T17:55:00Z,MR-03,Creekside,applying,50.5,0.74,94
2026-06-16T17:55:00Z,MR-04,Creekside,applying,22.6,0.98,96
2026-06-16T17:55:00Z,MR-05,Home Quarter,driving,24.2,0.00,185
2026-06-16T17:55:00Z,MR-06,Home Quarter,applying,69.2,0.98,95
2026-06-16T18:00:00Z,MR-01,North 40,driving,63.9,0.00,208
2026-06-16T18:00:00Z,MR-02,Creekside,charging,55.5,0.00,0
2026-06-16T18:00:00Z,MR-03,Creekside,applying,49.9,0.73,83
2026-06-16T18:00:00Z,MR-04,Creekside,applying,22.1,1.08,92
2026-06-16T18:00:00Z,MR-05,Home Quarter,applying,23.7,1.01,84
2026-06-16T18:00:00Z,MR-06,Home Quarter,driving,68.7,0.00,191
2026-06-16T18:05:00Z,MR-01,North 40,applying,63.4,0.84,97
2026-06-16T18:05:00Z,MR-02,Creekside,charging,58.0,0.00,0
2026-06-16T18:05:00Z,MR-03,Creekside,driving,49.5,0.00,151
2026-06-16T18:05:00Z,MR-04,Creekside,driving,21.7,0.00,162
2026-06-16T18:05:00Z,MR-05,Home Quarter,applying,23.1,1.16,98
2026-06-16T18:05:00Z,MR-06,Home Quarter,applying,68.0,1.06,94
2026-06-16T18:10:00Z,MR-01,North 40,applying,62.8,0.76,87
2026-06-16T18:10:00Z,MR-02,Creekside,charging,60.9,0.00,0
2026-06-16T18:10:00Z,MR-03,Creekside,applying,49.0,0.93,82
2026-06-16T18:10:00Z,MR-04,Creekside,applying,21.1,1.28,89
2026-06-16T18:10:00Z,MR-05,Home Quarter,applying,22.5,1.15,87
2026-06-16T18:10:00Z,MR-06,Home Quarter,applying,67.5,0.76,95
2026-06-16T18:15:00Z,MR-01,North 40,applying,62.3,0.88,86
2026-06-16T18:15:00Z,MR-02,Creekside,charging,63.9,0.00,0
2026-06-16T18:15:00Z,MR-03,Creekside,applying,48.3,0.69,95
2026-06-16T18:15:00Z,MR-04,Creekside,applying,20.5,1.03,98
2026-06-16T18:15:00Z,MR-05,Home Quarter,applying,22.0,1.18,93
2026-06-16T18:15:00Z,MR-06,Home Quarter,applying,66.9,0.75,94
2026-06-16T18:20:00Z,MR-01,North 40,applying,61.7,0.87,89
2026-06-16T18:20:00Z,MR-02,Creekside,charging,66.5,0.00,0
2026-06-16T18:20:00Z,MR-03,Creekside,applying,47.8,0.88,84
2026-06-16T18:20:00Z,MR-04,Creekside,applying,19.9,1.19,86
2026-06-16T18:20:00Z,MR-05,Home Quarter,applying,21.4,0.85,83
2026-06-16T18:20:00Z,MR-06,Home Quarter,applying,66.4,0.80,91
2026-06-16T18:25:00Z,MR-01,North 40,applying,61.0,0.88,92
2026-06-16T18:25:00Z,MR-02,Creekside,charging,68.9,0.00,0
2026-06-16T18:25:00Z,MR-03,Creekside,applying,47.2,0.95,81
2026-06-16T18:25:00Z,MR-04,Creekside,charging,22.0,0.00,0
2026-06-16T18:25:00Z,MR-05,Home Quarter,applying,20.9,1.01,100
2026-06-16T18:25:00Z,MR-06,Home Quarter,applying,65.8,0.95,95
2026-06-16T18:30:00Z,MR-01,North 40,applying,60.5,0.98,89
2026-06-16T18:30:00Z,MR-02,Creekside,charging,71.6,0.00,0
2026-06-16T18:30:00Z,MR-03,Creekside,applying,46.5,0.78,83
2026-06-16T18:30:00Z,MR-04,Creekside,charging,24.3,0.00,0
2026-06-16T18:30:00Z,MR-05,Home Quarter,applying,20.4,0.85,89
2026-06-16T18:30:00Z,MR-06,Home Quarter,applying,65.2,1.02,100
2026-06-16T18:35:00Z,MR-01,North 40,driving,60.1,0.00,185
2026-06-16T18:35:00Z,MR-02,Creekside,charging,74.4,0.00,0
2026-06-16T18:35:00Z,MR-03,Creekside,applying,46.0,0.73,99
2026-06-16T18:35:00Z,MR-04,Creekside,charging,26.3,0.00,0
2026-06-16T18:35:00Z,MR-05,Home Quarter,applying,19.8,0.81,97
2026-06-16T18:35:00Z,MR-06,Home Quarter,applying,64.6,0.75,81
2026-06-16T18:40:00Z,MR-01,North 40,applying,59.5,0.89,80
2026-06-16T18:40:00Z,MR-02,Creekside,charging,77.3,0.00,0
2026-06-16T18:40:00Z,MR-03,Creekside,driving,45.6,0.00,166
2026-06-16T18:40:00Z,MR-04,Creekside,charging,28.3,0.00,0
2026-06-16T18:40:00Z,MR-05,Home Quarter,charging,22.6,0.00,0
2026-06-16T18:40:00Z,MR-06,Home Quarter,applying,64.1,0.96,96
2026-06-16T18:45:00Z,MR-01,North 40,applying,58.8,0.90,85
2026-06-16T18:45:00Z,MR-02,Creekside,charging,79.8,0.00,0
2026-06-16T18:45:00Z,MR-03,Creekside,applying,45.0,0.72,89
2026-06-16T18:45:00Z,MR-04,Creekside,charging,30.4,0.00,0
2026-06-16T18:45:00Z,MR-05,Home Quarter,charging,25.0,0.00,0
2026-06-16T18:45:00Z,MR-06,Home Quarter,applying,63.5,0.94,97
2026-06-16T18:50:00Z,MR-01,North 40,applying,58.3,1.07,81
2026-06-16T18:50:00Z,MR-02,Creekside,charging,82.7,0.00,0
2026-06-16T18:50:00Z,MR-03,Creekside,applying,44.4,0.74,91
2026-06-16T18:50:00Z,MR-04,Creekside,charging,32.8,0.00,0
2026-06-16T18:50:00Z,MR-05,Home Quarter,charging,27.5,0.00,0
2026-06-16T18:50:00Z,MR-06,Home Quarter,applying,62.9,0.97,95
2026-06-16T18:55:00Z,MR-01,North 40,driving,58.0,0.00,183
2026-06-16T18:55:00Z,MR-02,Creekside,charging,85.3,0.00,0
2026-06-16T18:55:00Z,MR-03,Creekside,applying,43.7,0.97,89
2026-06-16T18:55:00Z,MR-04,Creekside,charging,34.7,0.00,0
2026-06-16T18:55:00Z,MR-05,Home Quarter,charging,30.1,0.00,0
2026-06-16T18:55:00Z,MR-06,Home Quarter,applying,62.3,0.71,97
2026-06-16T19:00:00Z,MR-01,North 40,applying,57.4,0.93,82
2026-06-16T19:00:00Z,MR-02,Creekside,charging,87.9,0.00,0
2026-06-16T19:00:00Z,MR-03,Creekside,applying,43.1,0.70,98
2026-06-16T19:00:00Z,MR-04,Creekside,charging,36.7,0.00,0
2026-06-16T19:00:00Z,MR-05,Home Quarter,charging,32.8,0.00,0
2026-06-16T19:00:00Z,MR-06,Home Quarter,applying,61.7,0.86,81
2026-06-16T19:05:00Z,MR-01,North 40,driving,57.0,0.00,169
2026-06-16T19:05:00Z,MR-02,Creekside,charging,90.6,0.00,0
2026-06-16T19:05:00Z,MR-03,Creekside,applying,42.4,0.79,92
2026-06-16T19:05:00Z,MR-04,Creekside,charging,38.9,0.00,0
2026-06-16T19:05:00Z,MR-05,Home Quarter,charging,35.4,0.00,0
2026-06-16T19:05:00Z,MR-06,Home Quarter,applying,61.0,1.01,98
2026-06-16T19:10:00Z,MR-01,North 40,applying,56.3,0.83,93
2026-06-16T19:10:00Z,MR-02,Creekside,charging,93.4,0.00,0
2026-06-16T19:10:00Z,MR-03,Creekside,applying,41.8,0.92,85
2026-06-16T19:10:00Z,MR-04,Creekside,charging,41.1,0.00,0
2026-06-16T19:10:00Z,MR-05,Home Quarter,charging,37.9,0.00,0
2026-06-16T19:10:00Z,MR-06,Home Quarter,applying,60.4,1.02,87
2026-06-16T19:15:00Z,MR-01,North 40,applying,55.7,1.06,85
2026-06-16T19:15:00Z,MR-02,Creekside,applying,92.9,0.91,83
2026-06-16T19:15:00Z,MR-03,Creekside,applying,41.3,0.72,92
2026-06-16T19:15:00Z,MR-04,Creekside,charging,43.2,0.00,0
2026-06-16T19:15:00Z,MR-05,Home Quarter,charging,40.3,0.00,0
2026-06-16T19:15:00Z,MR-06,Home Quarter,applying,59.9,0.93,99
2026-06-16T19:20:00Z,MR-01,North 40,applying,55.2,1.04,81
2026-06-16T19:20:00Z,MR-02,Creekside,applying,92.3,0.77,97
2026-06-16T19:20:00Z,MR-03,Creekside,applying,40.8,0.76,80
2026-06-16T19:20:00Z,MR-04,Creekside,charging,45.3,0.00,0
2026-06-16T19:20:00Z,MR-05,Home Quarter,charging,42.9,0.00,0
2026-06-16T19:20:00Z,MR-06,Home Quarter,applying,59.2,0.91,97
2026-06-16T19:25:00Z,MR-01,North 40,driving,54.8,0.00,188
2026-06-16T19:25:00Z,MR-02,Creekside,applying,91.7,0.99,96
2026-06-16T19:25:00Z,MR-03,Creekside,driving,40.3,0.00,204
2026-06-16T19:25:00Z,MR-04,Creekside,charging,47.5,0.00,0
2026-06-16T19:25:00Z,MR-05,Home Quarter,charging,45.3,0.00,0
2026-06-16T19:25:00Z,MR-06,Home Quarter,driving,58.7,0.00,198
2026-06-16T19:30:00Z,MR-01,North 40,applying,54.2,0.86,90
2026-06-16T19:30:00Z,MR-02,Creekside,applying,91.1,0.88,93
2026-06-16T19:30:00Z,MR-03,Creekside,applying,39.6,0.77,83
2026-06-16T19:30:00Z,MR-04,Creekside,charging,49.4,0.00,0
2026-06-16T19:30:00Z,MR-05,Home Quarter,charging,48.0,0.00,0
2026-06-16T19:30:00Z,MR-06,Home Quarter,driving,58.4,0.00,183
2026-06-16T19:35:00Z,MR-01,North 40,applying,53.6,0.99,95
2026-06-16T19:35:00Z,MR-02,Creekside,applying,90.5,1.02,86
2026-06-16T19:35:00Z,MR-03,Creekside,applying,39.0,0.85,87
2026-06-16T19:35:00Z,MR-04,Creekside,charging,51.5,0.00,0
2026-06-16T19:35:00Z,MR-05,Home Quarter,charging,50.6,0.00,0
2026-06-16T19:35:00Z,MR-06,Home Quarter,applying,57.7,0.82,87
2026-06-16T19:40:00Z,MR-01,North 40,applying,53.0,0.87,94
2026-06-16T19:40:00Z,MR-02,Creekside,applying,90.0,1.00,92
2026-06-16T19:40:00Z,MR-03,Creekside,applying,38.4,1.01,82
2026-06-16T19:40:00Z,MR-04,Creekside,charging,53.8,0.00,0
2026-06-16T19:40:00Z,MR-05,Home Quarter,charging,53.3,0.00,0
2026-06-16T19:40:00Z,MR-06,Home Quarter,driving,57.4,0.00,186
2026-06-16T19:45:00Z,MR-01,North 40,applying,52.5,0.76,92
2026-06-16T19:45:00Z,MR-02,Creekside,driving,89.5,0.00,205
2026-06-16T19:45:00Z,MR-03,Creekside,applying,37.7,0.97,83
2026-06-16T19:45:00Z,MR-04,Creekside,charging,55.7,0.00,0
2026-06-16T19:45:00Z,MR-05,Home Quarter,charging,55.8,0.00,0
2026-06-16T19:45:00Z,MR-06,Home Quarter,applying,56.8,0.85,88
2026-06-16T19:50:00Z,MR-01,North 40,applying,51.9,0.94,90
2026-06-16T19:50:00Z,MR-02,Creekside,applying,88.9,0.81,96
2026-06-16T19:50:00Z,MR-03,Creekside,applying,37.0,0.74,88
2026-06-16T19:50:00Z,MR-04,Creekside,charging,57.9,0.00,0
2026-06-16T19:50:00Z,MR-05,Home Quarter,charging,58.2,0.00,0
2026-06-16T19:50:00Z,MR-06,Home Quarter,applying,56.2,0.81,94
2026-06-16T19:55:00Z,MR-01,North 40,applying,51.2,1.07,93
2026-06-16T19:55:00Z,MR-02,Creekside,applying,88.3,0.89,98
2026-06-16T19:55:00Z,MR-03,Creekside,driving,36.5,0.00,199
2026-06-16T19:55:00Z,MR-04,Creekside,charging,59.9,0.00,0
2026-06-16T19:55:00Z,MR-05,Home Quarter,charging,61.0,0.00,0
2026-06-16T19:55:00Z,MR-06,Home Quarter,applying,55.6,1.04,88
2026-06-16T20:00:00Z,MR-01,North 40,applying,50.7,0.80,83
2026-06-16T20:00:00Z,MR-02,Creekside,applying,87.8,1.12,95
2026-06-16T20:00:00Z,MR-03,Creekside,applying,36.0,0.70,85
2026-06-16T20:00:00Z,MR-04,Creekside,charging,62.0,0.00,0
2026-06-16T20:00:00Z,MR-05,Home Quarter,charging,63.9,0.00,0
2026-06-16T20:00:00Z,MR-06,Home Quarter,applying,55.1,0.89,91
2026-06-16T20:05:00Z,MR-01,North 40,applying,50.2,1.00,83
2026-06-16T20:05:00Z,MR-02,Creekside,applying,87.3,0.87,82
2026-06-16T20:05:00Z,MR-03,Creekside,applying,35.5,0.68,100
2026-06-16T20:05:00Z,MR-04,Creekside,charging,64.1,0.00,0
2026-06-16T20:05:00Z,MR-05,Home Quarter,charging,66.2,0.00,0
2026-06-16T20:05:00Z,MR-06,Home Quarter,applying,54.4,0.74,91
2026-06-16T20:10:00Z,MR-01,North 40,applying,49.5,0.89,97
2026-06-16T20:10:00Z,MR-02,Creekside,applying,86.6,0.76,90
2026-06-16T20:10:00Z,MR-03,Creekside,applying,34.9,0.93,92
2026-06-16T20:10:00Z,MR-04,Creekside,charging,66.5,0.00,0
2026-06-16T20:10:00Z,MR-05,Home Quarter,charging,68.7,0.00,0
2026-06-16T20:10:00Z,MR-06,Home Quarter,applying,53.7,0.74,98
2026-06-16T20:15:00Z,MR-01,North 40,driving,49.0,0.00,176
2026-06-16T20:15:00Z,MR-02,Creekside,applying,86.0,1.01,82
2026-06-16T20:15:00Z,MR-03,Creekside,applying,34.3,0.78,98
2026-06-16T20:15:00Z,MR-04,Creekside,charging,68.4,0.00,0
2026-06-16T20:15:00Z,MR-05,Home Quarter,charging,71.3,0.00,0
2026-06-16T20:15:00Z,MR-06,Home Quarter,applying,53.2,0.89,81
2026-06-16T20:20:00Z,MR-01,North 40,applying,48.4,0.76,91
2026-06-16T20:20:00Z,MR-02,Creekside,applying,85.5,0.78,81
2026-06-16T20:20:00Z,MR-03,Creekside,applying,33.6,0.88,98
2026-06-16T20:20:00Z,MR-04,Creekside,charging,70.3,0.00,0
2026-06-16T20:20:00Z,MR-05,Home Quarter,charging,74.1,0.00,0
2026-06-16T20:20:00Z,MR-06,Home Quarter,applying,52.7,0.87,86
2026-06-16T20:25:00Z,MR-01,North 40,driving,48.1,0.00,179
2026-06-16T20:25:00Z,MR-02,Creekside,applying,84.9,0.92,80
2026-06-16T20:25:00Z,MR-03,Creekside,driving,33.2,0.00,209
2026-06-16T20:25:00Z,MR-04,Creekside,charging,72.6,0.00,0
2026-06-16T20:25:00Z,MR-05,Home Quarter,charging,76.5,0.00,0
2026-06-16T20:25:00Z,MR-06,Home Quarter,applying,52.2,0.86,97
2026-06-16T20:30:00Z,MR-01,North 40,applying,47.5,0.75,89
2026-06-16T20:30:00Z,MR-02,Creekside,applying,84.4,0.87,80
2026-06-16T20:30:00Z,MR-03,Creekside,applying,32.7,0.83,91
2026-06-16T20:30:00Z,MR-04,Creekside,charging,74.7,0.00,0
2026-06-16T20:30:00Z,MR-05,Home Quarter,charging,78.9,0.00,0
2026-06-16T20:30:00Z,MR-06,Home Quarter,driving,51.7,0.00,173
2026-06-16T20:35:00Z,MR-01,North 40,applying,46.9,1.01,100
2026-06-16T20:35:00Z,MR-02,Creekside,driving,84.0,0.00,163
2026-06-16T20:35:00Z,MR-03,Creekside,applying,32.0,0.87,88
2026-06-16T20:35:00Z,MR-04,Creekside,charging,77.1,0.00,0
2026-06-16T20:35:00Z,MR-05,Home Quarter,charging,81.6,0.00,0
2026-06-16T20:35:00Z,MR-06,Home Quarter,applying,51.1,0.78,85
2026-06-16T20:40:00Z,MR-01,North 40,applying,46.4,0.93,99
2026-06-16T20:40:00Z,MR-02,Creekside,applying,83.4,0.97,83
2026-06-16T20:40:00Z,MR-03,Creekside,driving,31.7,0.00,197
2026-06-16T20:40:00Z,MR-04,Creekside,charging,79.4,0.00,0
2026-06-16T20:40:00Z,MR-05,Home Quarter,charging,84.1,0.00,0
2026-06-16T20:40:00Z,MR-06,Home Quarter,applying,50.5,0.91,99
2026-06-16T20:45:00Z,MR-01,North 40,driving,46.0,0.00,207
2026-06-16T20:45:00Z,MR-02,Creekside,applying,82.8,1.08,92
2026-06-16T20:45:00Z,MR-03,Creekside,applying,31.1,1.00,86
2026-06-16T20:45:00Z,MR-04,Creekside,charging,81.5,0.00,0
2026-06-16T20:45:00Z,MR-05,Home Quarter,charging,86.6,0.00,0
2026-06-16T20:45:00Z,MR-06,Home Quarter,applying,49.9,0.76,83
2026-06-16T20:50:00Z,MR-01,North 40,applying,45.4,0.74,91
2026-06-16T20:50:00Z,MR-02,Creekside,driving,82.5,0.00,205
2026-06-16T20:50:00Z,MR-03,Creekside,applying,30.6,0.92,97
2026-06-16T20:50:00Z,MR-04,Creekside,charging,83.7,0.00,0
2026-06-16T20:50:00Z,MR-05,Home Quarter,charging,89.4,0.00,0
2026-06-16T20:50:00Z,MR-06,Home Quarter,applying,49.3,0.86,89
2026-06-16T20:55:00Z,MR-01,North 40,applying,44.9,0.87,92
2026-06-16T20:55:00Z,MR-02,Creekside,applying,81.9,0.92,83
2026-06-16T20:55:00Z,MR-03,Creekside,applying,30.0,0.89,91
2026-06-16T20:55:00Z,MR-04,Creekside,charging,85.8,0.00,0
2026-06-16T20:55:00Z,MR-05,Home Quarter,charging,91.7,0.00,0
2026-06-16T20:55:00Z,MR-06,Home Quarter,applying,48.7,1.02,81
2026-06-16T21:00:00Z,MR-01,North 40,applying,44.2,0.91,84
2026-06-16T21:00:00Z,MR-02,Creekside,applying,81.4,0.78,87
2026-06-16T21:00:00Z,MR-03,Creekside,applying,29.4,0.96,92
2026-06-16T21:00:00Z,MR-04,Creekside,charging,88.0,0.00,0
2026-06-16T21:00:00Z,MR-05,Home Quarter,charging,94.3,0.00,0
2026-06-16T21:00:00Z,MR-06,Home Quarter,applying,48.0,0.76,80
2026-06-16T21:05:00Z,MR-01,North 40,applying,43.7,0.89,98
2026-06-16T21:05:00Z,MR-02,Creekside,driving,81.0,0.00,158
2026-06-16T21:05:00Z,MR-03,Creekside,applying,28.8,0.92,82
2026-06-16T21:05:00Z,MR-04,Creekside,charging,90.3,0.00,0
2026-06-16T21:05:00Z,MR-05,Home Quarter,applying,93.7,0.93,81
2026-06-16T21:05:00Z,MR-06,Home Quarter,applying,47.5,0.86,97
2026-06-16T21:10:00Z,MR-01,North 40,applying,43.0,0.86,89
2026-06-16T21:10:00Z,MR-02,Creekside,applying,80.4,1.07,97
2026-06-16T21:10:00Z,MR-03,Creekside,applying,28.1,0.93,98
2026-06-16T21:10:00Z,MR-04,Creekside,charging,92.2,0.00,0
2026-06-16T21:10:00Z,MR-05,Home Quarter,applying,93.1,0.83,88
2026-06-16T21:10:00Z,MR-06,Home Quarter,applying,46.9,0.99,87
2026-06-16T21:15:00Z,MR-01,North 40,applying,42.4,0.73,82
2026-06-16T21:15:00Z,MR-02,Creekside,applying,79.8,0.97,83
2026-06-16T21:15:00Z,MR-03,Creekside,driving,27.6,0.00,180
2026-06-16T21:15:00Z,MR-04,Creekside,driving,91.9,0.00,163
2026-06-16T21:15:00Z,MR-05,Home Quarter,driving,92.6,0.00,158
2026-06-16T21:15:00Z,MR-06,Home Quarter,applying,46.4,0.77,98
2026-06-16T21:20:00Z,MR-01,North 40,applying,41.8,0.98,98
2026-06-16T21:20:00Z,MR-02,Creekside,applying,79.2,0.97,86
2026-06-16T21:20:00Z,MR-03,Creekside,applying,27.0,0.89,86
2026-06-16T21:20:00Z,MR-04,Creekside,applying,91.4,1.20,84
2026-06-16T21:20:00Z,MR-05,Home Quarter,applying,91.9,0.84,88
2026-06-16T21:20:00Z,MR-06,Home Quarter,applying,45.9,0.96,95
2026-06-16T21:25:00Z,MR-01,North 40,applying,41.3,0.94,90
2026-06-16T21:25:00Z,MR-02,Creekside,applying,78.7,1.04,98
2026-06-16T21:25:00Z,MR-03,Creekside,applying,26.4,0.78,87
2026-06-16T21:25:00Z,MR-04,Creekside,applying,90.8,1.34,93
2026-06-16T21:25:00Z,MR-05,Home Quarter,applying,91.3,1.02,91
2026-06-16T21:25:00Z,MR-06,Home Quarter,applying,45.2,1.05,98
2026-06-16T21:30:00Z,MR-01,North 40,applying,40.7,0.76,96
2026-06-16T21:30:00Z,MR-02,Creekside,applying,78.2,0.76,85
2026-06-16T21:30:00Z,MR-03,Creekside,applying,25.7,0.87,81
2026-06-16T21:30:00Z,MR-04,Creekside,applying,90.2,1.03,95
2026-06-16T21:30:00Z,MR-05,Home Quarter,applying,90.7,1.10,98
2026-06-16T21:30:00Z,MR-06,Home Quarter,applying,44.5,0.84,98
2026-06-16T21:35:00Z,MR-01,North 40,driving,40.4,0.00,206
2026-06-16T21:35:00Z,MR-02,Creekside,applying,77.6,0.78,98
2026-06-16T21:35:00Z,MR-03,Creekside,driving,25.3,0.00,204
2026-06-16T21:35:00Z,MR-04,Creekside,applying,89.5,1.24,93
2026-06-16T21:35:00Z,MR-05,Home Quarter,applying,90.2,1.17,91
2026-06-16T21:35:00Z,MR-06,Home Quarter,driving,44.1,0.00,193
2026-06-16T21:40:00Z,MR-01,North 40,applying,39.7,0.91,91
2026-06-16T21:40:00Z,MR-02,Creekside,applying,77.0,0.89,83
2026-06-16T21:40:00Z,MR-03,Creekside,applying,24.7,1.01,92
2026-06-16T21:40:00Z,MR-04,Creekside,applying,88.9,1.13,98
2026-06-16T21:40:00Z,MR-05,Home Quarter,applying,89.5,1.13,92
2026-06-16T21:40:00Z,MR-06,Home Quarter,applying,43.4,1.03,98
2026-06-16T21:45:00Z,MR-01,North 40,applying,39.1,1.02,97
2026-06-16T21:45:00Z,MR-02,Creekside,applying,76.3,1.11,88
2026-06-16T21:45:00Z,MR-03,Creekside,applying,24.1,0.96,94
2026-06-16T21:45:00Z,MR-04,Creekside,applying,88.2,1.13,88
2026-06-16T21:45:00Z,MR-05,Home Quarter,applying,88.9,0.84,93
2026-06-16T21:45:00Z,MR-06,Home Quarter,applying,42.8,0.84,89
2026-06-16T21:50:00Z,MR-01,North 40,applying,38.4,0.79,92
2026-06-16T21:50:00Z,MR-02,Creekside,applying,75.8,0.97,87
2026-06-16T21:50:00Z,MR-03,Creekside,driving,23.6,0.00,157
2026-06-16T21:50:00Z,MR-04,Creekside,applying,87.5,1.02,84
2026-06-16T21:50:00Z,MR-05,Home Quarter,driving,88.5,0.00,170
2026-06-16T21:50:00Z,MR-06,Home Quarter,applying,42.2,0.99,93
2026-06-16T21:55:00Z,MR-01,North 40,applying,37.9,0.85,88
2026-06-16T21:55:00Z,MR-02,Creekside,applying,75.2,1.09,84
2026-06-16T21:55:00Z,MR-03,Creekside,applying,22.9,0.91,88
2026-06-16T21:55:00Z,MR-04,Creekside,applying,86.9,1.28,93
2026-06-16T21:55:00Z,MR-05,Home Quarter,applying,87.8,0.87,84
2026-06-16T21:55:00Z,MR-06,Home Quarter,applying,41.6,0.71,92
2026-06-16T22:00:00Z,MR-01,North 40,applying,37.3,0.90,96
2026-06-16T22:00:00Z,MR-02,Creekside,applying,74.5,0.87,87
2026-06-16T22:00:00Z,MR-03,Creekside,applying,22.2,0.73,90
2026-06-16T22:00:00Z,MR-04,Creekside,applying,86.2,1.12,98
2026-06-16T22:00:00Z,MR-05,Home Quarter,applying,87.2,0.86,95
2026-06-16T22:00:00Z,MR-06,Home Quarter,applying,41.0,0.73,92
2026-06-16T22:05:00Z,MR-01,North 40,applying,36.7,1.04,96
2026-06-16T22:05:00Z,MR-02,Creekside,applying,74.0,1.01,91
2026-06-16T22:05:00Z,MR-03,Creekside,applying,21.7,0.91,95
2026-06-16T22:05:00Z,MR-04,Creekside,applying,85.6,0.99,92
2026-06-16T22:05:00Z,MR-05,Home Quarter,applying,86.6,1.15,95
2026-06-16T22:05:00Z,MR-06,Home Quarter,applying,40.4,0.82,96
2026-06-16T22:10:00Z,MR-01,North 40,driving,36.3,0.00,189
2026-06-16T22:10:00Z,MR-02,Creekside,applying,73.4,1.10,87
2026-06-16T22:10:00Z,MR-03,Creekside,applying,21.0,0.98,99
2026-06-16T22:10:00Z,MR-04,Creekside,driving,85.1,0.00,154
2026-06-16T22:10:00Z,MR-05,Home Quarter,driving,86.1,0.00,174
2026-06-16T22:10:00Z,MR-06,Home Quarter,applying,39.7,0.98,93
2026-06-16T22:15:00Z,MR-01,North 40,applying,35.7,1.04,95
2026-06-16T22:15:00Z,MR-02,Creekside,applying,72.8,0.77,97
2026-06-16T22:15:00Z,MR-03,Creekside,applying,20.5,0.92,98
2026-06-16T22:15:00Z,MR-04,Creekside,applying,84.5,1.14,95
2026-06-16T22:15:00Z,MR-05,Home Quarter,applying,85.4,1.00,92
2026-06-16T22:15:00Z,MR-06,Home Quarter,applying,39.1,0.89,83
2026-06-16T22:20:00Z,MR-01,North 40,applying,35.1,0.87,86
2026-06-16T22:20:00Z,MR-02,Creekside,applying,72.1,0.76,86
2026-06-16T22:20:00Z,MR-03,Creekside,applying,19.9,0.92,82
2026-06-16T22:20:00Z,MR-04,Creekside,driving,84.1,0.00,210
2026-06-16T22:20:00Z,MR-05,Home Quarter,applying,84.9,0.95,98
2026-06-16T22:20:00Z,MR-06,Home Quarter,applying,38.5,0.76,86
2026-06-16T22:25:00Z,MR-01,North 40,applying,34.6,0.84,92
2026-06-16T22:25:00Z,MR-02,Creekside,applying,71.6,1.03,93
2026-06-16T22:25:00Z,MR-03,Creekside,charging,22.9,0.00,0
2026-06-16T22:25:00Z,MR-04,Creekside,driving,83.7,0.00,164
2026-06-16T22:25:00Z,MR-05,Home Quarter,applying,84.3,0.91,82
2026-06-16T22:25:00Z,MR-06,Home Quarter,applying,37.9,0.80,88
2026-06-16T22:30:00Z,MR-01,North 40,applying,34.1,0.79,89
2026-06-16T22:30:00Z,MR-02,Creekside,applying,70.9,1.04,84
2026-06-16T22:30:00Z,MR-03,Creekside,charging,26.1,0.00,0
2026-06-16T22:30:00Z,MR-04,Creekside,applying,83.1,0.93,91
2026-06-16T22:30:00Z,MR-05,Home Quarter,applying,83.6,1.09,98
2026-06-16T22:30:00Z,MR-06,Home Quarter,applying,37.4,0.83,95
2026-06-16T22:35:00Z,MR-01,North 40,driving,33.7,0.00,153
2026-06-16T22:35:00Z,MR-02,Creekside,applying,70.4,0.91,86
2026-06-16T22:35:00Z,MR-03,Creekside,charging,28.8,0.00,0
2026-06-16T22:35:00Z,MR-04,Creekside,applying,82.5,1.01,98
2026-06-16T22:35:00Z,MR-05,Home Quarter,driving,83.3,0.00,179
2026-06-16T22:35:00Z,MR-06,Home Quarter,driving,37.0,0.00,197
2026-06-16T22:40:00Z,MR-01,North 40,applying,33.2,0.99,85
2026-06-16T22:40:00Z,MR-02,Creekside,applying,69.7,0.97,89
2026-06-16T22:40:00Z,MR-03,Creekside,charging,31.9,0.00,0
2026-06-16T22:40:00Z,MR-04,Creekside,driving,82.0,0.00,150
2026-06-16T22:40:00Z,MR-05,Home Quarter,applying,82.8,1.12,82
2026-06-16T22:40:00Z,MR-06,Home Quarter,driving,36.6,0.00,200
2026-06-16T22:45:00Z,MR-01,North 40,applying,32.6,1.06,100
2026-06-16T22:45:00Z,MR-02,Creekside,applying,69.2,1.01,84
2026-06-16T22:45:00Z,MR-03,Creekside,charging,35.0,0.00,0
2026-06-16T22:45:00Z,MR-04,Creekside,applying,81.4,0.98,82
2026-06-16T22:45:00Z,MR-05,Home Quarter,applying,82.1,1.02,85
2026-06-16T22:45:00Z,MR-06,Home Quarter,driving,36.2,0.00,176
2026-06-16T22:50:00Z,MR-01,North 40,driving,32.1,0.00,181
2026-06-16T22:50:00Z,MR-02,Creekside,applying,68.6,0.91,95
2026-06-16T22:50:00Z,MR-03,Creekside,charging,37.6,0.00,0
2026-06-16T22:50:00Z,MR-04,Creekside,driving,80.9,0.00,193
2026-06-16T22:50:00Z,MR-05,Home Quarter,applying,81.6,0.87,93
2026-06-16T22:50:00Z,MR-06,Home Quarter,applying,35.5,0.88,91
2026-06-16T22:55:00Z,MR-01,North 40,applying,31.6,0.74,83
2026-06-16T22:55:00Z,MR-02,Creekside,applying,68.1,1.08,85
2026-06-16T22:55:00Z,MR-03,Creekside,charging,40.8,0.00,0
2026-06-16T22:55:00Z,MR-04,Creekside,applying,80.4,1.10,83
2026-06-16T22:55:00Z,MR-05,Home Quarter,applying,81.0,0.81,97
2026-06-16T22:55:00Z,MR-06,Home Quarter,applying,34.8,0.97,88
2026-06-16T23:00:00Z,MR-01,North 40,applying,31.1,1.00,86
2026-06-16T23:00:00Z,MR-02,Creekside,applying,67.4,0.85,82
2026-06-16T23:00:00Z,MR-03,Creekside,charging,43.9,0.00,0
2026-06-16T23:00:00Z,MR-04,Creekside,applying,79.8,1.13,99
2026-06-16T23:00:00Z,MR-05,Home Quarter,applying,80.3,0.90,84
2026-06-16T23:00:00Z,MR-06,Home Quarter,applying,34.1,0.80,91
2026-06-16T23:05:00Z,MR-01,North 40,applying,30.4,0.73,95
2026-06-16T23:05:00Z,MR-02,Creekside,applying,66.7,0.89,91
2026-06-16T23:05:00Z,MR-03,Creekside,charging,47.1,0.00,0
2026-06-16T23:05:00Z,MR-04,Creekside,applying,79.2,1.28,81
2026-06-16T23:05:00Z,MR-05,Home Quarter,applying,79.7,1.07,94
2026-06-16T23:05:00Z,MR-06,Home Quarter,applying,33.6,0.73,93
2026-06-16T23:10:00Z,MR-01,North 40,applying,29.8,0.73,94
2026-06-16T23:10:00Z,MR-02,Creekside,applying,66.2,1.08,97
2026-06-16T23:10:00Z,MR-03,Creekside,charging,49.9,0.00,0
2026-06-16T23:10:00Z,MR-04,Creekside,applying,78.6,1.15,85
2026-06-16T23:10:00Z,MR-05,Home Quarter,applying,79.2,0.83,95
2026-06-16T23:10:00Z,MR-06,Home Quarter,applying,33.0,0.75,82
2026-06-16T23:15:00Z,MR-01,North 40,applying,29.2,0.94,93
2026-06-16T23:15:00Z,MR-02,Creekside,applying,65.5,0.85,81
2026-06-16T23:15:00Z,MR-03,Creekside,charging,52.6,0.00,0
2026-06-16T23:15:00Z,MR-04,Creekside,applying,78.1,1.08,80
2026-06-16T23:15:00Z,MR-05,Home Quarter,applying,78.5,1.15,98
2026-06-16T23:15:00Z,MR-06,Home Quarter,applying,32.3,0.99,98
2026-06-16T23:20:00Z,MR-01,North 40,applying,28.5,1.00,86
2026-06-16T23:20:00Z,MR-02,Creekside,applying,64.9,0.82,85
2026-06-16T23:20:00Z,MR-03,Creekside,charging,55.7,0.00,0
2026-06-16T23:20:00Z,MR-04,Creekside,applying,77.5,1.03,97
2026-06-16T23:20:00Z,MR-05,Home Quarter,applying,77.9,1.03,92
2026-06-16T23:20:00Z,MR-06,Home Quarter,applying,31.7,0.93,98
2026-06-16T23:25:00Z,MR-01,North 40,applying,27.8,1.03,89
2026-06-16T23:25:00Z,MR-02,Creekside,applying,64.2,1.03,93
2026-06-16T23:25:00Z,MR-03,Creekside,charging,58.6,0.00,0
2026-06-16T23:25:00Z,MR-04,Creekside,driving,77.1,0.00,205
2026-06-16T23:25:00Z,MR-05,Home Quarter,applying,77.2,0.90,96
2026-06-16T23:25:00Z,MR-06,Home Quarter,applying,31.1,0.99,97
2026-06-16T23:30:00Z,MR-01,North 40,applying,27.2,1.02,85
2026-06-16T23:30:00Z,MR-02,Creekside,applying,63.7,1.13,81
2026-06-16T23:30:00Z,MR-03,Creekside,charging,61.7,0.00,0
2026-06-16T23:30:00Z,MR-04,Creekside,applying,76.6,1.04,86
2026-06-16T23:30:00Z,MR-05,Home Quarter,applying,76.6,0.86,93
2026-06-16T23:30:00Z,MR-06,Home Quarter,applying,30.5,0.99,97
2026-06-16T23:35:00Z,MR-01,North 40,applying,26.6,0.73,95
2026-06-16T23:35:00Z,MR-02,Creekside,applying,63.1,0.97,98
2026-06-16T23:35:00Z,MR-03,Creekside,charging,64.9,0.00,0
2026-06-16T23:35:00Z,MR-04,Creekside,applying,76.0,1.26,89
2026-06-16T23:35:00Z,MR-05,Home Quarter,applying,76.0,1.09,97
2026-06-16T23:35:00Z,MR-06,Home Quarter,applying,29.9,0.84,89
2026-06-16T23:40:00Z,MR-01,North 40,applying,26.0,1.00,87
2026-06-16T23:40:00Z,MR-02,Creekside,applying,62.4,0.91,91
2026-06-16T23:40:00Z,MR-03,Creekside,charging,68.1,0.00,0
2026-06-16T23:40:00Z,MR-04,Creekside,applying,75.4,1.15,87
2026-06-16T23:40:00Z,MR-05,Home Quarter,applying,75.4,1.15,95
2026-06-16T23:40:00Z,MR-06,Home Quarter,applying,29.2,0.91,80
2026-06-16T23:45:00Z,MR-01,North 40,applying,25.4,1.01,91
2026-06-16T23:45:00Z,MR-02,Creekside,applying,61.8,0.93,87
2026-06-16T23:45:00Z,MR-03,Creekside,charging,70.9,0.00,0
2026-06-16T23:45:00Z,MR-04,Creekside,applying,74.8,1.20,83
2026-06-16T23:45:00Z,MR-05,Home Quarter,applying,74.7,1.19,92
2026-06-16T23:45:00Z,MR-06,Home Quarter,applying,28.6,0.84,87
2026-06-16T23:50:00Z,MR-01,North 40,driving,25.1,0.00,162
2026-06-16T23:50:00Z,MR-02,Creekside,applying,61.2,0.83,89
2026-06-16T23:50:00Z,MR-03,Creekside,charging,73.6,0.00,0
2026-06-16T23:50:00Z,MR-04,Creekside,applying,74.1,1.11,97
2026-06-16T23:50:00Z,MR-05,Home Quarter,applying,74.0,0.95,97
2026-06-16T23:50:00Z,MR-06,Home Quarter,applying,28.1,0.89,88
2026-06-16T23:55:00Z,MR-01,North 40,applying,24.4,1.07,90
2026-06-16T23:55:00Z,MR-02,Creekside,driving,60.9,0.00,183
2026-06-16T23:55:00Z,MR-03,Creekside,charging,76.8,0.00,0
2026-06-16T23:55:00Z,MR-04,Creekside,applying,73.6,1.27,98
2026-06-16T23:55:00Z,MR-05,Home Quarter,applying,73.4,1.03,95
2026-06-16T23:55:00Z,MR-06,Home Quarter,driving,27.8,0.00,179
